ESP-ROM:esp32s3-20210327
Build:Mar 27 2021
rst:0x1 (POWERON),boot:0x8 (SPI_FAST_FLASH_BOOT)
SPIWP:0xee
mode:DIO, clock div:1
load:0x3fce2810,len:0x1564
load:0x403c8700,len:0x4
load:0x403c8704,len:0xd24
load:0x403cb700,len:0x2ed4
entry 0x403c8928
[0;32mI (27) boot: ESP-IDF v5.4.2 2nd stage bootloader[0m
[0;32mI (27) boot: compile time May  7 2026 17:56:07[0m
[0;32mI (27) boot: Multicore bootloader[0m
[0;32mI (27) boot: chip revision: v0.2[0m
[0;32mI (30) boot: efuse block revision: v1.3[0m
[0;32mI (33) boot.esp32s3: Boot SPI Speed : 80MHz[0m
[0;32mI (37) boot.esp32s3: SPI Mode       : DIO[0m
[0;32mI (41) boot.esp32s3: SPI Flash Size : 2MB[0m
[0;32mI (45) boot: Enabling RNG early entropy source...[0m
[0;32mI (49) boot: Partition Table:[0m
[0;32mI (52) boot: ## Label            Usage          Type ST Offset   Length[0m
[0;32mI (58) boot:  0 nvs              WiFi data        01 02 00009000 00006000[0m
[0;32mI (65) boot:  1 phy_init         RF data          01 01 0000f000 00001000[0m
[0;32mI (71) boot:  2 factory          factory app      00 00 00010000 00100000[0m
[0;32mI (78) boot: End of partition table[0m
[0;32mI (81) esp_image: segment 0: paddr=00010020 vaddr=3c020020 size=0b878h ( 47224) map[0m
[0;32mI (97) esp_image: segment 1: paddr=0001b8a0 vaddr=3fc92a00 size=02a38h ( 10808) load[0m
[0;32mI (99) esp_image: segment 2: paddr=0001e2e0 vaddr=40374000 size=01d38h (  7480) load[0m
[0;32mI (105) esp_image: segment 3: paddr=00020020 vaddr=42000020 size=1b528h (111912) map[0m
[0;32mI (131) esp_image: segment 4: paddr=0003b550 vaddr=40375d38 size=0cc00h ( 52224) load[0m
[0;32mI (142) esp_image: segment 5: paddr=00048158 vaddr=600fe000 size=0001ch (    28) load[0m
[0;32mI (148) boot: Loaded app from partition at offset 0x10000[0m
[0;32mI (148) boot: Disabling RNG early entropy source...[0m
[0;32mI (160) cpu_start: Multicore app[0m
[0;32mI (169) cpu_start: Pro cpu start user code[0m
[0;32mI (169) cpu_start: cpu freq: 160000000 Hz[0m
[0;32mI (169) app_init: Application information:[0m
[0;32mI (169) app_init: Project name:     esp32_wire_scan[0m
[0;32mI (174) app_init: App version:      1[0m
[0;32mI (177) app_init: Compile time:     May  7 2026 17:54:44[0m
[0;32mI (182) app_init: ELF file SHA256:  e309648c0...[0m
[0;32mI (186) app_init: ESP-IDF:          v5.4.2[0m
[0;32mI (190) efuse_init: Min chip rev:     v0.0[0m
[0;32mI (194) efuse_init: Max chip rev:     v0.99 [0m
[0;32mI (198) efuse_init: Chip rev:         v0.2[0m
[0;32mI (202) heap_init: Initializing. RAM available for dynamic allocation:[0m
[0;32mI (208) heap_init: At 3FC95D28 len 000539E8 (334 KiB): RAM[0m
[0;32mI (213) heap_init: At 3FCE9710 len 00005724 (21 KiB): RAM[0m
[0;32mI (218) heap_init: At 3FCF0000 len 00008000 (32 KiB): DRAM[0m
[0;32mI (224) heap_init: At 600FE01C len 00001FCC (7 KiB): RTCRAM[0m
[0;32mI (230) spi_flash: detected chip: gd[0m
[0;32mI (232) spi_flash: flash io: dio[0m
[0;33mW (235) spi_flash: Detected size(16384k) larger than the size in the binary image header(2048k). Using the size in the binary image header.[0m
[0;32mI (248) sleep_gpio: Configure to isolate all GPIO pins in sleep state[0m
[0;32mI (254) sleep_gpio: Enable automatic switching of GPIO sleep configuration[0m
[0;32mI (261) main_task: Started on CPU0[0m
[0;32mI (280) main_task: Calling app_main()[0m
[1;31mE (281) i2c.master: I2C transaction unexpected nack detected[0m
[1;31mE (282) i2c.master: s_i2c_synchronous_transaction(945): I2C transaction failed[0m
[1;31mE (285) i2c.master: i2c_master_transmit_receive(1241): I2C transaction failed[0m
ESP_ERROR_CHECK failed: esp_err_t 0x103 (ESP_ERR_INVALID_STATE) at 0x4200a0cf
file: "./main/max30102_ppg.c" line 48
func: max30102_init
expression: reg_read(REG_PART_ID, &pid, 1)

abort() was called at PC 0x4037a05b on core 0


Backtrace: 0x40375a75:0x3fc98360 0x4037a065:0x3fc98380 0x403808b5:0x3fc983a0 0x4037a05b:0x3fc98410 0x4200a0cf:0x3fc98440 0x4200a27e:0x3fc98480 0x4201ad67:0x3fc98610 0x4037aa9d:0x3fc98640




ELF file SHA256: e309648c0

Rebooting...
ESP-ROM:esp32s3-20210327
Build:Mar 27 2021
rst:0xc (RTC_SW_CPU_RST),boot:0x8 (SPI_FAST_FLASH_BOOT)
Saved PC:0x403759b4
SPIWP:0xee
mode:DIO, clock div:1
load:0x3fce2810,len:0x1564
load:0x403c8700,len:0x4
load:0x403c8704,len:0xd24
load:0x403cb700,len:0x2ed4
entry 0x403c8928
[0;32mI (31) boot: ESP-IDF v5.4.2 2nd stage bootloader[0m
[0;32mI (31) boot: compile time May  7 2026 17:56:07[0m
[0;32mI (31) boot: Multicore bootloader[0m
[0;32mI (31) boot: chip revision: v0.2[0m
[0;32mI (34) boot: efuse block revision: v1.3[0m
[0;32mI (38) boot.esp32s3: Boot SPI Speed : 80MHz[0m
[0;32mI (42) boot.esp32s3: SPI Mode       : DIO[0m
[0;32mI (45) boot.esp32s3: SPI Flash Size : 2MB[0m
[0;32mI (49) boot: Enabling RNG early entropy source...[0m
[0;32mI (54) boot: Partition Table:[0m
[0;32mI (56) boot: ## Label            Usage          Type ST Offset   Length[0m
[0;32mI (63) boot:  0 nvs              WiFi data        01 02 00009000 00006000[0m
[0;32mI (69) boot:  1 phy_init         RF data          01 01 0000f000 00001000[0m
[0;32mI (76) boot:  2 factory          factory app      00 00 00010000 00100000[0m
[0;32mI (82) boot: End of partition table[0m
[0;32mI (85) esp_image: segment 0: paddr=00010020 vaddr=3c020020 size=0b878h ( 47224) map[0m
[0;32mI (101) esp_image: segment 1: paddr=0001b8a0 vaddr=3fc92a00 size=02a38h ( 10808) load[0m
[0;32mI (104) esp_image: segment 2: paddr=0001e2e0 vaddr=40374000 size=01d38h (  7480) load[0m
[0;32mI (110) esp_image: segment 3: paddr=00020020 vaddr=42000020 size=1b528h (111912) map[0m
[0;32mI (135) esp_image: segment 4: paddr=0003b550 vaddr=40375d38 size=0cc00h ( 52224) load[0m
[0;32mI (147) esp_image: segment 5: paddr=00048158 vaddr=600fe000 size=0001ch (    28) load[0m
[0;32mI (153) boot: Loaded app from partition at offset 0x10000[0m
[0;32mI (153) boot: Disabling RNG early entropy source...[0m
[0;32mI (164) cpu_start: Multicore app[0m
[0;32mI (174) cpu_start: Pro cpu start user code[0m
[0;32mI (174) cpu_start: cpu freq: 160000000 Hz[0m
[0;32mI (174) app_init: Application information:[0m
[0;32mI (174) app_init: Project name:     esp32_wire_scan[0m
[0;32mI (178) app_init: App version:      1[0m
[0;32mI (182) app_init: Compile time:     May  7 2026 17:54:44[0m
[0;32mI (187) app_init: ELF file SHA256:  e309648c0...[0m
[0;32mI (191) app_init: ESP-IDF:          v5.4.2[0m
[0;32mI (195) efuse_init: Min chip rev:     v0.0[0m
[0;32mI (199) efuse_init: Max chip rev:     v0.99 [0m
[0;32mI (203) efuse_init: Chip rev:         v0.2[0m
[0;32mI (207) heap_init: Initializing. RAM available for dynamic allocation:[0m
[0;32mI (213) heap_init: At 3FC95D28 len 000539E8 (334 KiB): RAM[0m
[0;32mI (218) heap_init: At 3FCE9710 len 00005724 (21 KiB): RAM[0m
[0;32mI (223) heap_init: At 3FCF0000 len 00008000 (32 KiB): DRAM[0m
[0;32mI (228) heap_init: At 600FE01C len 00001FCC (7 KiB): RTCRAM[0m
[0;32mI (235) spi_flash: detected chip: gd[0m
[0;32mI (237) spi_flash: flash io: dio[0m
[0;33mW (240) spi_flash: Detected size(16384k) larger than the size in the binary image header(2048k). Using the size in the binary image header.[0m
[0;32mI (252) sleep_gpio: Configure to isolate all GPIO pins in sleep state[0m
[0;32mI (258) sleep_gpio: Enable automatic switching of GPIO sleep configuration[0m
[0;32mI (265) main_task: Started on CPU0[0m
[0;32mI (284) main_task: Calling app_main()[0m
[0;32mI (286) ppg: Part ID: 0x15 (expected 0x15)[0m
[0;32mI (307) ppg: Streaming PPG at ~100 Hz. CSV columns: ir_raw,ir_ac,red_raw,bpm[0m
2184,2096.6,1774,0.0
2178,2007.0,1774,0.0
2179,1927.7,1775,0.0
2182,1853.5,1774,0.0
2179,1776.4,1774,0.0
2179,1705.4,1775,0.0
2177,1635.3,1773,0.0
2175,1567.9,1774,0.0
2178,1508.1,1774,0.0
2179,1448.7,1773,0.0
2175,1386.9,1772,0.0
2179,1335.3,1773,0.0
2176,1279.0,1776,0.0
2176,1227.8,1775,0.0
2176,1178.7,1776,0.0
2177,1132.5,1775,0.0
2176,1086.3,1775,0.0
2178,1044.7,1776,0.0
2180,1004.9,1774,0.0
2178,962.8,1775,0.0
2178,924.3,1775,0.0
2180,889.2,1776,0.0
2176,849.8,1777,0.0
2178,817.7,1773,0.0
2179,786.0,1776,0.0
2177,752.6,1774,0.0
2175,720.6,1776,0.0
2176,692.7,1774,0.0
2176,665.0,1775,0.0
2179,641.3,1773,0.0
2176,612.8,1774,0.0
2174,586.3,1775,0.0
2177,565.8,1775,0.0
2180,546.0,1776,0.0
2178,522.3,1774,0.0
2174,497.5,1776,0.0
2176,479.5,1772,0.0
2177,461.3,1776,0.0
2178,443.8,1775,0.0
2178,426.1,1775,0.0
2176,407.1,1774,0.0
2176,390.8,1776,0.0
2176,375.2,1777,0.0
2177,361.1,1776,0.0
2178,347.7,1773,0.0
2175,330.9,1773,0.0
2174,316.7,1774,0.0
2177,306.9,1776,0.0
2177,294.6,1775,0.0
2178,283.8,1773,0.0
2179,273.4,1776,0.0
2179,262.5,1776,0.0
2178,251.0,1774,0.0
2178,241.0,1775,0.0
2177,230.4,1777,0.0
2177,221.2,1777,0.0
2176,211.3,1775,0.0
2177,203.9,1773,0.0
2177,195.7,1773,0.0
2176,186.9,1775,0.0
2178,181.4,1775,0.0
2182,177.9,1774,0.0
2177,166.0,1775,0.0
2173,155.5,1775,0.0
2174,150.3,1775,0.0
2175,145.2,1774,0.0
2173,137.5,1775,0.0
2177,135.8,1776,0.0
2178,131.4,1775,0.0
2175,123.2,1775,0.0
2176,119.3,1776,0.0
2176,114.5,1776,0.0
2176,109.9,1773,0.0
2178,107.4,1774,0.0
2174,99.3,1777,0.0
2177,98.2,1777,0.0
2179,96.2,1775,0.0
2174,87.5,1775,0.0
2180,89.8,1778,0.0
2180,86.2,1776,0.0
2178,80.8,1776,0.0
2176,75.7,1778,0.0
2178,74.6,1777,0.0
2180,73.5,1777,0.0
2176,66.7,1777,0.0
2176,64.1,1774,0.0
2178,63.4,1777,0.0
2176,59.0,1775,0.0
2109,-7.7,1720,0.0
2003,-109.2,1621,0.0
1887,-216.2,1528,0.0
1855,-238.2,1515,0.0
1929,-157.7,1602,0.0
2116,28.2,1753,0.0
2190,98.1,1765,0.0
2168,73.0,1773,0.0
2139,42.3,1773,0.0
2116,18.5,1722,0.0
2336,229.0,1820,0.0
1812,-283.2,1486,0.0
1249,-812.4,943,0.0
1088,-934.4,745,0.0
1011,-971.0,653,0.0
982,-960.0,621,0.0
970,-933.1,606,0.0
968,-897.7,603,0.0
965,-864.7,602,0.0
966,-829.1,600,0.0
964,-797.9,600,0.0
965,-765.0,599,0.0
963,-736.3,598,0.0
964,-705.9,599,0.0
962,-679.6,602,0.0
963,-651.5,602,0.0
965,-623.5,597,0.0
964,-599.5,597,0.0
963,-576.5,600,0.0
963,-553.4,599,0.0
965,-529.4,598,0.0
963,-510.1,602,0.0
963,-489.7,601,0.0
961,-472.0,599,0.0
962,-452.2,600,0.0
962,-434.1,598,0.0
962,-416.7,599,0.0
962,-400.1,600,0.0
962,-384.1,596,0.0
964,-366.8,600,0.0
964,-352.1,599,0.0
966,-336.1,600,0.0
967,-321.7,599,0.0
968,-307.9,601,0.0
965,-298.4,602,0.0
966,-285.5,600,0.0
965,-275.1,602,0.0
967,-262.2,603,0.0
965,-253.6,602,0.0
966,-242.5,603,0.0
963,-235.7,602,0.0
965,-224.3,601,0.0
962,-218.2,600,0.0
965,-206.6,604,0.0
964,-199.3,603,0.0
965,-190.4,602,0.0
966,-181.8,602,0.0
965,-175.5,604,0.0
965,-168.5,603,0.0
965,-161.7,601,0.0
965,-155.3,603,0.0
966,-148.1,603,0.0
968,-140.3,606,0.0
969,-133.7,600,0.0
971,-126.4,604,0.0
970,-122.3,605,0.0
974,-113.6,604,0.0
974,-109.0,609,0.0
973,-105.6,606,0.0
974,-100.5,609,0.0
976,-94.5,609,0.0
975,-91.7,610,0.0
978,-85.1,613,0.0
977,-82.7,614,0.0
972,-84.2,611,0.0
966,-86.6,613,0.0
967,-82.2,622,0.0
976,-70.2,642,0.0
991,-53.0,673,0.0
1036,-7.7,745,0.0
1073,28.1,819,0.0
1078,31.8,869,0.0
1128,78.5,955,0.0
1143,89.8,1011,0.0
1120,64.1,1006,0.0
1077,20.3,961,0.0
1057,0.3,932,0.0
1101,42.5,1025,0.0
1151,88.8,1105,0.0
1295,223.5,1307,0.0
1415,329.7,1451,0.0
1470,369.3,1522,0.0
1508,391.1,1579,0.0
1533,399.4,1613,0.0
1754,595.6,1859,0.0
1981,789.7,2121,0.0
2207,975.1,2362,0.0
2630,1342.1,2796,0.0
2584,1244.3,2799,0.0
2668,1275.2,2914,0.0
2762,1314.4,3062,0.0
2365,880.7,2678,0.0
1877,377.0,2130,0.0
1715,206.4,1927,0.0
1770,250.9,1991,0.0
1799,268.7,2047,0.0
1753,213.8,2020,0.0
1740,192.8,2035,0.0
1815,257.1,2164,0.0
1846,276.6,2225,0.0
1739,162.8,2103,0.0
1810,224.4,2206,0.0
1929,329.7,2358,0.0
2130,509.5,2585,0.0
2457,803.0,2959,0.0
3334,1612.8,3924,0.0
4732,2890.4,5375,0.0
6736,4698.6,7297,0.0
10079,7719.9,10391,0.0
13958,11135.0,13837,0.0
19441,15953.3,18461,0.0
24097,19784.9,22434,0.0
27497,22257.5,25147,0.0
34069,27676.3,30499,0.0
40841,33070.4,36080,0.0
49878,40423.1,43412,0.0
63515,51897.7,54589,0.0
72391,58342.7,62258,0.0
69704,53429.5,60122,0.0
62900,44760.5,54386,0.0
53594,34036.3,46627,0.0
48096,27396.8,41609,0.0
53502,31490.6,45737,0.0
71271,47289.3,60752,0.0
98883,71905.2,86225,0.0
108248,78019.4,101863,0.0
95951,63093.5,98496,0.0
87869,52811.0,93606,0.0
83564,46565.8,90714,0.0
80483,41745.4,88314,0.0
78078,37766.8,86480,0.0
76650,34885.2,85407,0.0
75851,32722.8,84791,0.0
74650,30260.9,83769,0.0
74147,28567.6,83378,0.0
73672,26968.9,82996,0.0
73350,25581.0,82733,0.0
73567,24766.1,82938,0.0
73311,23529.7,82771,0.0
73293,22571.2,82785,0.0
73317,21691.4,82829,0.0
73287,20794.9,82865,0.0
73143,19824.9,82796,0.0
73302,19184.6,82965,0.0
73270,18386.5,83046,0.0
72982,17374.5,82835,0.0
72950,16648.8,82842,0.0
72753,15793.7,82699,0.0
72651,15064.1,82590,0.0
72577,14390.5,82513,0.0
72481,13722.7,82433,0.0
72495,13187.2,82461,0.0
72263,12437.0,82270,0.0
72202,11881.0,82234,0.0
72114,11321.2,82199,0.0
72026,10783.9,82116,0.0
72005,10332.4,82131,0.0
71929,9846.1,82072,0.0
71843,9369.7,82010,0.0
71804,8957.5,81972,0.0
71854,8647.2,82010,0.0
71809,8258.1,81978,0.0
71710,7832.8,82233,0.0
71659,7470.5,82355,0.0
71664,7176.5,82385,0.0
71625,6852.0,82334,0.0
71589,6543.3,82282,0.0
71571,6264.3,82256,0.0
71570,6012.8,82266,0.0
71568,5770.4,82250,0.0
71529,5502.1,82220,0.0
71567,5318.5,82279,0.0
71546,5085.6,82280,0.0
71527,4863.9,82266,0.0
71569,4709.7,82292,0.0
71515,4469.5,82237,0.0
71486,4262.9,82208,0.0
71538,4142.3,82244,0.0
71510,3949.7,82212,0.0
71499,3781.1,82205,0.0
71523,3652.9,82266,0.0
71544,3527.0,82292,0.0
71559,3400.3,82290,0.0
71502,3209.6,82206,0.0
71449,3030.3,82145,0.0
71482,2940.8,82167,0.0
71471,2812.6,82163,0.0
71371,2604.1,82060,0.0
71334,2464.4,82041,0.0
71358,2388.9,82069,0.0
71383,2317.3,82083,0.0
71327,2170.9,82036,0.0
71331,2087.9,82020,0.0
71377,2048.5,82058,0.0
71376,1965.6,82061,0.0
71388,1898.5,82060,0.0
71379,1813.9,82051,0.0
71369,1731.8,82055,0.0
71430,1721.1,82162,0.0
71424,1646.5,82154,0.0
71428,1584.4,82122,0.0
71456,1547.9,82135,0.0
71394,1426.5,82068,0.0
71367,1343.5,82029,0.0
71302,1227.4,81967,0.0
71299,1175.4,81976,0.0
71351,1178.3,82049,0.0
71335,1115.8,82019,0.0
71331,1067.4,81999,0.0
71338,1031.4,82003,0.0
71316,969.0,81978,0.0
71310,924.5,81971,0.0
71318,895.2,81975,0.0
71307,848.8,81965,0.0
71272,781.3,81931,0.0
71310,786.5,82011,0.0
71309,754.1,82013,0.0
71248,665.3,81931,0.0
71255,645.5,81911,0.0
71240,605.2,81884,0.0
71177,520.5,81818,0.0
71132,456.5,81767,0.0
71120,426.7,81759,0.0
71125,414.5,81794,0.0
71118,391.2,81788,0.0
71125,382.2,81784,0.0
71100,343.0,81747,0.0
71059,289.9,81698,0.0
71058,277.3,81681,0.0
71075,282.5,81702,0.0
71031,229.0,81648,0.0
71004,193.9,81622,0.0
71005,187.1,81642,0.0
71075,246.8,81761,0.0
71091,252.3,81770,0.0
71073,225.0,81737,0.0
71100,241.9,81738,0.0
71088,220.7,81712,0.0
71046,171.5,81658,0.0
71027,146.4,81628,0.0
71030,143.5,81652,0.0
71035,142.5,81671,0.0
71050,151.2,81682,0.0
71029,125.0,81658,0.0
71028,119.0,81639,0.0
71006,93.2,81605,0.0
70967,52.0,81554,0.0
70940,24.0,81525,0.0
70978,59.5,81561,0.0
70959,38.9,81547,0.0
70944,22.9,81515,0.0
71030,104.6,81648,0.0
71038,108.1,81671,0.0
71008,75.0,81622,0.0
71003,67.2,81581,0.0
70988,50.1,81548,0.0
70942,3.9,81498,0.0
70930,-7.8,81470,0.0
70950,11.8,81506,0.0
70967,27.6,81546,0.0
70984,42.8,81568,0.0
71005,61.3,81578,0.0
71026,79.0,81589,0.0
71006,56.6,81557,0.0
71026,73.6,81569,0.0
71020,64.9,81569,0.0
71047,88.2,81587,0.0
71041,78.9,81577,0.0
71005,41.2,81539,0.0
71067,99.0,81618,0.0
71128,153.6,81704,0.0
71106,126.4,81665,0.0
71112,127.1,81641,0.0
71137,146.0,81651,0.0
71118,121.9,81612,0.0
71131,129.5,81615,0.0
71127,120.5,81627,0.0
71122,110.9,81643,0.0
71138,121.8,81658,0.0
71123,102.5,81644,0.0
71147,121.5,81652,0.0
71127,97.4,81624,0.0
71099,66.6,81587,0.0
71103,67.8,81593,0.0
71139,99.7,81621,0.0
71118,75.5,81609,0.0
71065,21.6,81551,0.0
71052,8.3,81547,0.0
71055,10.8,81571,0.0
71034,-9.8,81531,0.0
71038,-5.5,81519,0.0
71037,-6.3,81507,0.0
71047,3.6,81503,0.0
71029,-13.9,81475,0.0
71034,-8.5,81483,0.0
71060,16.8,81534,0.0
71014,-28.0,81494,0.0
71078,34.5,81555,0.0
71112,65.8,81581,0.0
71092,44.0,81550,0.0
71091,41.2,81548,0.0
71128,75.1,81581,0.0
71128,72.1,81590,0.0
71112,53.9,81575,0.0
71127,66.1,81581,0.0
71132,68.3,81601,0.0
71150,82.8,81629,0.0
71158,87.2,81619,0.0
71145,71.2,81595,0.0
71177,99.1,81622,0.0
71160,78.8,81596,0.0
71116,33.4,81563,0.0
71108,24.4,81546,0.0
71097,12.9,81547,0.0
71073,-10.7,81532,0.0
71075,-8.4,81535,0.0
71090,6.4,81538,0.0
71074,-9.2,81525,0.0
71089,5.5,81541,0.0
71124,38.9,81571,0.0
71118,31.6,81567,0.0
71108,20.7,81565,0.0
71068,-18.5,81521,0.0
71072,-13.9,81517,0.0
71102,15.4,81563,0.0
71077,-9.2,81527,0.0
71080,-5.9,81516,0.0
71078,-7.6,81519,0.0
71077,-8.3,81515,0.0
71081,-4.1,81521,0.0
71033,-50.0,81484,0.0
71050,-31.7,81505,0.0
71068,-13.1,81528,0.0
71073,-7.8,81539,0.0
71082,1.1,81535,0.0
71085,4.0,81536,0.0
71059,-21.1,81510,0.0
71065,-14.5,81519,0.0
71089,9.1,81543,0.0
71080,0.1,81535,0.0
71096,15.4,81553,0.0
71103,21.6,81560,0.0
71110,27.4,81579,0.0
71097,13.8,81538,0.0
71068,-14.6,81496,0.0
70956,-121.5,81354,0.0
70387,-662.9,80709,0.0
72966,1839.5,83437,0.0
90833,18918.2,92570,0.0
32922,-37433.1,31416,0.0
6291,-61501.5,6091,0.0
2371,-62804.6,2155,0.0
1603,-61029.7,1302,0.0
1273,-58905.3,945,0.0
1147,-56670.1,811,0.0
1099,-54449.4,758,0.0
1056,-52312.7,703,0.0
1014,-50260.5,661,0.0
997,-48266.4,631,0.0
998,-46334.8,627,0.0
1001,-44478.5,631,0.0
1002,-42698.4,629,0.0
998,-40994.3,632,0.0
1000,-39352.6,628,0.0
1002,-37776.6,628,0.0
999,-36268.4,625,0.0
1004,-34812.9,632,0.0
1006,-33418.4,636,0.0
1045,-32044.2,670,0.0
1133,-30678.0,709,0.0
1130,-29453.8,698,0.0
1130,-28275.6,697,0.0
1161,-27114.8,722,0.0
1407,-25794.1,876,0.0
2057,-24138.3,1309,0.0
2643,-22610.2,1726,0.0
3149,-21220.0,2066,0.0
4125,-19434.3,2709,0.0
5656,-17187.2,3714,0.0
7315,-14907.0,4766,0.0
9784,-11940.5,6367,0.0
10703,-10580.6,7009,0.0
10714,-10146.9,7023,0.0
11195,-9279.2,7365,0.0
12218,-7926.0,8046,0.0
13849,-6043.2,9120,0.0
17102,-2678.6,11224,0.0
23969,4020.9,15790,0.0
28603,8308.7,18955,0.0
28034,7430.1,18615,0.0
28862,7927.8,19047,0.0
31517,10159.5,20784,0.0
33980,12117.6,22432,0.0
38021,15512.2,25291,0.0
38668,15512.9,25741,0.0
38660,14884.7,25936,0.0
41485,17001.3,27974,0.0
42650,17439.6,28938,0.0
46496,20434.2,31925,0.0
52080,24977.5,36230,0.0
60902,32447.5,42874,0.0
68267,38220.0,48321,0.0
80509,48443.5,57364,0.0
87343,53066.4,63941,0.0
91639,55067.9,70572,0.0
102132,62938.5,82461,0.0
109902,67880.1,90431,0.0
113803,68909.9,94599,0.0
116197,68451.7,97399,0.0
118277,67710.4,99127,0.0
118809,65512.7,99813,0.0
119851,63892.5,100780,0.0
121536,62954.4,102451,0.0
122567,61426.0,103536,0.0
123330,59701.5,104151,0.0
123608,57580.3,104081,0.0
123861,55519.9,104136,0.0
124113,53541.1,104538,0.0
124388,51663.4,105033,0.0
124687,49883.9,105535,0.0
124888,48081.5,105886,0.0
125033,46297.5,106088,0.0
125074,44484.9,106107,0.0
125161,42789.1,106223,0.0
125310,41220.5,106466,0.0
125463,39718.6,106740,0.0
125604,38265.2,107012,0.0
125690,36817.2,107219,0.0
125763,35414.6,107416,0.0
125887,34117.0,107682,0.0
125984,32845.5,107908,0.0
125811,31365.6,107657,0.0
125513,29824.9,107066,0.0
125310,28437.0,106643,0.0
125280,27270.7,106564,0.0
125339,26236.5,106695,0.0
125390,25236.0,106861,0.0
125417,24252.5,107023,0.0
125462,23325.6,107167,0.0
125480,22409.8,107248,0.0
125505,21537.4,107327,0.0
125565,20733.6,107481,0.0
125659,19994.5,107674,0.0
125716,19249.4,107795,0.0
125755,18516.9,107872,0.0
125795,17814.6,107930,0.0
125811,17117.4,107946,0.0
125850,16470.1,107989,0.0
125798,15761.4,107864,0.0
125469,14815.1,107204,0.0
125053,13823.1,106261,0.0
124809,13036.0,105666,0.0
124782,12488.6,105559,0.0
124884,12087.0,105745,0.0
125039,11752.3,106034,0.0
125132,11371.5,106225,0.0
125158,10941.6,106265,0.0
125194,10538.5,106319,0.0
125239,10160.1,106412,0.0
125313,9824.8,106565,0.0
125393,9508.6,106744,0.0
125458,9190.6,106903,0.0
125516,8878.7,107042,0.0
125577,8582.1,107180,0.0
125641,8300.2,107334,0.0
125719,8043.1,107506,0.0
125628,7634.0,107375,0.0
125314,7027.2,106755,0.0
125022,6465.8,106118,0.0
124919,6108.3,105870,0.0
124982,5924.5,105994,0.0
125080,5781.6,106220,0.0
125146,5613.7,106404,0.0
125173,5415.0,106502,0.0
125161,5186.9,106501,0.0
125161,4979.4,106513,0.0
125198,4815.8,106599,0.0
125257,4679.8,106736,0.0
125313,4546.4,106874,0.0
125378,4426.9,107019,0.0
125426,4295.9,107148,0.0
125481,4176.9,107281,0.0
125560,4085.6,107445,0.0
125616,3976.0,107594,0.0
125410,3619.2,107247,0.0
125035,3114.4,106514,0.0
124795,2759.4,105971,0.0
124749,2604.9,105855,0.0
124815,2564.1,106000,0.0
124921,2563.3,106236,0.0
125019,2554.8,106457,0.0
125016,2449.7,106501,0.0
124988,2324.9,106465,0.0
125008,2251.1,106502,0.0
125077,2227.3,106648,0.0
125171,2228.4,106836,0.0
125243,2208.4,106999,0.0
125309,2183.4,107153,0.0
125374,2158.5,107297,0.0
125455,2149.9,107470,0.0
125536,2141.7,107657,0.0
125372,1898.6,107402,0.0
125043,1506.8,106745,0.0
124785,1198.8,106192,0.0
124691,1060.6,105989,0.0
124737,1062.4,106087,0.0
124840,1118.8,106287,0.0
124927,1157.5,106493,0.0
124942,1125.6,106560,0.0
124913,1052.8,106533,0.0
124930,1027.0,106570,0.0
124996,1049.2,106693,0.0
125042,1051.4,106814,0.0
125095,1060.3,106952,0.0
125159,1079.3,107095,0.0
125219,1093.7,107227,0.0
125277,1105.7,107373,0.0
125332,1114.2,107512,0.0
125157,901.6,107231,0.0
124817,539.2,106539,0.0
124531,243.1,105954,0.0
124431,137.3,105726,0.0
124480,178.9,105816,0.0
124571,259.1,106011,0.0
124638,313.0,106185,0.0
124667,328.4,106269,0.0
124650,298.9,106261,0.0
124647,284.1,106277,0.0
124689,313.0,106367,0.0
124753,361.9,106500,0.0
124813,405.1,106640,0.0
124869,442.6,106773,0.0
124903,457.6,106879,0.0
124964,497.8,107017,0.0
125040,550.9,107177,0.0
124866,361.8,106913,0.0
124534,28.6,106243,0.0
124258,-237.5,105666,0.0
124179,-303.8,105473,0.0
124225,-247.5,105570,0.0
124332,-134.9,105785,0.0
124414,-50.8,105989,0.0
124427,-36.3,106046,0.0
124404,-56.9,106033,0.0
124402,-56.5,106042,0.0
124447,-11.1,106137,0.0
124516,55.6,106281,0.0
124586,120.6,106438,0.0
124641,168.5,106563,0.0
124696,214.6,106695,0.0
124769,276.1,106848,0.0
124840,333.2,107006,0.0
124735,219.1,106857,0.0
124377,-133.4,106190,0.0
124059,-433.3,105532,0.0
123930,-539.8,105243,0.0
123966,-483.7,105314,0.0
124071,-363.5,105527,0.0
124172,-252.0,105755,0.0
124176,-238.1,105818,0.0
124134,-268.9,105762,0.0
124115,-276.4,105743,0.0
124164,-218.3,105838,0.0
124252,-125.1,106012,0.0
124326,-49.0,106175,0.0
124379,3.8,106297,0.0
124412,35.3,106393,0.0
124471,90.6,106528,0.0
124561,173.3,106718,0.0
124462,71.4,106579,0.0
124133,-247.3,105929,0.0
123846,-513.0,105313,0.0
123759,-576.0,105101,0.0
123846,-469.4,105239,0.0
123979,-322.9,105499,0.0
124103,-191.0,105757,0.0
124146,-142.1,105865,0.0
124140,-142.1,105867,0.0
124162,-115.3,105904,0.0
124226,-49.3,106027,0.0
124316,39.1,106199,0.0
124403,121.0,106371,0.0
124460,170.9,106514,0.0
124542,242.8,106671,0.0
124647,333.9,106880,0.0
124781,449.2,107133,0.0
124629,285.3,106905,0.0
124249,-90.9,106165,0.0
123991,-335.0,105601,0.0
123900,-408.9,105390,0.0
123945,-349.4,105470,0.0
124026,-257.6,105636,0.0
124123,-154.2,105824,0.0
124164,-108.7,105919,0.0
124145,-122.6,105915,0.0
124146,-116.7,105926,0.0
124195,-65.0,106021,0.0
124257,-2.9,106154,0.0
124322,59.6,106293,0.0
124372,105.2,106414,0.0
124434,160.6,106544,0.0
124476,194.5,106646,0.0
124557,264.4,106814,0.0
124538,235.6,106821,0.0
124196,-102.1,106193,0.0
123849,-431.2,105479,0.0
123675,-581.0,105089,0.0
123676,-556.8,105070,0.0
123754,-459.6,105220,0.0
123850,-349.1,105427,0.0
123895,-291.9,105549,0.0
123877,-297.5,105550,0.0
123872,-290.4,105547,0.0
123900,-251.9,105606,0.0
123956,-188.1,105721,0.0
124016,-122.9,105867,0.0
124081,-55.6,106005,0.0
124144,7.1,106142,0.0
124195,55.8,106259,0.0
124253,109.2,106383,0.0
124324,173.0,106531,0.0
124278,121.9,106485,0.0
123916,-230.5,105821,0.0
123573,-550.5,105114,0.0
123413,-682.1,104750,0.0
123429,-639.5,104773,0.0
123518,-528.5,104951,0.0
123618,-411.3,105170,0.0
123662,-352.6,105287,0.0
123638,-361.6,105263,0.0
123614,-370.1,105228,0.0
123646,-324.6,105289,0.0
123721,-239.6,105431,0.0
123797,-157.1,105593,0.0
123856,-94.2,105728,0.0
123901,-47.2,105833,0.0
123948,-0.2,105947,0.0
124019,68.0,106091,0.0
124093,136.3,106256,0.0
123887,-66.9,105918,0.0
123510,-426.1,105173,0.0
123248,-660.6,104610,0.0
123183,-696.6,104441,0.0
123252,-602.5,104583,0.0
123370,-465.1,104819,0.0
123446,-373.6,105009,0.0
123456,-349.0,105057,0.0
123416,-373.5,105011,0.0
123428,-347.0,105034,0.0
123476,-287.0,105141,0.0
123544,-210.3,105284,0.0
123631,-118.3,105450,0.0
123680,-66.6,105573,0.0
123748,1.4,105710,0.0
123852,101.2,105894,0.0
123949,190.2,106101,0.0
123907,142.3,106070,0.0
123529,-226.3,105381,0.0
123134,-596.4,104590,0.0
122918,-779.9,104131,0.0
122925,-742.0,104119,0.0
123002,-638.4,104290,0.0
123097,-521.7,104500,0.0
123147,-452.8,104623,0.0
123131,-450.1,104610,0.0
123095,-466.6,104556,0.0
123078,-464.3,104550,0.0
123124,-401.5,104650,0.0
123178,-333.6,104774,0.0
123201,-298.2,104844,0.0
123213,-274.8,104887,0.0
123230,-247.5,104935,0.0
123241,-227.0,104983,0.0
123246,-213.1,105036,0.0
123088,-356.3,104791,0.0
122640,-772.1,103919,0.0
122198,-1165.5,103023,0.0
122066,-1245.6,102758,0.0
122168,-1097.9,102971,0.0
122294,-933.0,103245,0.0
122368,-824.7,103479,0.0
122305,-852.1,103493,0.0
122153,-964.0,103369,0.0
122006,-1066.5,103236,0.0
121661,-1355.1,102927,0.0
119503,-3372.6,101315,0.0
107740,-14530.1,86966,0.0
74592,-45771.0,52194,0.0
36374,-80629.5,24784,0.0
30503,-83040.4,20336,0.0
27820,-82294.5,18551,0.0
34515,-72575.5,22974,0.0
51687,-53187.4,34965,0.0
77275,-26495.4,53815,0.0
89533,-13667.9,65400,0.0
91657,-11082.1,73399,0.0
94886,-7539.0,82373,0.0
98534,-3735.4,87823,0.0
101099,-1123.6,91054,0.0
104007,1713.1,93744,0.0
106795,4321.0,96259,0.0
108228,5523.9,97604,0.0
109587,6607.6,98619,0.0
110396,7119.9,99478,0.0
110967,7383.3,100223,0.0
111292,7399.9,100758,0.0
111455,7260.4,101081,0.0
111556,7067.0,101331,0.0
111660,6884.1,101593,0.0
111595,6546.4,101616,0.0
111208,5913.0,100912,0.0
110871,5352.9,100115,0.0
110784,5055.3,99752,0.0
110865,4930.9,99853,0.0
111070,4930.4,100212,0.0
111268,4923.3,100593,0.0
111358,4812.8,100765,0.0
111311,4575.1,100720,0.0
111262,4345.1,100639,0.0
111249,4158.8,100645,0.0
111237,3980.9,100701,0.0
111213,3798.6,100759,0.0
111162,3597.7,100765,0.0
111115,3408.7,100780,0.0
111122,3279.1,100853,0.0
111181,3204.6,101008,0.0
111191,3086.0,101086,0.0
110864,2648.6,100464,0.0
110418,2114.5,99472,0.0
110121,1744.8,98812,0.0
110080,1635.7,98720,0.0
110118,1606.7,98870,0.0
110247,1666.3,99169,0.0
110293,1643.8,99339,0.0
110268,1554.0,99333,0.0
110249,1473.6,99323,0.0
110264,1429.1,99381,0.0
110306,1412.2,99502,0.0
110375,1422.0,99678,0.0
110435,1422.7,99832,0.0
110463,1392.7,99958,0.0
110439,1313.9,100035,0.0
110491,1311.3,100206,0.0
110549,1314.5,100369,0.0
110337,1058.4,100023,0.0
109834,533.2,99004,0.0
109449,142.3,98138,0.0
109394,83.8,97953,0.0
109513,194.7,98191,0.0
109637,305.9,98504,0.0
109747,399.3,98785,0.0
109790,424.6,98920,0.0
109795,412.4,98948,0.0
109818,418.0,99012,0.0
109894,474.2,99165,0.0
110012,568.5,99390,0.0
110102,632.2,99593,0.0
110145,648.2,99749,0.0
110230,703.9,99928,0.0
110331,772.7,100143,0.0
110399,807.0,100323,0.0
110451,824.7,100449,0.0
110237,586.3,100024,0.0
109806,149.0,99052,0.0
109518,-133.4,98345,0.0
109534,-112.7,98316,0.0
109694,45.4,98657,0.0
109853,196.2,99041,0.0
109934,266.1,99283,0.0
109950,270.9,99348,0.0
109934,244.7,99337,0.0
109960,259.8,99402,0.0
110039,325.3,99594,0.0
110116,386.2,99793,0.0
110181,433.1,99959,0.0
110242,474.4,100126,0.0
110289,500.5,100258,0.0
110358,546.7,100425,0.0
110460,622.8,100653,0.0
110360,501.9,100513,0.0
109906,46.0,99600,0.0
109516,-330.3,98679,0.0
109355,-471.6,98298,0.0
109417,-393.2,98415,0.0
109531,-268.1,98696,0.0
109675,-119.1,99018,0.0
109768,-25.1,99196,0.0
109747,-44.2,99174,0.0
109760,-30.0,99197,0.0
109825,33.6,99334,0.0
109923,126.4,99544,0.0
109988,183.7,99708,0.0
110054,239.7,99858,0.0
110130,303.1,100035,0.0
110223,380.2,100236,0.0
110334,471.6,100457,0.0
110232,354.8,100284,0.0
109820,-54.9,99403,0.0
109441,-416.5,98517,0.0
109333,-503.5,98196,0.0
109371,-446.9,98305,0.0
109510,-295.6,98614,0.0
109662,-137.9,98943,0.0
109719,-77.6,99095,0.0
109721,-72.6,99112,0.0
109752,-39.9,99146,0.0
109819,26.0,99277,0.0
109899,101.7,99459,0.0
109979,174.5,99646,0.0
110062,247.2,99835,0.0
110146,317.9,100027,0.0
110243,398.3,100237,0.0
110342,477.4,100451,0.0
110285,403.6,100383,0.0
109901,18.8,99577,0.0
109467,-398.6,98599,0.0
109301,-542.0,98172,0.0
109369,-455.0,98281,0.0
109498,-313.0,98572,0.0
109615,-188.1,98863,0.0
109654,-143.2,99015,0.0
109641,-149.9,99007,0.0
109637,-147.8,99014,0.0
109681,-99.6,99109,0.0
109767,-13.1,99299,0.0
109830,47.9,99463,0.0
109894,107.5,99629,0.0
109997,202.0,99837,0.0
110070,264.0,100029,0.0
110133,314.0,100190,0.0
110192,358.0,100346,0.0
109975,135.4,99963,0.0
109527,-300.1,98975,0.0
109200,-602.0,98192,0.0
109116,-658.6,97998,0.0
109234,-518.9,98239,0.0
109375,-362.8,98588,0.0
109458,-268.6,98832,0.0
109468,-248.3,98886,0.0
109440,-265.2,98851,0.0
109464,-231.6,98890,0.0
109521,-167.6,99041,0.0
109570,-113.9,99203,0.0
109648,-34.4,99379,0.0
109673,-9.0,99489,0.0
109436,-236.2,99305,0.0
107597,-1992.2,97675,0.0
102401,-6900.7,92220,0.0
101732,-7266.9,84526,0.0
101414,-7281.5,75953,0.0
34934,-70811.0,23313,0.0
7528,-94288.3,4861,0.0
3866,-94032.3,2434,0.0
2432,-91647.7,1512,0.0
1822,-88567.4,1136,0.0
1394,-85435.5,891,0.0
1159,-82243.7,760,0.0
1091,-79019.3,723,0.0
1044,-75903.6,708,0.0
1012,-72898.2,673,0.0
1001,-69992.8,646,0.0
1003,-67191.2,641,0.0
1002,-64504.5,636,0.0
1000,-61926.2,633,0.0
1007,-59442.5,647,0.0
1075,-56999.5,759,0.0
1241,-54560.1,881,0.0
1387,-52237.6,953,0.0
1622,-49922.5,1089,0.0
2026,-47537.7,1354,0.0
3448,-44271.1,2261,0.0
5890,-40155.9,3856,0.0
6839,-37638.7,4441,0.0
9966,-33131.2,6405,0.0
13533,-28381.6,8670,0.0
14942,-25893.7,9563,0.0
16736,-23135.7,10785,0.0
20406,-18687.1,13283,0.0
23301,-15160.4,15294,0.0
25269,-12664.7,16750,0.0
24779,-12628.5,16374,0.0
24577,-12317.3,16096,0.0
24667,-11738.2,16005,0.0
24495,-11433.8,15786,0.0
27942,-7667.3,17828,0.0
34067,-1480.6,21636,0.0
42766,6929.6,27234,0.0
53850,17293.1,34465,0.0
72965,34951.8,48440,0.0
81803,42038.2,57448,0.0
77186,35924.3,54058,0.0
75714,33074.2,53707,0.0
74108,30209.5,53484,0.0
72328,27292.3,52234,0.0
73190,27028.1,55320,0.0
73386,26135.2,56261,0.0
72799,24526.2,54387,0.0
73497,24215.3,54832,0.0
72348,22143.6,54862,0.0
75110,23909.4,57984,0.0
85108,32551.1,66434,0.0
94808,40561.1,74878,0.0
98952,42916.9,78549,0.0
101813,43946.7,81535,0.0
99224,39703.4,78918,0.0
99618,38493.5,79008,0.0
99850,37176.5,79226,0.0
99532,35384.2,78895,0.0
98184,32674.7,77487,0.0
98948,32101.2,78629,0.0
98009,29915.7,78338,0.0
98356,29052.2,78762,0.0
100824,30259.4,81265,0.0
100400,28641.9,81149,0.0
100468,27561.5,81595,0.0
104757,30576.5,86548,0.0
109536,33941.3,92021,0.0
110202,33223.0,93236,0.0
108500,30260.2,91431,0.0
107976,28546.7,90456,0.0
105608,25131.6,87720,0.0
102549,21189.7,84252,0.0
93219,11385.3,73994,0.0
91629,9403.5,72134,0.0
93304,10635.3,73655,0.0
97076,13831.0,76846,0.0
102218,18214.1,82073,0.0
107409,22468.9,87764,0.0
112102,26075.4,93716,0.0
114115,26964.9,96861,0.0
114557,26310.6,97530,0.0
114890,25577.9,98291,0.0
115454,25096.2,99183,0.0
115673,24302.6,99632,0.0
115489,23153.8,99171,0.0
115348,22092.3,98915,0.0
114885,20764.2,98059,0.0
114276,19348.9,96862,0.0
113713,18034.5,95714,0.0
113033,16660.3,94392,0.0
112923,15888.3,94185,0.0
113115,15437.1,94610,0.0
113014,14722.7,94465,0.0
112921,14044.5,94305,0.0
113021,13578.7,94463,0.0
112931,12949.1,94237,0.0
113517,12993.7,95233,0.0
114141,13073.0,96502,0.0
114245,12650.0,96733,0.0
114213,12113.2,96639,0.0
114304,11716.1,96851,0.0
114180,11128.4,96618,0.0
114157,10661.2,96587,0.0
113823,9914.1,96004,0.0
113280,8996.2,94959,0.0
113163,8524.1,94713,0.0
113314,8328.1,95006,0.0
113593,8262.8,95561,0.0
113804,8134.8,95980,0.0
114098,8091.7,96616,0.0
114390,8048.3,97226,0.0
114445,7779.2,97355,0.0
114374,7399.9,97227,0.0
114327,7058.8,97150,0.0
114225,6678.5,96953,0.0
114300,6483.3,97109,0.0
114381,6301.8,97292,0.0
114484,6148.6,97513,0.0
114635,6047.6,97858,0.0
114684,5852.7,97994,0.0
114275,5226.0,97262,0.0
113546,4317.1,95845,0.0
113190,3802.6,95118,0.0
113175,3636.1,95099,0.0
113242,3555.0,95253,0.0
113388,3553.0,95563,0.0
113573,3588.5,95947,0.0
113559,3431.5,95964,0.0
113531,3267.3,95929,0.0
113625,3226.9,96128,0.0
113739,3207.3,96376,0.0
113893,3226.8,96707,0.0
114017,3216.8,96973,0.0
114147,3212.9,97259,0.0
114253,3186.1,97486,0.0
114353,3154.7,97691,0.0
114201,2882.6,97466,0.0
113558,2150.0,96240,0.0
113058,1584.0,95234,0.0
112980,1445.8,95053,0.0
113113,1515.6,95336,0.0
113280,1615.3,95669,0.0
113467,1730.2,96080,0.0
113572,1761.8,96316,0.0
113626,1743.2,96439,0.0
113665,1710.9,96526,0.0
113748,1722.1,96706,0.0
113871,1771.3,96979,0.0
113994,1818.6,97234,0.0
114099,1846.6,97454,0.0
114205,1874.5,97676,0.0
114300,1890.7,97888,0.0
114164,1684.5,97688,0.0
113518,997.0,96456,0.0
112966,427.2,95337,0.0
112869,317.0,95113,0.0
112962,393.6,95291,0.0
113096,506.5,95566,0.0
113290,672.5,95971,0.0
113401,752.1,96218,0.0
113450,769.1,96339,0.0
113502,788.2,96447,0.0
113558,810.5,96560,0.0
113670,885.6,96786,0.0
113789,964.4,97040,0.0
113907,1039.1,97271,0.0
114037,1122.3,97533,0.0
114191,1225.3,97845,0.0
114236,1219.5,97981,0.0
113740,694.5,97066,0.0
113084,37.0,95744,0.0
112833,-205.5,95197,0.0
112901,-132.0,95308,0.0
113025,-7.6,95553,0.0
113218,178.0,95935,0.0
113355,302.4,96229,0.0
113377,311.4,96285,0.0
113388,309.5,96299,0.0
113425,332.6,96369,0.0
113514,404.8,96543,0.0
113637,506.6,96788,0.0
113751,595.8,97019,0.0
113845,662.2,97220,0.0
113946,732.7,97418,0.0
114042,795.5,97603,0.0
114117,835.7,97772,0.0
113719,420.2,97047,0.0
112973,-312.8,95570,0.0
112617,-642.0,94813,0.0
112632,-601.9,94823,0.0
112795,-421.4,95136,0.0
113030,-178.9,95603,0.0
113183,-24.9,95921,0.0
113224,15.5,96033,0.0
113224,14.8,96038,0.0
113238,27.7,96071,0.0
113331,115.9,96249,0.0
113484,258.1,96543,0.0
113596,355.3,96772,0.0
113689,430.4,96964,0.0
113784,504.4,97133,0.0
113896,591.7,97351,0.0
114017,684.2,97608,0.0
113850,496.5,97337,0.0
113140,-205.0,95960,0.0
112581,-733.4,94829,0.0
112507,-775.1,94635,0.0
112668,-589.5,94926,0.0
112907,-336.5,95383,0.0
113099,-138.7,95776,0.0
113134,-99.6,95870,0.0
113121,-108.1,95843,0.0
113162,-64.4,95919,0.0
113261,33.2,96120,0.0
113402,167.2,96396,0.0
113499,253.7,96595,0.0
113566,307.8,96728,0.0
113657,382.9,96924,0.0
113792,497.2,97162,0.0
113893,574.2,97377,0.0
113574,245.0,96818,0.0
112871,-439.6,95432,0.0
112461,-815.7,94579,0.0
112503,-742.7,94621,0.0
112735,-490.3,95060,0.0
113001,-215.3,95583,0.0
113220,3.5,96031,0.0
113335,113.8,96263,0.0
113393,164.9,96389,0.0
113464,226.5,96520,0.0
113594,342.2,96775,0.0
113820,545.5,97232,0.0
114040,734.9,97673,0.0
114204,862.9,97998,0.0
114366,983.9,98317,0.0
114541,1112.6,98661,0.0
114709,1229.3,99007,0.0
114430,912.3,98531,0.0
113754,226.9,97173,0.0
113255,-261.2,96148,0.0
113127,-373.7,95906,0.0
113233,-257.0,96123,0.0
113442,-46.0,96500,0.0
113561,70.0,96699,0.0
113571,76.8,96725,0.0
113576,78.6,96680,0.0
113599,97.5,96615,0.0
113537,34.1,96462,0.0
113548,43.3,96479,0.0
113600,91.5,96625,0.0
113619,106.0,96597,0.0
113513,0.0,96352,0.0
113495,-17.2,96332,0.0
113692,172.6,96778,0.0
113619,95.6,96730,0.0
112911,-587.9,95460,0.0
112351,-1102.0,94371,0.0
112336,-1072.3,94374,0.0
112568,-806.7,94909,0.0
112908,-448.0,95615,0.0
113370,13.4,96583,0.0
113646,277.8,97202,0.0
113774,389.6,97537,0.0
113917,511.3,97849,0.0
114051,619.5,98133,0.0
114216,753.1,98400,0.0
114302,805.5,98573,0.0
114432,898.1,98853,0.0
114590,1013.9,99202,0.0
114747,1124.0,99549,0.0
114933,1257.6,99950,0.0
115072,1340.8,100304,0.0
114684,914.7,99707,0.0
114107,324.1,98584,0.0
113860,74.1,98030,0.0
113897,106.6,98088,0.0
114085,282.8,98465,0.0
114342,518.2,98983,0.0
114490,639.6,99329,0.0
114509,632.2,99415,0.0
114508,606.0,99434,0.0
114572,643.2,99548,0.0
114684,725.0,99784,0.0
114817,823.7,100094,0.0
114957,925.1,100404,0.0
115073,999.5,100631,0.0
115190,1071.8,100883,0.0
115346,1178.7,101203,0.0
115454,1235.2,101437,0.0
114997,747.1,100661,0.0
114334,80.7,99346,0.0
113987,-255.6,98571,0.0
113959,-272.3,98476,0.0
114080,-145.2,98705,0.0
114297,68.9,99128,0.0
114439,202.5,99446,0.0
114476,229.9,99543,0.0
114482,226.5,99567,0.0
114534,267.3,99656,0.0
114625,344.0,99827,0.0
114735,435.8,100062,0.0
114853,531.7,100315,0.0
114963,616.0,100530,0.0
115077,700.8,100758,0.0
115207,797.6,101019,0.0
115318,872.2,101262,0.0
114994,526.3,100729,0.0
114321,-140.8,99367,0.0
113886,-552.8,98401,0.0
113796,-617.1,98191,0.0
113891,-501.2,98388,0.0
114076,-303.6,98751,0.0
114241,-133.0,99109,0.0
114307,-64.3,99291,0.0
114327,-42.6,99352,0.0
114372,2.3,99453,0.0
114472,98.2,99658,0.0
114622,238.3,99980,0.0
114757,358.4,100286,0.0
114893,474.6,100580,0.0
115039,595.8,100891,0.0
115200,726.5,101232,0.0
115377,867.4,101606,0.0
115297,755.9,101539,0.0
114643,97.8,100336,0.0
114164,-366.0,99310,0.0
114005,-504.0,98922,0.0
114091,-401.2,99095,0.0
114302,-182.6,99521,0.0
114524,37.8,100011,0.0
114651,158.2,100307,0.0
114692,191.2,100431,0.0
114744,233.5,100542,0.0
114866,341.3,100824,0.0
115035,489.9,101174,0.0
115193,622.0,101496,0.0
115338,736.3,101810,0.0
115471,834.5,102117,0.0
115633,956.6,102444,0.0
115781,1060.5,102763,0.0
115888,1120.8,103004,0.0
115405,612.3,102174,0.0
114676,-112.1,100748,0.0
114366,-405.2,100038,0.0
114343,-411.1,99947,0.0
114515,-229.5,100290,0.0
114770,24.5,100807,0.0
114929,176.1,101165,0.0
114943,182.5,101231,0.0
114940,172.3,101238,0.0
115012,234.6,101398,0.0
115140,348.1,101666,0.0
115281,469.5,101950,0.0
115397,562.1,102200,0.0
115501,639.5,102428,0.0
115632,739.6,102697,0.0
115780,852.1,103031,0.0
115905,938.0,103321,0.0
115487,499.2,102583,0.0
114758,-220.6,101132,0.0
114418,-538.2,100377,0.0
114375,-557.9,100233,0.0
114520,-396.4,100499,0.0
114737,-172.2,100931,0.0
114896,-12.7,101278,0.0
114942,32.0,101399,0.0
114944,32.6,101429,0.0
114997,82.2,101534,0.0
115100,177.8,101758,0.0
115242,307.0,102054,0.0
115369,416.6,102319,0.0
115483,509.4,102563,0.0
115610,611.0,102833,0.0
115740,711.3,103106,0.0
115872,809.6,103389,0.0
115612,527.6,102951,0.0
114838,-236.5,101440,0.0
114417,-631.2,100531,0.0
114318,-701.0,100261,0.0
114410,-584.7,100398,0.0
114566,-411.5,100717,0.0
114747,-221.3,101095,0.0
114810,-152.0,101252,0.0
114821,-135.3,101284,0.0
114854,-98.2,101360,0.0
114937,-14.6,101537,0.0
115059,103.1,101784,0.0
115183,218.0,102028,0.0
115284,306.2,102244,0.0
115401,406.3,102494,0.0
115522,506.2,102750,0.0
115663,621.3,103031,0.0
115720,651.2,103192,0.0
115169,96.2,102190,0.0
114543,-508.6,100889,0.0
114252,-767.6,100238,0.0
114238,-750.4,100171,0.0
114375,-588.8,100428,0.0
114582,-366.6,100837,0.0
114721,-218.5,101139,0.0
114733,-198.2,101199,0.0
114731,-192.2,101204,0.0
114781,-136.5,101300,0.0
114867,-48.5,101478,0.0
114971,53.3,101698,0.0
115063,139.5,101886,0.0
115164,230.9,102095,0.0
115260,313.8,102296,0.0
115377,413.5,102519,0.0
115496,511.2,102781,0.0
115329,330.5,102517,0.0
114643,-341.3,101188,0.0
114185,-767.3,100202,0.0
114024,-891.2,99810,0.0
114072,-809.5,99877,0.0
114210,-644.6,100144,0.0
114361,-473.9,100458,0.0
114389,-428.0,100539,0.0
114356,-442.6,100488,0.0
114363,-418.2,100507,0.0
114433,-334.3,100647,0.0
114531,-226.8,100849,0.0
114636,-116.9,101072,0.0
114722,-29.7,101262,0.0
114820,65.6,101466,0.0
114941,179.1,101713,0.0
115059,285.2,101977,0.0
114843,66.5,101626,0.0
114208,-545.8,100361,0.0
113760,-954.0,99353,0.0
113605,-1064.7,98971,0.0
113660,-969.3,99078,0.0
113811,-785.6,99395,0.0
113994,-578.5,99800,0.0
114055,-496.8,99978,0.0
114066,-466.3,100034,0.0
114104,-411.2,100107,0.0
114184,-317.9,100273,0.0
114296,-197.7,100529,0.0
114392,-97.6,100739,0.0
114500,9.9,100969,0.0
114611,116.1,101213,0.0
114735,230.5,101482,0.0
114863,344.2,101751,0.0
114518,-0.8,101147,0.0
113875,-618.1,99841,0.0
113470,-982.1,98937,0.0
113366,-1042.7,98663,0.0
113432,-937.6,98801,0.0
113574,-763.8,99100,0.0
113719,-594.0,99430,0.0
113778,-513.6,99594,0.0
113788,-483.5,99637,0.0
113813,-440.2,99692,0.0
113896,-342.9,99862,0.0
114003,-226.4,100098,0.0
114120,-105.1,100347,0.0
114223,-2.0,100575,0.0
114332,102.8,100818,0.0
114478,238.8,101116,0.0
114607,353.1,101399,0.0
114313,56.7,100908,0.0
113691,-542.7,99641,0.0
113281,-914.6,98743,0.0
113188,-967.3,98489,0.0
113267,-852.7,98648,0.0
113422,-669.8,98984,0.0
113573,-498.1,99325,0.0
113624,-429.2,99475,0.0
113633,-403.4,99519,0.0
113668,-353.6,99597,0.0
113747,-263.7,99770,0.0
113858,-146.6,100011,0.0
113970,-33.2,100246,0.0
114064,58.4,100466,0.0
114173,160.7,100706,0.0
114291,267.6,100953,0.0
114429,389.3,101253,0.0
114289,239.4,101056,0.0
113665,-369.3,99819,0.0
113184,-816.2,98760,0.0
113010,-950.6,98344,0.0
113054,-870.4,98441,0.0
113217,-679.1,98773,0.0
113366,-508.9,99108,0.0
113403,-453.0,99233,0.0
113386,-451.2,99232,0.0
113413,-407.2,99285,0.0
113470,-336.2,99417,0.0
113574,-222.9,99644,0.0
113676,-116.1,99871,0.0
113757,-33.7,100053,0.0
113858,64.6,100272,0.0
113972,171.5,100524,0.0
114112,299.0,100816,0.0
113971,151.7,100599,0.0
113354,-446.7,99390,0.0
112845,-917.5,98281,0.0
112649,-1068.9,97825,0.0
112672,-1004.1,97890,0.0
112798,-843.0,98167,0.0
112964,-649.9,98531,0.0
113029,-561.5,98710,0.0
113035,-533.3,98755,0.0
113054,-493.7,98818,0.0
113125,-405.8,98969,0.0
113226,-292.6,99180,0.0
113333,-178.2,99419,0.0
113427,-80.8,99626,0.0
113537,28.0,99873,0.0
113660,145.0,100131,0.0
113786,260.1,100389,0.0
113792,255.5,100470,0.0
113241,-283.7,99431,0.0
112653,-836.8,98158,0.0
112361,-1083.7,97493,0.0
112340,-1060.5,97465,0.0
112459,-903.8,97730,0.0
112622,-711.2,98086,0.0
112730,-579.1,98351,0.0
112769,-518.5,98468,0.0
112778,-489.1,98506,0.0
112832,-417.7,98639,0.0
112934,-303.1,98855,0.0
113064,-166.1,99133,0.0
113175,-52.9,99389,0.0
113302,71.1,99651,0.0
113418,179.6,99907,0.0
113575,323.2,100226,0.0
113699,429.3,100495,0.0
113421,145.2,100026,0.0
112773,-482.7,98717,0.0
112330,-888.6,97728,0.0
112215,-963.5,97457,0.0
112280,-862.6,97614,0.0
112445,-669.7,97967,0.0
112603,-491.2,98324,0.0
112673,-404.3,98505,0.0
112684,-377.6,98552,0.0
112722,-326.0,98641,0.0
112807,-231.4,98825,0.0
112924,-109.8,99074,0.0
113042,7.9,99320,0.0
113147,108.4,99559,0.0
113266,218.3,99797,0.0
113390,328.6,100061,0.0
113539,458.5,100375,0.0
113651,547.6,100629,0.0
113260,150.4,99938,0.0
112618,-472.0,98625,0.0
112250,-806.4,97775,0.0
112181,-840.3,97613,0.0
112277,-714.6,97811,0.0
112455,-515.1,98188,0.0
112597,-358.2,98509,0.0
112620,-321.8,98596,0.0
112611,-317.5,98598,0.0
112648,-269.3,98687,0.0
112744,-166.4,98884,0.0
112858,-50.3,99122,0.0
112965,54.4,99354,0.0
113060,143.5,99556,0.0
113176,249.1,99800,0.0
113296,354.3,100059,0.0
113449,487.0,100363,0.0
113385,406.1,100292,0.0
112752,-217.8,99073,0.0
112211,-728.5,97902,0.0
111992,-909.6,97390,0.0
112012,-854.0,97439,0.0
112142,-695.0,97720,0.0
112321,-495.4,98094,0.0
112412,-388.2,98318,0.0
112416,-368.8,98366,0.0
112436,-334.9,98415,0.0
112504,-256.2,98548,0.0
112605,-149.0,98772,0.0
112739,-14.4,99041,0.0
112850,92.7,99281,0.0
112953,187.9,99510,0.0
113086,308.1,99777,0.0
113218,422.5,100050,0.0
113359,540.9,100347,0.0
113140,309.1,99987,0.0
112453,-362.8,98617,0.0
111959,-822.6,97527,0.0
111790,-951.9,97124,0.0
111815,-889.8,97181,0.0
111941,-733.3,97454,0.0
112103,-548.4,97807,0.0
112182,-450.6,98003,0.0
112202,-413.4,98062,0.0
112227,-372.9,98132,0.0
112301,-286.9,98286,0.0
112415,-166.0,98528,0.0
112535,-44.2,98769,0.0
112652,69.9,99015,0.0
112773,183.3,99281,0.0
112906,303.6,99554,0.0
113036,416.3,99818,0.0
113184,541.7,100134,0.0
113207,542.1,100221,0.0
112631,-32.5,99126,0.0
112018,-619.7,97821,0.0
111724,-877.1,97150,0.0
111710,-855.5,97111,0.0
111820,-715.7,97350,0.0
112001,-513.3,97737,0.0
112134,-365.1,98034,0.0
112178,-308.2,98173,0.0
112214,-261.3,98261,0.0
112282,-185.6,98399,0.0
112397,-67.8,98642,0.0
112540,72.2,98923,0.0
112666,190.3,99198,0.0
112799,310.4,99466,0.0
112925,418.9,99722,0.0
113057,528.9,99999,0.0
113204,648.8,100298,0.0
113366,778.4,100619,0.0
113249,634.9,100463,0.0
112564,-48.1,99128,0.0
112036,-553.0,97987,0.0
111835,-723.9,97493,0.0
111874,-657.5,97552,0.0
112020,-491.0,97856,0.0
112207,-291.8,98260,0.0
112299,-191.8,98479,0.0
112309,-174.6,98525,0.0
112340,-137.8,98587,0.0
112418,-57.4,98745,0.0
112539,61.0,98999,0.0
112655,169.9,99240,0.0
112762,265.9,99461,0.0
112872,360.8,99689,0.0
112988,457.8,99921,0.0
113114,560.4,100169,0.0
113263,681.0,100476,0.0
113166,560.7,100346,0.0
112508,-93.4,99064,0.0
111970,-606.2,97900,0.0
111749,-794.1,97370,0.0
111778,-734.5,97404,0.0
111927,-562.1,97707,0.0
112096,-377.3,98078,0.0
112188,-273.9,98291,0.0
112190,-261.1,98316,0.0
112199,-242.0,98351,0.0
112285,-149.7,98511,0.0
112385,-47.7,98712,0.0
112500,64.6,98951,0.0
112621,178.2,99215,0.0
112746,291.0,99465,0.0
112869,397.5,99718,0.0
113007,514.0,100013,0.0
113147,627.9,100307,0.0
112881,347.4,99864,0.0
112202,-318.3,98502,0.0
111742,-747.2,97472,0.0
111599,-854.6,97140,0.0
111655,-766.6,97262,0.0
111818,-579.5,97630,0.0
112013,-369.1,98055,0.0
112100,-270.8,98271,0.0
112126,-235.0,98338,0.0
112154,-198.8,98395,0.0
112228,-119.8,98537,0.0
112342,-5.5,98770,0.0
112461,108.9,99019,0.0
112581,219.8,99268,0.0
112700,325.2,99511,0.0
112828,435.1,99768,0.0
112962,546.3,100046,0.0
113099,656.0,100327,0.0
112784,327.4,99775,0.0
112101,-341.4,98391,0.0
111664,-747.3,97413,0.0
111548,-828.8,97118,0.0
111621,-725.5,97261,0.0
111780,-543.9,97592,0.0
111949,-359.9,97934,0.0
112011,-286.0,98097,0.0
112027,-259.2,98146,0.0
112064,-213.3,98223,0.0
112148,-124.1,98391,0.0
112260,-11.6,98614,0.0
112386,109.8,98885,0.0
112508,222.5,99142,0.0
112625,325.9,99381,0.0
112747,430.0,99638,0.0
112906,565.5,99952,0.0
113052,683.0,100248,0.0
112786,400.3,99797,0.0
112116,-258.9,98460,0.0
111676,-670.9,97475,0.0
111552,-763.1,97170,0.0
111648,-640.4,97358,0.0
111831,-439.1,97733,0.0
112006,-253.6,98110,0.0
112071,-181.0,98291,0.0
112080,-165.2,98325,0.0
112117,-123.0,98396,0.0
112201,-37.5,98573,0.0
112327,85.0,98832,0.0
112438,188.2,99056,0.0
112541,279.5,99265,0.0
112661,383.5,99499,0.0
112785,487.2,99753,0.0
112934,610.8,100053,0.0
112994,644.0,100197,0.0
112461,106.5,99214,0.0
111857,-477.6,97942,0.0
111542,-760.9,97215,0.0
111523,-748.7,97153,0.0
111660,-587.2,97438,0.0
111854,-377.5,97843,0.0
111994,-228.0,98159,0.0
112029,-185.3,98248,0.0
112038,-169.2,98275,0.0
112099,-103.9,98401,0.0
112221,17.4,98646,0.0
112359,149.2,98922,0.0
112473,252.6,99176,0.0
112592,356.8,99423,0.0
112718,463.5,99675,0.0
112864,585.1,99967,0.0
113007,699.0,100268,0.0
112776,449.2,99909,0.0
112085,-232.1,98509,0.0
111595,-693.2,97434,0.0
111458,-797.0,97093,0.0
111515,-710.4,97207,0.0
111667,-536.1,97508,0.0
111837,-351.4,97871,0.0
111928,-250.0,98090,0.0
111949,-219.8,98158,0.0
111984,-177.4,98227,0.0
112064,-93.6,98384,0.0
112170,11.9,98607,0.0
112297,133.4,98875,0.0
112419,245.2,99124,0.0
112541,352.5,99373,0.0
112681,472.8,99652,0.0
112824,591.1,99937,0.0
112940,678.9,100188,0.0
112552,279.2,99520,0.0
111889,-368.4,98148,0.0
111489,-737.7,97252,0.0
111429,-765.8,97088,0.0
111532,-636.3,97288,0.0
111708,-441.9,97654,0.0
111874,-264.8,98018,0.0
111941,-189.9,98191,0.0
111959,-165.0,98241,0.0
112014,-105.6,98349,0.0
112109,-10.2,98549,0.0
112238,114.0,98797,0.0
112366,232.3,99050,0.0
112498,349.8,99321,0.0
112622,454.8,99591,0.0
112757,566.2,99849,0.0
112904,684.7,100147,0.0
113039,786.9,100429,0.0
112680,410.8,99805,0.0
112009,-249.8,98448,0.0
111609,-623.8,97540,0.0
111525,-679.5,97318,0.0
111627,-554.4,97523,0.0
111812,-354.6,97893,0.0
111973,-185.9,98244,0.0
112027,-126.6,98385,0.0
112023,-125.4,98393,0.0
112074,-71.4,98496,0.0
112174,27.5,98702,0.0
112296,143.5,98949,0.0
112416,252.9,99200,0.0
112524,346.5,99422,0.0
112642,445.9,99663,0.0
112769,550.0,99925,0.0
112912,665.3,100213,0.0
112941,666.5,100304,0.0
112362,84.0,99238,0.0
111765,-492.5,97971,0.0
111486,-740.6,97307,0.0
111479,-717.7,97268,0.0
111608,-565.1,97529,0.0
111804,-354.4,97928,0.0
111918,-230.8,98194,0.0
111938,-202.3,98271,0.0
111955,-177.9,98317,0.0
112023,-105.5,98442,0.0
112124,-4.3,98642,0.0
112242,109.1,98892,0.0
112368,225.7,99162,0.0
112489,332.8,99405,0.0
112626,451.0,99687,0.0
112773,574.1,99995,0.0
112931,702.8,100326,0.0
112812,560.5,100163,0.0
112114,-132.0,98804,0.0
111576,-643.2,97636,0.0
111376,-809.5,97160,0.0
111419,-735.8,97248,0.0
111563,-568.2,97540,0.0
111738,-377.4,97905,0.0
111840,-264.4,98141,0.0
111864,-230.8,98217,0.0
111894,-192.8,98277,0.0
111962,-119.8,98410,0.0
112065,-16.1,98607,0.0
112171,86.3,98834,0.0
112290,197.1,99090,0.0
112410,304.4,99324,0.0
112521,398.8,99551,0.0
112646,502.8,99817,0.0
112786,617.1,100104,0.0
112518,335.2,99656,0.0
111829,-339.7,98270,0.0
111363,-773.5,97240,0.0
111235,-865.4,96918,0.0
111306,-762.6,97067,0.0
111468,-576.6,97419,0.0
111659,-370.2,97828,0.0
111736,-281.5,98019,0.0
111756,-251.0,98101,0.0
111803,-195.8,98207,0.0
111885,-109.3,98377,0.0
112013,18.0,98631,0.0
112138,137.2,98896,0.0
112265,253.7,99159,0.0
112389,362.6,99422,0.0
112523,476.7,99709,0.0
112676,604.5,100013,0.0
112820,718.6,100310,0.0
112542,423.0,99854,0.0
111843,-265.0,98467,0.0
111411,-669.1,97495,0.0
111297,-751.8,97214,0.0
111386,-636.3,97394,0.0
111562,-441.9,97747,0.0
111735,-258.1,98108,0.0
111790,-195.0,98270,0.0
111786,-191.0,98281,0.0
111823,-147.9,98371,0.0
111928,-41.1,98558,0.0
112027,55.5,98773,0.0
112141,162.8,99016,0.0
112242,253.2,99243,0.0
112357,353.5,99474,0.0
112487,464.1,99743,0.0
112637,589.6,100048,0.0
112679,606.3,100175,0.0
112097,23.3,99101,0.0
111505,-545.9,97846,0.0
111216,-801.5,97169,0.0
111202,-782.9,97119,0.0
111332,-626.8,97391,0.0
111524,-417.4,97786,0.0
111646,-283.6,98072,0.0
111672,-247.3,98157,0.0
111688,-222.0,98203,0.0
111759,-145.0,98350,0.0
111877,-25.9,98571,0.0
111997,90.3,98815,0.0
112104,189.4,99043,0.0
112219,292.3,99287,0.0
112343,399.6,99539,0.0
112501,535.3,99869,0.0
112669,675.2,100214,0.0
112421,410.1,99815,0.0
111715,-284.1,98406,0.0
111253,-716.2,97387,0.0
111114,-821.0,97040,0.0
111170,-734.4,97158,0.0
111334,-547.6,97507,0.0
111538,-329.9,97940,0.0
111626,-232.2,98149,0.0
111656,-194.1,98230,0.0
111698,-146.0,98318,0.0
111785,-56.6,98483,0.0
111901,57.0,98720,0.0
112032,180.5,98997,0.0
112144,280.8,99231,0.0
112269,389.5,99482,0.0
112408,507.4,99763,0.0
112552,625.3,100057,88.2
112646,690.6,100279,88.2
112144,181.0,99362,88.2
111486,-457.9,97993,88.2
111147,-765.0,97231,88.2
111115,-765.1,97129,88.2
111224,-629.9,97352,88.2
111405,-430.9,97732,88.2
111553,-271.6,98054,88.2
111602,-213.7,98168,88.2
111621,-186.9,98225,88.2
111693,-110.3,98388,88.2
111806,2.6,98612,88.2
111942,133.0,98883,88.2
112072,252.5,99141,88.2
112184,349.9,99380,88.2
112303,450.2,99617,88.2
112445,568.5,99917,88.2
112611,705.1,100239,88.2
112562,629.8,100203,88.2
111908,-23.2,98952,88.2
111370,-538.7,97804,88.2
111161,-717.8,97310,88.2
111209,-643.0,97383,88.2
111361,-471.4,97692,88.2
111555,-266.3,98105,88.2
111655,-159.6,98330,88.2
111653,-155.2,98357,88.2
111685,-118.3,98422,88.2
111764,-37.7,98569,88.2
111883,78.1,98816,88.2
112013,199.7,99090,88.2
112127,301.2,99317,88.2
112234,391.9,99539,88.2
112353,490.4,99786,88.5
112494,606.2,100074,88.5
112543,629.0,100197,88.5
111981,64.3,99155,88.5
111389,-506.6,97906,88.5
111100,-763.8,97252,88.5
111096,-737.1,97217,88.5
111229,-579.9,97478,88.5
111407,-385.8,97844,88.5
111510,-271.5,98096,88.5
111531,-240.5,98174,88.5
111550,-212.6,98212,88.5
111625,-132.1,98362,88.5
111741,-15.5,98602,88.5
111859,98.4,98850,88.5
111976,206.8,99087,88.5
112094,311.8,99327,88.5
112216,416.5,99583,88.5
112358,536.1,99862,87.5
112456,608.8,100067,87.5
111980,127.4,99210,87.5
111314,-517.0,97838,87.5
110960,-836.2,97037,87.5
110904,-856.5,96882,87.5
110987,-742.5,97065,87.5
111158,-548.7,97416,87.5
111299,-391.4,97727,87.5
111337,-339.2,97848,87.5
111357,-306.5,97911,87.5
111408,-245.3,98008,87.5
111509,-138.5,98210,87.5
111639,-8.1,98478,87.5
111749,97.8,98709,87.5
111857,197.6,98931,87.5
111982,309.6,99195,87.5
112125,434.5,99484,87.6
112283,568.8,99799,87.6
112118,387.7,99542,87.6
111444,-274.9,98203,87.6
110931,-756.4,97084,87.6
110765,-885.5,96688,87.6
110817,-800.1,96790,87.6
110942,-648.1,97054,87.6
111112,-459.0,97426,87.6
111206,-350.4,97642,87.6
111234,-309.5,97718,87.6
111271,-261.6,97807,87.6
111358,-167.6,97984,87.6
111481,-42.8,98233,87.6
111602,75.0,98491,87.6
111726,191.1,98742,87.6
111849,301.5,98997,87.6
111983,418.1,99268,88.0
112134,546.3,99574,88.0
112282,666.6,99882,88.0
112011,379.7,99431,88.0
111326,-293.0,98061,88.0
110896,-694.1,97116,88.0
110789,-769.1,96849,88.0
110870,-660.6,97019,88.0
111054,-457.5,97384,88.0
111216,-283.7,97743,88.0
111275,-215.7,97884,88.0
111284,-198.4,97907,88.0
111332,-144.4,98009,88.0
111424,-50.3,98199,88.0
111552,74.6,98448,88.0
111674,188.7,98694,88.0
111794,296.4,98934,88.0
111909,394.9,99167,88.1
112026,491.4,99409,88.1
112173,612.9,99694,88.1
112248,660.4,99872,88.1
111756,161.6,98967,88.1
111114,-461.1,97627,88.1
110770,-772.9,96851,88.1
110725,-785.2,96738,88.1
110832,-651.1,96967,88.1
111018,-446.5,97356,88.1
111144,-307.7,97654,88.1
111183,-257.9,97756,88.1
111207,-224.6,97815,88.1
111269,-156.1,97943,88.1
111384,-39.4,98169,88.1
111511,84.1,98428,88.1
111621,186.3,98659,88.1
111742,295.0,98902,88.1
111856,392.7,99140,87.1
112000,515.2,99426,87.1
112147,635.7,99722,87.1
111967,437.5,99427,87.1
111272,-247.2,98065,87.1
110773,-716.4,96967,87.1
110603,-850.9,96559,87.1
110635,-786.2,96616,87.1
110763,-631.8,96885,87.1
110920,-455.8,97219,87.1
111004,-357.0,97413,87.1
111025,-322.5,97474,87.1
111055,-280.8,97544,87.1
111127,-200.5,97696,87.1
111246,-78.2,97927,87.1
111368,42.0,98178,87.1
111499,166.1,98442,87.1
111622,277.6,98694,87.1
111742,381.7,98940,87.1
111886,504.6,99242,85.5
112040,632.3,99545,85.5
111818,393.9,99189,85.5
111131,-281.4,97822,85.5
110649,-732.9,96764,85.5
110513,-834.1,96438,85.5
110579,-737.4,96565,85.5
110716,-576.4,96833,85.5
110871,-404.5,97170,85.5
110955,-307.7,97365,85.5
110988,-263.7,97448,85.5
111031,-211.9,97534,85.5
111120,-118.0,97711,85.5
111248,9.6,97977,85.5
111396,151.3,98268,85.5
111528,272.0,98544,85.5
111665,392.6,98824,85.5
111811,517.1,99109,86.3
111959,638.5,99414,86.3
112125,772.3,99745,86.3
112169,783.7,99868,86.3
111550,158.1,98729,86.3
110943,-431.0,97447,86.3
110670,-675.8,96814,86.3
110685,-634.4,96822,86.3
110833,-466.9,97128,86.3
111048,-241.9,97557,86.3
111181,-104.5,97849,86.3
111208,-74.4,97919,86.3
111226,-54.1,97968,86.3
111302,21.0,98103,86.3
111423,136.3,98334,86.3
111553,255.7,98602,86.3
111680,367.4,98847,87.8
111798,465.9,99087,87.8
111927,571.1,99341,87.8
112055,671.2,99591,87.8
112205,788.3,99897,87.8
112292,840.3,100093,87.8
111749,285.4,99105,87.8
111110,-339.4,97778,87.8
110798,-625.4,97050,87.8
110783,-614.8,96985,87.8
110916,-462.5,97247,87.8
111115,-253.0,97658,87.8
111250,-113.2,97957,87.8
111277,-82.8,98041,87.8
111289,-67.9,98072,87.8
111368,10.6,98215,87.8
111486,123.5,98460,87.8
111617,244.3,98718,87.8
111752,364.1,98998,87.8
111882,474.3,99244,86.0
112000,568.6,99483,86.0
112145,685.1,99782,86.0
112295,801.7,100082,86.0
112396,866.6,100295,86.0
111902,357.7,99412,86.0
111223,-308.5,98001,86.0
110848,-656.1,97166,86.0
110797,-678.8,97011,86.0
110886,-566.2,97205,86.0
111078,-359.3,97602,86.0
111235,-194.2,97934,86.0
111291,-132.7,98068,86.0
111304,-114.9,98104,86.0
111355,-61.3,98194,86.0
111452,34.3,98382,86.0
111572,148.1,98641,86.0
111716,280.4,98944,86.0
111851,398.8,99195,86.0
111956,483.6,99404,84.8
112077,580.5,99642,84.8
112213,687.8,99900,84.8
112329,771.6,100144,84.8
111996,421.1,99563,84.8
111275,-287.9,98105,84.8
110829,-704.5,97125,84.8
110726,-775.2,96862,84.8
110796,-677.0,96996,84.8
110958,-494.4,97333,84.8
111128,-311.5,97703,84.8
111201,-228.9,97878,84.8
111219,-202.5,97938,84.8
111269,-146.4,98049,84.8
111369,-44.5,98245,84.8
111490,73.4,98503,84.8
111622,197.2,98771,84.8
111757,318.9,99040,84.8
111897,440.5,99335,84.5
112054,573.6,99671,84.5
112204,694.7,99977,84.5
112348,805.2,100254,84.5
112189,620.3,100014,84.5
111486,-79.4,98640,84.5
110958,-583.1,97498,84.5
110765,-745.0,97001,84.5
110776,-704.7,96986,84.5
110854,-601.6,97104,84.5
110916,-518.0,97183,84.5
110910,-503.1,97063,84.5
110790,-598.1,96756,84.5
110502,-850.7,96161,84.5
109971,-1326.4,94955,84.5
109877,-1363.6,94603,84.5
109557,-1616.3,93945,84.5
107945,-3099.1,91843,84.5
104087,-6678.8,86935,84.5
104510,-6005.6,85586,84.5
104649,-5631.9,85844,84.5
98456,-11351.9,80787,84.5
102278,-7228.7,83340,84.5
107275,-2142.5,87676,84.5
107724,-1625.7,87677,84.5
102399,-6672.7,83467,84.5
49736,-56962.3,34348,84.5
9878,-92947.5,7395,84.5
5877,-93070.5,4149,84.5
3146,-91969.5,2250,84.5
1801,-89581.9,1312,84.5
1249,-86528.5,902,84.5
1031,-83276.7,724,84.5
949,-80024.3,651,84.5
926,-76845.4,627,84.5
925,-73772.6,621,84.5
925,-70821.7,617,84.5
925,-67988.8,617,84.5
924,-65270.2,614,84.5
920,-62663.2,615,84.5
920,-60156.7,615,84.5
918,-57752.3,613,84.5
916,-55444.2,615,84.5
915,-53227.4,611,84.5
917,-51096.3,612,84.5
913,-49056.3,610,84.5
912,-47095.0,609,84.5
913,-45210.3,610,84.5
910,-43404.7,607,84.5
912,-41666.6,607,84.5
910,-40001.9,610,84.5
911,-38400.9,607,84.5
908,-36867.7,607,84.5
908,-35393.0,608,84.5
908,-33977.3,606,84.5
906,-32620.1,603,84.5
908,-31313.4,604,84.5
905,-30063.7,604,84.5
904,-28862.1,603,84.5
905,-27706.7,602,84.5
902,-26601.3,601,84.5
900,-25539.2,602,84.5
900,-24517.6,601,84.5
899,-23537.9,600,84.5
900,-22595.4,602,84.5
899,-21692.5,597,84.5
898,-20825.8,599,84.5
897,-19993.7,597,84.5
900,-19191.1,600,84.5
896,-18427.3,596,84.5
897,-17689.2,598,84.5
898,-16980.7,600,84.5
897,-16302.4,597,84.5
896,-15651.3,597,84.5
894,-15027.2,598,84.5
893,-14427.0,596,84.5
892,-13850.9,598,84.5
895,-13294.0,596,84.5
895,-12762.2,598,84.5
893,-12253.7,598,84.5
894,-11762.6,597,84.5
894,-11292.1,598,84.5
896,-10838.5,598,84.5
896,-10404.9,602,84.5
898,-9986.8,608,84.5
900,-9585.4,608,84.5
894,-9207.7,614,84.5
889,-8844.2,615,84.5
888,-8491.4,605,84.5
886,-8153.7,597,84.5
891,-7822.7,594,84.5
885,-7515.6,592,84.5
888,-7212.1,590,84.5
887,-6924.6,592,84.5
886,-6648.5,589,84.5
887,-6381.6,587,84.5
886,-6127.3,587,84.5
887,-5881.3,588,84.5
884,-5648.9,587,84.5
886,-5421.0,586,84.5
883,-5207.1,585,84.5
883,-4998.8,585,84.5
882,-4799.8,584,84.5
883,-4606.8,583,84.5
879,-4426.4,586,84.5
881,-4247.4,585,84.5
883,-4075.6,583,84.5
880,-3915.5,583,84.5
876,-3762.7,582,84.5
876,-3612.2,581,84.5
877,-3466.7,584,84.5
876,-3329.0,582,84.5
876,-3195.9,580,84.5
875,-3069.0,579,84.5
876,-2945.3,578,84.5
872,-2831.3,577,84.5
874,-2716.1,579,84.5
872,-2609.4,578,84.5
871,-2506.0,577,84.5
871,-2405.7,577,84.5
870,-2310.5,575,84.5
872,-2216.1,575,84.5
870,-2129.4,576,84.5
869,-2045.2,575,84.5
871,-1961.5,575,84.5
869,-1884.9,574,84.5
868,-1810.5,573,84.5
867,-1739.0,576,84.5
867,-1669.5,575,84.5
867,-1602.7,573,84.5
867,-1538.6,571,84.5
866,-1478.0,574,84.5
868,-1417.0,573,84.5
867,-1361.2,572,84.5
869,-1304.9,571,84.5
866,-1255.6,575,84.5
868,-1203.4,575,84.5
863,-1160.1,577,84.5
864,-1112.7,574,84.5
863,-1069.2,573,84.5
863,-1026.4,572,84.5
865,-983.4,570,84.5
864,-945.0,570,84.5
863,-908.2,570,84.5
865,-870.0,569,84.5
864,-836.1,569,84.5
863,-803.6,572,84.5
859,-775.3,568,84.5
860,-743.4,568,84.5
861,-712.7,569,84.5
863,-682.2,568,84.5
859,-658.8,569,84.5
860,-631.5,568,84.5
858,-608.1,567,84.5
861,-580.9,566,84.5
860,-558.7,566,84.5
856,-540.1,567,84.5
859,-515.7,568,84.5
856,-497.9,564,84.5
857,-477.0,567,84.5
861,-454.1,565,84.5
860,-436.9,563,84.5
864,-415.6,566,84.5
871,-392.3,565,84.5
870,-377.5,567,84.5
869,-363.4,565,84.5
870,-347.9,563,84.5
871,-333.0,564,84.5
869,-321.6,565,84.5
870,-307.8,563,84.5
863,-302.2,563,84.5
855,-297.8,562,84.5
854,-286.8,562,84.5
851,-278.2,562,84.5
852,-266.2,563,84.5
850,-257.4,562,84.5
850,-247.1,562,84.5
849,-238.2,559,84.5
849,-228.7,563,84.5
847,-221.4,563,84.5
849,-210.7,561,84.5
847,-204.2,561,84.5
848,-195.0,560,84.5
849,-186.3,561,84.5
846,-181.7,563,84.5
848,-172.5,561,84.5
849,-164.7,563,84.5
849,-158.1,561,84.5
848,-152.7,560,84.5
848,-146.6,563,84.5
850,-138.8,560,84.5
847,-136.1,562,84.5
849,-128.8,558,84.5
847,-125.5,557,84.5
846,-121.5,558,84.5
845,-117.6,558,84.5
847,-111.0,561,84.5
846,-107.5,561,84.5
848,-101.3,558,84.5
845,-100.1,557,84.5
845,-96.1,558,84.5
846,-91.3,560,84.5
846,-87.6,557,84.5
848,-82.2,556,84.5
845,-81.8,558,84.5
843,-80.4,560,84.5
842,-78.2,558,84.5
844,-73.1,560,84.5
845,-69.3,559,84.5
847,-64.6,557,84.5
846,-62.9,557,84.5
846,-60.4,558,84.5
843,-60.9,558,84.5
842,-59.4,559,84.5
843,-56.1,557,84.5
842,-54.8,556,84.5
842,-52.6,556,84.5
843,-49.5,556,84.5
841,-49.5,556,84.5
843,-45.6,554,84.5
841,-45.7,558,84.5
842,-42.9,555,84.5
845,-38.3,556,84.5
842,-39.6,556,84.5
844,-36.1,555,84.5
839,-39.5,556,84.5
844,-33.1,556,84.5
841,-34.7,554,84.5
844,-30.4,559,84.5
844,-29.2,558,84.5
842,-29.9,556,84.5
841,-29.7,557,84.5
842,-27.5,556,84.5
838,-30.3,555,84.5
841,-26.2,559,84.5
842,-24.2,555,84.5
842,-23.2,553,84.5
843,-21.3,556,84.5
841,-22.4,555,84.5
843,-19.6,552,84.5
840,-21.7,559,84.5
843,-17.9,555,84.5
843,-17.2,554,84.5
842,-17.5,556,84.5
843,-15.8,555,84.5
841,-17.1,555,84.5
842,-15.5,556,84.5
843,-13.9,555,84.5
842,-14.3,556,84.5
840,-15.6,555,84.5
842,-13.1,554,84.5
840,-14.5,556,84.5
844,-10.1,554,84.5
843,-10.6,554,84.5
844,-9.2,556,84.5
842,-10.8,558,84.5
842,-10.4,555,84.5
840,-11.9,553,84.5
841,-10.4,551,84.5
842,-9.1,551,84.5
843,-7.7,552,84.5
844,-6.5,555,84.5
843,-7.2,556,84.5
842,-7.8,555,84.5
840,-9.4,555,84.5
843,-6.2,556,84.5
841,-7.9,556,84.5
840,-8.5,554,84.5
842,-6.2,555,84.5
842,-6.0,555,84.5
844,-3.8,555,84.5
842,-5.6,557,84.5
841,-6.3,556,84.5
841,-6.1,555,84.5
841,-5.8,555,84.5
838,-8.5,554,84.5
840,-6.2,558,84.5
839,-6.9,557,84.5
842,-3.8,560,84.5
843,-2.7,560,84.5
841,-4.5,561,84.5
841,-4.3,563,84.5
842,-3.2,560,84.5
839,-5.9,559,84.5
841,-3.8,557,84.5
842,-2.7,557,84.5
842,-2.6,556,84.5
841,-3.4,554,84.5
844,-0.4,558,84.5
842,-2.3,556,84.5
839,-5.1,556,84.5
841,-3.0,559,84.5
843,-0.9,555,84.5
842,-1.8,555,84.5
841,-2.7,556,84.5
843,-0.7,556,84.5
841,-2.6,555,84.5
842,-1.5,556,84.5
841,-2.4,556,84.5
844,0.5,553,84.5
844,0.5,556,84.5
844,0.5,552,84.5
842,-1.4,555,84.5
842,-1.4,556,84.5
842,-1.3,555,84.5
842,-1.3,555,84.5
841,-2.2,555,84.5
842,-1.1,555,84.5
840,-3.0,555,84.5
840,-2.9,552,84.5
842,-0.9,557,84.5
839,-3.7,555,84.5
841,-1.6,556,84.5
841,-1.6,557,84.5
841,-1.5,556,84.5
839,-3.4,555,84.5
841,-1.3,553,84.5
841,-1.3,554,84.5
842,-0.2,555,84.5
844,1.7,554,84.5
844,1.6,555,84.5
845,2.5,559,84.5
842,-0.5,556,84.5
841,-1.4,557,84.5
838,-4.2,556,84.5
843,0.7,557,84.5
841,-1.2,557,84.5
845,2.7,558,84.5
842,-0.3,557,84.5
845,2.6,560,84.5
846,3.4,558,84.5
844,1.4,558,84.5
843,0.4,561,84.5
843,0.4,562,84.5
841,-1.6,559,84.5
842,-0.6,558,84.5
844,1.4,560,84.5
844,1.3,561,84.5
846,3.2,559,84.5
845,2.1,559,84.5
844,1.1,561,84.5
844,1.0,559,84.5
845,1.9,560,84.5
843,-0.1,561,84.5
847,3.8,561,84.5
846,2.7,560,84.5
846,2.6,559,84.5
845,1.5,560,84.5
845,1.4,560,84.5
845,1.4,560,84.5
847,3.2,561,84.5
845,1.2,563,84.5
849,5.0,559,84.5
847,2.9,562,84.5
848,3.7,560,84.5
847,2.6,561,84.5
844,-0.4,563,84.5
845,0.6,562,84.5
848,3.5,564,84.5
846,1.4,560,84.5
846,1.3,563,84.5
845,0.3,561,84.5
849,4.2,563,84.5
846,1.1,565,84.5
846,1.1,562,84.5
848,2.9,564,84.5
847,1.9,567,84.5
846,0.8,564,84.5
849,3.7,564,84.5
850,4.5,566,84.5
848,2.4,566,84.5
852,6.1,566,84.5
850,4.0,567,84.5
852,5.7,570,84.5
848,1.7,565,84.5
850,3.5,564,84.5
849,2.4,562,84.5
852,5.2,565,84.5
850,3.1,563,84.5
852,4.9,563,84.5
853,5.6,565,84.5
851,3.5,564,84.5
848,0.5,566,84.5
852,4.3,567,84.5
851,3.2,564,84.5
849,1.1,569,84.5
853,4.9,565,84.5
852,3.7,568,84.5
851,2.6,567,84.5
854,5.4,566,84.5
854,5.2,566,84.5
855,5.9,566,84.5
854,4.8,564,84.5
851,1.7,568,84.5
852,2.6,566,84.5
853,3.4,569,84.5
854,4.3,567,84.5
852,2.2,566,84.5
854,4.0,566,84.5
852,1.9,569,84.5
852,1.8,567,84.5
853,2.7,567,84.5
853,2.6,568,84.5
854,3.5,569,84.5
852,1.4,567,84.5
851,0.4,571,84.5
853,2.3,568,84.5
855,4.1,569,84.5
853,2.0,568,84.5
851,0.0,568,84.5
852,1.0,567,84.5
854,2.9,567,84.5
855,3.7,571,84.5
854,2.6,567,84.5
854,2.5,567,84.5
854,2.4,568,84.5
856,4.2,568,84.5
855,3.1,566,84.5
852,0.1,568,84.5
854,2.0,562,84.5
855,2.9,565,84.5
854,1.8,568,84.5
856,3.7,567,84.5
855,2.6,566,84.5
854,1.5,570,84.5
853,0.5,568,84.5
855,2.4,567,84.5
857,4.2,567,84.5
854,1.2,568,84.5
855,2.1,569,84.5
855,2.0,568,84.5
853,-0.0,567,84.5
857,3.8,568,84.5
853,-0.2,567,84.5
855,1.8,566,84.5
854,0.7,566,84.5
854,0.7,565,84.5
854,0.7,567,84.5
857,3.5,568,84.5
856,2.4,568,84.5
855,1.4,570,84.5
855,1.3,569,84.5
854,0.3,568,84.5
855,1.2,568,84.5
854,0.2,568,84.5
856,2.1,567,84.5
855,1.1,568,84.5
856,2.0,568,84.5
856,1.9,570,84.5
855,0.9,568,84.5
855,0.9,567,84.5
855,0.8,568,84.5
857,2.7,569,84.5
856,1.6,570,84.5
856,1.6,569,84.5
855,0.6,570,84.5
858,3.4,569,84.5
856,1.4,569,84.5
856,1.3,569,84.5
857,2.2,569,84.5
858,3.1,568,84.5
858,3.0,568,84.5
855,-0.0,570,84.5
859,3.8,569,84.5
857,1.7,572,84.5
856,0.7,568,84.5
859,3.6,569,84.5
858,2.5,569,84.5
858,2.4,571,84.5
857,1.3,569,84.5
858,2.2,572,84.5
860,4.0,569,84.5
856,0.0,569,84.5
858,2.0,569,84.5
857,0.9,572,84.5
856,-0.1,570,84.5
859,2.8,569,84.5
859,2.7,570,84.5
858,1.6,570,84.5
860,3.5,569,84.5
857,0.5,570,84.5
857,0.4,569,84.5
855,-1.5,569,84.5
858,1.4,566,84.5
858,1.4,568,84.5
859,2.3,569,84.5
857,0.3,568,84.5
860,3.1,569,84.5
856,-0.8,570,84.5
859,2.1,566,84.5
860,3.0,568,84.5
860,2.9,569,84.5
858,0.8,572,84.5
858,0.8,569,84.5
859,1.7,568,84.5
858,0.7,567,84.5
859,1.6,571,84.5
860,2.5,571,84.5
861,3.4,571,84.5
862,4.2,569,84.5
859,1.2,571,84.5
858,0.1,571,84.5
856,-1.8,571,84.5
861,3.1,571,84.5
863,4.9,571,84.5
860,1.8,569,84.5
861,2.7,572,84.5
858,-0.3,571,84.5
858,-0.3,568,84.5
860,1.7,570,84.5
859,0.6,569,84.5
861,2.5,569,84.5
859,0.5,568,84.5
859,0.5,573,84.5
861,2.4,571,84.5
860,1.3,571,84.5
864,5.1,569,84.5
ESP-ROM:esp32s3-20210327
Build:Mar 27 2021
rst:0x1 (POWERON),boot:0x8 (SPI_FAST_FLASH_BOOT)
SPIWP:0xee
mode:DIO, clock div:1
load:0x3fce2810,len:0x1564
load:0x403c8700,len:0x4
load:0x403c8704,len:0xd24
load:0x403cb700,len:0x2ed4
entry 0x403c8928
[0;32mI (27) boot: ESP-IDF v5.4.2 2nd stage bootloader[0m
[0;32mI (27) boot: compile time May  7 2026 17:56:07[0m
[0;32mI (27) boot: Multicore bootloader[0m
[0;32mI (27) boot: chip revision: v0.2[0m
[0;32mI (30) boot: efuse block revision: v1.3[0m
[0;32mI (33) boot.esp32s3: Boot SPI Speed : 80MHz[0m
[0;32mI (37) boot.esp32s3: SPI Mode       : DIO[0m
[0;32mI (41) boot.esp32s3: SPI Flash Size : 2MB[0m
[0;32mI (45) boot: Enabling RNG early entropy source...[0m
[0;32mI (49) boot: Partition Table:[0m
[0;32mI (52) boot: ## Label            Usage          Type ST Offset   Length[0m
[0;32mI (58) boot:  0 nvs              WiFi data        01 02 00009000 00006000[0m
[0;32mI (65) boot:  1 phy_init         RF data          01 01 0000f000 00001000[0m
[0;32mI (71) boot:  2 factory          factory app      00 00 00010000 00100000[0m
[0;32mI (78) boot: End of partition table[0m
[0;32mI (81) esp_image: segment 0: paddr=00010020 vaddr=3c020020 size=0b878h ( 47224) map[0m
[0;32mI (97) esp_image: segment 1: paddr=0001b8a0 vaddr=3fc92a00 size=02a38h ( 10808) load[0m
[0;32mI (99) esp_image: segment 2: paddr=0001e2e0 vaddr=40374000 size=01d38h (  7480) load[0m
[0;32mI (105) esp_image: segment 3: paddr=00020020 vaddr=42000020 size=1b528h (111912) map[0m
[0;32mI (131) esp_image: segment 4: paddr=0003b550 vaddr=40375d38 size=0cc00h ( 52224) load[0m
[0;32mI (142) esp_image: segment 5: paddr=00048158 vaddr=600fe000 size=0001ch (    28) load[0m
[0;32mI (148) boot: Loaded app from partition at offset 0x10000[0m
[0;32mI (148) boot: Disabling RNG early entropy source...[0m
[0;32mI (160) cpu_start: Multicore app[0m
[0;32mI (169) cpu_start: Pro cpu start user code[0m
[0;32mI (169) cpu_start: cpu freq: 160000000 Hz[0m
[0;32mI (169) app_init: Application information:[0m
[0;32mI (169) app_init: Project name:     esp32_wire_scan[0m
[0;32mI (174) app_init: App version:      1[0m
[0;32mI (177) app_init: Compile time:     May  7 2026 17:54:44[0m
[0;32mI (182) app_init: ELF file SHA256:  e309648c0...[0m
[0;32mI (186) app_init: ESP-IDF:          v5.4.2[0m
[0;32mI (190) efuse_init: Min chip rev:     v0.0[0m
[0;32mI (194) efuse_init: Max chip rev:     v0.99 [0m
[0;32mI (198) efuse_init: Chip rev:         v0.2[0m
[0;32mI (202) heap_init: Initializing. RAM available for dynamic allocation:[0m
[0;32mI (208) heap_init: At 3FC95D28 len 000539E8 (334 KiB): RAM[0m
[0;32mI (213) heap_init: At 3FCE9710 len 00005724 (21 KiB): RAM[0m
[0;32mI (218) heap_init: At 3FCF0000 len 00008000 (32 KiB): DRAM[0m
[0;32mI (224) heap_init: At 600FE01C len 00001FCC (7 KiB): RTCRAM[0m
[0;32mI (230) spi_flash: detected chip: gd[0m
[0;32mI (232) spi_flash: flash io: dio[0m
[0;33mW (235) spi_flash: Detected size(16384k) larger than the size in the binary image header(2048k). Using the size in the binary image header.[0m
[0;32mI (248) sleep_gpio: Configure to isolate all GPIO pins in sleep state[0m
[0;32mI (254) sleep_gpio: Enable automatic switching of GPIO sleep configuration[0m
[0;32mI (261) main_task: Started on CPU0[0m
[0;32mI (280) main_task: Calling app_main()[0m
[0;32mI (282) ppg: Part ID: 0x15 (expected 0x15)[0m
[0;32mI (303) ppg: Streaming PPG at ~100 Hz. CSV columns: ir_raw,ir_ac,red_raw,bpm[0m
863,828.5,571,0.0
859,791.5,569,0.0
863,763.7,569,0.0
861,731.2,570,0.0
863,703.9,573,0.0
864,676.7,574,0.0
865,650.6,575,0.0
870,629.4,581,0.0
879,612.8,587,0.0
889,597.9,595,0.0
896,580.7,611,0.0
895,556.5,618,0.0
896,535.2,625,0.0
891,509.0,629,0.0
883,481.0,628,0.0
875,454.1,626,0.0
870,431.1,622,0.0
873,416.7,631,0.0
881,407.7,658,0.0
899,408.7,695,0.0
931,423.1,746,0.0
959,433.0,798,0.0
973,429.2,826,0.0
950,389.9,821,0.0
942,366.6,829,0.0
959,368.3,882,0.0
986,379.5,951,0.0
1096,469.9,1134,0.0
1358,702.6,1496,0.0
1805,1103.6,2042,0.0
2675,1894.7,2982,0.0
4209,3291.5,4522,0.0
6723,5573.3,6951,0.0
11135,9585.9,11025,0.0
18013,15805.4,17143,0.0
27191,23984.0,25050,0.0
37063,32501.8,33415,0.0
46167,39941.5,41216,0.0
54706,46541.3,49163,0.0
64117,53714.2,57213,0.0
73291,60372.7,65966,0.0
76920,61441.6,69645,0.0
74008,56188.4,67283,0.0
75864,55722.7,68845,0.0
84488,61772.8,77130,0.0
94621,69029.5,87613,0.0
98707,70190.9,97917,0.0
89240,58295.0,96582,0.0
80770,47832.0,91510,0.0
75823,41169.6,87966,0.0
70498,34410.8,83611,0.0
69350,31932.3,82417,0.0
69110,30424.6,82135,0.0
68915,29020.4,82081,0.0
68916,27860.5,82310,0.0
68818,26652.0,82238,0.0
68867,25633.0,82191,0.0
68837,24578.9,81987,0.0
68540,23310.6,81483,0.0
68404,22247.6,81134,0.0
68213,21174.4,80780,0.0
68005,20127.7,80423,0.0
67766,19093.1,80123,0.0
67700,18266.1,80058,0.0
68337,18146.9,81064,0.0
68403,17484.4,81335,0.0
69025,17382.2,81920,0.0
69563,17203.4,82388,0.0
69851,16791.7,82584,0.0
70008,16270.8,82661,0.0
70246,15848.4,82799,0.0
70390,15352.7,82848,0.0
70478,14823.1,82769,0.0
70542,14291.6,82735,0.0
70557,13734.3,82707,0.0
70565,13192.6,82746,0.0
70573,12672.6,82782,0.0
70652,12241.5,82879,0.0
70702,11799.9,82918,0.0
70805,11426.8,83005,0.0
70927,11086.8,83092,0.0
70964,10678.9,83126,0.0
70960,10247.9,83134,0.0
71012,9887.9,83202,0.0
70992,9473.2,83211,0.0
71014,9115.3,83242,0.0
71040,8775.7,83281,0.0
71064,8447.7,83316,0.0
71056,8102.1,83298,0.0
71106,7826.0,83288,0.0
71128,7534.1,83279,0.0
71165,7268.3,83315,0.0
71178,6990.0,83332,0.0
71221,6751.7,83383,0.0
71249,6508.5,83420,0.0
71269,6267.4,83446,0.0
71277,6024.4,83451,0.0
71314,5818.9,83489,0.0
71318,5590.0,83499,0.0
71302,5351.0,83496,0.0
71312,5146.6,83511,0.0
71340,4967.6,83552,0.0
71347,4775.6,83579,0.0
71376,4612.4,83606,0.0
71405,4455.8,83638,0.0
71408,4280.4,83635,0.0
71414,4115.0,83608,0.0
71403,3939.8,83579,0.0
71404,3783.2,83585,0.0
71418,3645.3,83608,0.0
71406,3488.0,83610,0.0
71401,3343.6,83615,0.0
71409,3217.6,83628,0.0
71413,3092.7,83626,0.0
71440,2994.9,83645,0.0
71465,2899.1,83668,0.0
71474,2791.8,83684,0.0
71492,2697.4,83699,0.0
71524,2620.2,83730,0.0
71545,2535.6,83754,0.0
71539,2428.4,83759,0.0
71554,2345.7,83757,0.0
71581,2277.8,83754,0.0
71572,2178.0,83721,0.0
71579,2097.6,83711,0.0
71613,2046.4,83740,0.0
71629,1979.9,83770,0.0
71654,1924.7,83796,0.0
71649,1842.9,83805,0.0
71669,1788.4,83819,0.0
71696,1742.7,83839,0.0
71720,1696.1,83853,0.0
71728,1635.9,83873,0.0
71737,1579.1,83887,0.0
71749,1527.5,83908,0.0
71782,1498.0,83929,0.0
71809,1464.0,83953,0.0
71828,1423.7,83969,0.0
71830,1368.7,83953,0.0
71815,1299.5,83915,0.0
71821,1253.3,83899,0.0
71834,1215.7,83914,0.0
71859,1191.0,83935,0.0
71864,1148.2,83958,0.0
71860,1098.4,83959,0.0
71876,1069.9,83975,0.0
71894,1044.3,83992,0.0
71929,1036.2,84017,0.0
71929,994.7,84023,0.0
71927,953.0,84026,0.0
71940,927.4,84041,0.0
71955,904.7,84061,0.0
71969,881.9,84073,0.0
71974,851.5,84081,0.0
72004,846.2,84096,0.0
72018,825.8,84083,0.0
71988,764.0,84027,0.0
72005,749.7,84028,0.0
72012,726.5,84034,0.0
72018,703.2,84032,0.0
72028,684.6,84053,0.0
72035,664.0,84075,0.0
72034,636.5,84075,0.0
72072,647.5,84096,0.0
72100,648.5,84120,0.0
72100,622.5,84124,0.0
72102,599.5,84128,0.0
72113,586.1,84144,0.0
72116,565.6,84156,0.0
72143,568.9,84169,0.0
72158,560.5,84187,0.0
72156,536.2,84188,0.0
72167,525.3,84185,0.0
72165,502.3,84160,0.0
72157,474.6,84129,0.0
72157,455.6,84128,0.0
72167,447.0,84133,0.0
72171,432.9,84140,0.0
72169,413.7,84147,0.0
72179,406.7,84167,0.0
72202,412.6,84190,0.0
72230,422.9,84207,0.0
72238,413.7,84216,0.0
72247,405.8,84227,0.0
72254,396.3,84241,0.0
72256,382.4,84256,0.0
72263,373.8,84268,0.0
72289,383.8,84281,0.0
72298,377.1,84294,0.0
72311,374.5,84315,0.0
72321,369.1,84314,0.0
72317,350.5,84274,0.0
72326,345.1,84267,0.0
72330,335.1,84266,0.0
72339,330.4,84271,0.0
72358,335.4,84288,0.0
72368,331.6,84307,0.0
72380,329.9,84328,0.0
72400,335.9,84354,0.0
72413,334.9,84367,0.0
72434,341.7,84381,0.0
72436,329.9,84391,0.0
72434,314.8,84397,0.0
72460,327.2,84422,0.0
72467,320.8,84435,0.0
72470,310.9,84438,0.0
72485,312.8,84460,0.0
72491,306.1,84471,0.0
72493,295.7,84460,0.0
72485,276.2,84425,0.0
72474,254.6,84398,0.0
72467,237.7,84387,0.0
72475,235.9,84395,0.0
72480,231.3,84405,0.0
72484,225.9,84419,0.0
72486,218.7,84432,0.0
72496,219.6,84436,0.0
72508,222.3,84453,0.0
72518,223.0,84467,0.0
72528,223.7,84475,0.0
72534,220.5,84483,0.0
72546,223.2,84498,0.0
72548,216.2,84507,0.0
72555,214.3,84515,0.0
72566,216.3,84524,0.0
72560,201.9,84525,0.0
72556,189.9,84506,0.0
72549,175.6,84463,0.0
72547,166.7,84444,0.0
72543,156.2,84439,0.0
72553,159.5,84451,0.0
72550,150.3,84458,0.0
72556,150.0,84470,0.0
72568,155.5,84491,0.0
72591,171.4,84511,0.0
72607,179.9,84524,0.0
72615,180.4,84528,0.0
72619,177.0,84542,0.0
72625,175.7,84551,0.0
72632,175.4,84566,0.0
72644,179.9,84582,0.0
72662,190.0,84599,0.0
72657,177.6,84605,0.0
72661,174.3,84607,0.0
72670,176.0,84601,0.0
72650,149.7,84554,0.0
72637,131.3,84521,0.0
72635,124.1,84520,0.0
72638,122.0,84523,0.0
72638,117.1,84535,0.0
72639,113.4,84556,0.0
72640,109.8,84572,0.0
72660,124.6,84583,0.0
72692,150.4,84603,0.0
72699,151.1,84619,0.0
72689,135.4,84623,0.0
72694,134.8,84628,0.0
72703,138.1,84650,0.0
72703,132.5,84654,0.0
72711,134.9,84665,0.0
72713,131.4,84672,0.0
72716,129.1,84678,0.0
72705,113.3,84655,0.0
72699,103.0,84609,0.0
72688,88.4,84588,0.0
72690,86.7,84588,0.0
72684,77.5,84591,0.0
72670,61.0,84587,0.0
72678,66.2,84604,0.0
72690,75.1,84617,0.0
72694,75.9,84618,0.0
72709,87.3,84627,0.0
72710,84.8,84634,0.0
72706,77.5,84637,0.0
72712,80.2,84657,0.0
72709,74.1,84659,0.0
72710,72.1,84666,0.0
72720,78.8,84674,0.0
72724,79.5,84687,0.0
72734,85.9,84690,0.0
72730,78.6,84650,0.0
72713,59.2,84607,0.0
72704,48.2,84589,0.0
72702,44.3,84594,0.0
72715,55.0,84612,0.0
72723,60.5,84632,0.0
72720,55.2,84641,0.0
72717,50.1,84645,0.0
72736,66.4,84654,0.0
72734,61.8,84656,0.0
72707,33.4,84653,0.0
72697,22.5,84655,0.0
72705,29.2,84671,0.0
72720,42.5,84677,0.0
72743,62.8,84701,0.0
72760,76.7,84720,0.0
72758,71.7,84725,0.0
72748,59.2,84711,0.0
72716,26.1,84647,0.0
72701,10.7,84605,0.0
72710,18.9,84610,0.0
72696,4.7,84612,0.0
72692,0.7,84620,0.0
72701,9.3,84643,0.0
72703,10.8,84658,0.0
72717,23.8,84662,0.0
72745,49.8,84678,0.0
72754,56.4,84694,0.0
72736,36.9,84693,0.0
72729,28.7,84700,0.0
72747,44.8,84719,0.0
72767,62.2,84745,0.0
72779,71.2,84754,0.0
72797,85.7,84772,0.0
72815,99.5,84785,0.0
72808,88.8,84768,0.0
72785,63.2,84718,0.0
72749,26.1,84671,0.0
72728,4.9,84654,0.0
72747,22.9,84673,0.0
72748,23.0,84689,0.0
72753,26.9,84707,0.0
72760,32.5,84718,0.0
72785,55.2,84731,0.0
72797,64.5,84735,0.0
72793,58.1,84746,0.0
72767,30.8,84739,0.0
72761,23.8,84746,0.0
72776,37.3,84756,0.0
72794,53.1,84771,0.0
72813,69.2,84785,0.0
72816,69.3,84799,0.0
72824,74.2,84798,0.0
72814,61.6,84756,0.0
72799,44.8,84710,0.0
72792,36.3,84699,0.0
72793,35.8,84704,0.0
72788,29.5,84709,0.0
72803,42.8,84727,0.0
72806,43.9,84743,0.0
72807,43.1,84738,0.0
72824,57.7,84748,0.0
72841,71.7,84767,0.0
72852,79.4,84787,0.0
72848,72.4,84793,0.0
72849,70.5,84806,0.0
72858,76.3,84818,0.0
72872,86.7,84831,0.0
72882,92.8,84847,0.0
72885,92.0,84858,0.0
72855,59.5,84812,0.0
72829,32.2,84752,0.0
72799,2.1,84717,0.0
72795,-1.9,84712,0.0
72809,11.7,84725,0.0
72825,26.6,84732,0.0
72834,34.1,84756,0.0
72828,27.0,84763,0.0
72828,25.9,84764,0.0
72837,33.5,84770,0.0
72837,32.2,84769,0.0
72831,25.1,84777,0.0
72829,22.2,84785,0.0
72854,45.3,84816,0.0
72871,59.8,84830,0.0
72865,51.7,84842,0.0
72875,59.2,84848,0.0
72880,61.6,84835,0.0
72851,31.3,84773,0.0
72844,23.4,84741,0.0
72846,24.3,84740,0.0
72853,30.1,84752,0.0
72861,36.6,84775,0.0
72867,40.9,84801,0.0
72881,52.7,84817,0.0
72908,76.5,84831,0.0
72938,102.2,84850,0.0
72950,109.7,84866,0.0
72938,93.8,84863,0.0
72928,80.4,84869,0.0
72940,88.7,84885,0.0
72945,90.0,84897,0.0
72939,80.6,84908,0.0
72927,65.8,84902,0.0
72924,60.3,84881,0.0
72894,29.1,84817,0.0
72884,18.4,84776,0.0
72891,24.3,84777,0.0
72914,45.5,84797,0.0
72924,53.2,84813,0.0
72928,54.9,84832,0.0
72926,50.8,84843,0.0
72934,56.5,84849,0.0
72945,64.8,84856,0.0
72955,71.8,84864,0.0
72968,81.4,84883,0.0
72968,78.1,84894,0.0
72983,89.4,84908,0.0
72997,99.3,84925,0.0
73008,105.9,84940,0.0
73012,105.5,84954,0.0
72994,84.0,84933,0.0
72946,34.5,84852,0.0
72920,8.2,84799,0.0
72909,-2.7,84789,0.0
72904,-7.4,84789,0.0
72905,-6.1,84796,0.0
72931,19.1,84826,0.0
72936,23.1,84838,0.0
72942,27.9,84842,0.0
72970,53.7,84856,0.0
72984,65.0,84870,0.0
72983,61.4,84876,0.0
72986,61.9,84894,0.0
72983,56.5,84903,0.0
72996,66.7,84921,0.0
73010,77.5,84940,0.0
73006,70.6,84948,0.0
73010,71.6,84952,0.0
72995,54.3,84898,0.0
72971,29.1,84839,0.0
72967,24.1,84824,0.0
72964,20.2,84819,0.0
72972,27.1,84838,0.0
72972,26.0,84850,0.0
72977,29.8,84867,0.0
72989,40.1,84879,0.0
73003,52.0,84885,0.0
73006,52.8,84897,0.0
73004,48.7,84902,0.0
72996,39.1,84909,0.0
72995,36.6,84916,0.0
73009,48.5,84937,0.0
73023,60.0,84953,0.0
73036,70.1,84965,0.0
73046,76.9,84987,0.0
73046,73.8,84968,0.0
73025,50.7,84914,0.0
73010,34.3,84873,0.0
73003,26.2,84873,0.0
72994,16.5,84879,0.0
72995,16.8,84891,0.0
72994,15.2,84906,0.0
72997,17.5,84917,0.0
73015,34.0,84926,0.0
73029,46.1,84935,0.0
73046,60.6,84948,0.0
73062,73.5,84969,0.0
73068,76.3,84986,0.0
73089,93.4,85010,0.0
73110,109.9,85030,0.0
73138,132.4,85047,0.0
73189,176.0,85093,0.0
73232,210.3,85108,0.0
73232,201.9,85074,0.0
73215,177.5,85039,0.0
73216,171.3,85039,0.0
73223,171.2,85056,0.0
73247,187.4,85081,0.0
73257,189.5,85106,0.0
73259,183.8,85114,0.0
73256,173.6,85112,0.0
73272,182.0,85130,0.0
73279,181.4,85136,0.0
73262,157.9,85133,0.0
73269,158.3,85149,0.0
73283,165.4,85168,0.0
73307,181.8,85179,0.0
73329,195.7,85205,0.0
73344,202.2,85222,0.0
73322,173.0,85182,0.0
73291,136.3,85114,0.0
73290,129.9,85092,0.0
73298,132.4,85102,0.0
73298,127.1,85105,0.0
73306,129.7,85122,0.0
73310,128.4,85143,0.0
73308,121.3,85147,0.0
73332,139.5,85160,0.0
73354,155.0,85174,0.0
73353,147.9,85178,0.0
73359,147.7,85186,0.0
73365,147.6,85206,0.0
73370,146.5,85214,0.0
73381,151.2,85225,0.0
73394,157.6,85240,0.0
73404,160.9,85254,0.0
73372,123.7,85210,0.0
73331,79.4,85135,0.0
73327,72.4,85115,0.0
73315,58.0,85107,0.0
73305,46.1,85107,0.0
73304,43.3,85111,0.0
73304,41.5,85125,0.0
73302,38.0,85132,0.0
73299,33.6,85126,0.0
73307,39.9,85124,0.0
73314,45.0,85135,0.0
73309,38.4,85142,0.0
73305,33.0,85151,0.0
73306,32.7,85153,0.0
73314,39.1,85162,0.0
73318,41.3,85174,0.0
73314,35.8,85176,0.0
73294,15.2,85140,0.0
73254,-23.8,85064,0.0
73258,-19.0,85047,0.0
73251,-25.0,85038,0.0
73239,-35.5,85034,0.0
73242,-31.2,85040,0.0
73242,-29.9,85049,0.0
73239,-31.6,85051,0.0
73261,-9.2,85069,0.0
73269,-1.2,85068,0.0
73271,0.8,85068,0.0
73257,-12.7,85073,0.0
73266,-3.5,85087,0.0
73272,2.4,85090,0.0
73276,6.1,85104,0.0
73274,3.9,85104,0.0
73259,-10.6,85099,0.0
73228,-40.0,85054,0.0
73215,-50.8,84998,0.0
73202,-61.3,84966,0.0
73183,-77.1,84943,0.0
73186,-71.1,84946,0.0
73182,-72.1,84952,0.0
73174,-76.9,84954,0.0
73167,-80.5,84951,0.0
73201,-44.7,84968,0.0
73212,-32.3,84975,0.0
73208,-34.9,84977,0.0
73218,-23.9,84985,0.0
73233,-8.5,85009,0.0
73239,-2.4,85018,0.0
73252,10.1,85038,0.0
73270,27.0,85049,0.0
73273,28.8,85058,0.0
73262,17.1,85049,0.0
73244,-0.9,84990,0.0
73245,0.1,84951,0.0
73235,-9.5,84931,0.0
73229,-14.8,84922,0.0
73231,-12.3,84926,0.0
73226,-16.6,84927,0.0
73224,-17.9,84938,0.0
73230,-11.4,84949,0.0
73249,7.3,84957,0.0
73254,11.8,84967,0.0
73255,12.3,84971,0.0
73258,14.7,84980,0.0
73271,26.6,84992,0.0
73271,25.5,85003,0.0
73283,36.0,85013,0.0
73302,52.8,85033,0.0
73308,56.4,85046,0.0
73302,48.4,85044,0.0
73296,40.7,85024,0.0
73274,18.0,84964,0.0
73247,-8.7,84917,0.0
73233,-21.8,84894,0.0
73238,-16.1,84895,0.0
73239,-14.5,84907,0.0
73230,-22.5,84910,0.0
73216,-35.1,84910,0.0
73242,-8.7,84936,0.0
73248,-2.6,84941,0.0
73248,-2.5,84943,0.0
73237,-13.0,84946,0.0
73233,-16.3,84950,0.0
73234,-14.7,84949,0.0
73234,-14.1,84950,0.0
73245,-3.0,84961,0.0
73267,18.3,84974,0.0
73266,16.6,84980,0.0
73264,14.0,84988,0.0
73242,-7.7,84964,0.0
73211,-37.1,84897,0.0
73190,-55.8,84864,0.0
73193,-50.7,84850,0.0
73201,-41.0,84850,0.0
73201,-39.3,84861,0.0
73201,-37.8,84870,0.0
73210,-27.6,84888,0.0
73231,-6.4,84908,0.0
73239,1.6,84914,0.0
73231,-6.2,84908,0.0
73229,-7.8,84910,0.0
73238,1.1,84919,0.0
73241,4.0,84930,0.0
73249,11.5,84940,0.0
73264,25.4,84954,0.0
73286,45.5,84970,0.0
73288,45.6,84988,0.0
73284,40.0,84990,0.0
73272,26.8,84946,0.0
73260,14.2,84909,0.0
73238,-7.4,84880,0.0
73241,-4.3,84872,0.0
73245,-0.3,84871,0.0
73250,4.6,84888,0.0
73247,1.5,84895,0.0
73244,-1.4,84902,0.0
73262,15.9,84920,0.0
73256,9.5,84917,0.0
73249,2.4,84908,0.0
73259,11.9,84921,0.0
73276,27.7,84944,0.0
73284,34.3,84955,0.0
73295,43.5,84969,0.0
73307,53.3,84989,0.0
73305,49.2,84987,0.0
73322,63.6,85002,0.0
73330,68.7,85005,0.0
73296,33.3,84944,0.0
73267,4.2,84884,0.0
73254,-8.5,84868,0.0
73246,-15.8,84851,0.0
73244,-17.1,84845,0.0
73241,-19.3,84846,0.0
73243,-16.6,84860,0.0
73245,-14.0,84874,0.0
73259,-0.0,84889,0.0
73257,-2.0,84884,0.0
73251,-7.6,84882,0.0
73250,-8.3,84887,0.0
73261,2.6,84898,0.0
73275,15.9,84924,0.0
73272,12.4,84931,0.0
73282,21.5,84941,0.0
73292,30.3,84958,0.0
73307,43.4,84973,0.0
73331,64.7,84996,0.0
73323,54.5,84962,0.0
73281,12.0,84895,0.0
73264,-4.8,84861,0.0
73263,-5.6,84855,0.0
73273,4.2,84866,0.0
73275,6.0,84881,0.0
73280,10.5,84895,0.0
73290,19.7,84909,0.0
73305,33.3,84931,0.0
73306,33.0,84934,0.0
73298,24.0,84930,0.0
73292,17.2,84933,0.0
73297,21.4,84950,0.0
73309,32.0,84961,0.0
73328,49.0,84977,0.0
73339,57.6,84995,0.0
73335,51.4,85003,0.0
73334,48.4,85014,0.0
73351,62.8,85026,0.0
73334,44.0,84987,0.0
73304,13.4,84934,0.0
73303,11.9,84918,0.0
73301,9.5,84907,0.0
73312,19.7,84910,0.0
73334,40.0,84936,0.0
73341,45.1,84959,0.0
73326,28.9,84960,0.0
73322,23.9,84955,0.0
73317,18.2,84947,0.0
73310,10.7,84939,0.0
73302,2.6,84941,0.0
73314,14.0,84961,0.0
73303,2.9,84969,0.0
73307,6.6,84974,0.0
73323,21.7,84992,0.0
73341,38.1,85012,0.0
73333,28.9,85014,0.0
73327,22.0,84993,0.0
73310,4.8,84937,0.0
73271,-32.8,84877,0.0
73246,-55.5,84851,0.0
73259,-40.8,84860,0.0
73265,-33.4,84869,0.0
73259,-37.8,84876,0.0
73271,-24.8,84892,0.0
73284,-11.3,84901,0.0
73306,10.3,84913,0.0
73306,9.8,84923,0.0
73310,13.3,84931,0.0
73323,25.2,84943,0.0
73330,30.9,84966,0.0
73329,28.7,84972,0.0
73342,40.1,84989,0.0
73351,47.1,85009,0.0
73355,49.1,85021,0.0
73341,33.7,85005,0.0
73320,12.2,84948,0.0
73306,-1.8,84895,0.0
73306,-1.7,84886,0.0
73291,-16.0,84874,0.0
73280,-25.9,84873,0.0
73271,-33.6,84876,0.0
73266,-37.0,84888,0.0
73272,-29.8,84892,0.0
73278,-22.8,84904,0.0
73279,-20.9,84904,0.0
73277,-22.0,84905,0.0
73270,-27.9,84911,0.0
73280,-17.2,84938,0.0
73287,-9.8,84951,0.0
73296,-0.7,84960,0.0
73317,19.5,84986,0.0
73306,8.1,84989,0.0
73320,21.2,84998,0.0
73300,1.2,84947,0.0
73271,-26.7,84884,0.0
73249,-46.7,84857,0.0
73246,-47.8,84858,0.0
73250,-42.0,84861,0.0
73244,-46.1,84867,0.0
73244,-44.2,84881,0.0
73245,-41.5,84880,0.0
73273,-13.0,84888,0.0
73284,-1.9,84895,0.0
73284,-1.8,84911,0.0
73279,-6.5,84915,0.0
73288,2.4,84929,0.0
73305,18.6,84950,0.0
73315,27.4,84958,0.0
73323,34.0,84974,0.0
73310,20.2,84977,0.0
73304,13.6,84966,0.0
73282,-8.0,84910,0.0
73257,-31.7,84846,0.0
73248,-39.1,84822,0.0
73243,-42.3,84820,0.0
73245,-38.7,84828,0.0
73238,-43.9,84835,0.0
73240,-40.2,84856,0.0
73242,-36.7,84859,0.0
73257,-20.8,84864,0.0
73267,-10.4,84873,0.0
73262,-14.8,84878,0.0
73244,-31.5,84876,0.0
73250,-24.4,84887,0.0
73268,-6.2,84909,0.0
73279,4.6,84925,0.0
73286,11.2,84941,0.0
73294,18.4,84958,0.0
73286,10.0,84948,0.0
73257,-18.3,84885,0.0
73240,-33.9,84824,0.0
73244,-28.7,84813,0.0
73224,-46.7,84805,0.0
73226,-42.9,84807,0.0
73230,-37.4,84827,0.0
73229,-36.8,84836,0.0
73230,-34.4,84838,0.0
73257,-7.1,84859,0.0
73273,8.5,84873,0.0
73265,0.5,84880,0.0
73246,-17.8,84874,0.0
73257,-6.5,84885,0.0
73272,8.2,84909,0.0
73275,10.7,84927,0.0
73269,4.5,84933,0.0
73268,3.4,84935,0.0
73269,4.2,84940,0.0
73249,-15.1,84894,0.0
73237,-26.1,84836,0.0
73233,-28.9,84822,0.0
73216,-44.0,84805,0.0
73227,-31.7,84822,0.0
73229,-28.5,84836,0.0
73234,-22.6,84855,0.0
73237,-18.8,84866,0.0
73255,-0.8,84882,0.0
73244,-11.3,84868,0.0
73237,-17.6,84871,0.0
73240,-14.0,84880,0.0
73253,-0.9,84907,0.0
73254,0.1,84912,0.0
73274,19.3,84929,0.0
73280,24.3,84945,0.0
73309,51.1,84967,0.0
73320,59.6,84959,0.0
73286,24.6,84891,0.0
73265,3.5,84839,0.0
73259,-2.4,84823,0.0
73257,-4.3,84831,0.0
73239,-21.4,84830,0.0
73231,-28.2,84838,0.0
73218,-39.5,84834,0.0
73223,-33.2,84834,0.0
73243,-12.6,84847,0.0
73246,-9.2,84852,0.0
73234,-20.4,84852,0.0
73239,-14.8,84862,0.0
73241,-12.3,84877,0.0
73248,-5.1,84886,0.0
73268,14.3,84903,0.0
73289,33.9,84930,0.0
73292,35.5,84931,0.0
73250,-6.3,84861,0.0
73223,-31.9,84786,0.0
73213,-40.3,84761,0.0
73210,-41.5,84756,0.0
73207,-42.8,84764,0.0
73202,-45.8,84774,0.0
73186,-59.4,84773,0.0
73180,-62.8,84774,0.0
73198,-43.0,84790,0.0
73209,-30.7,84799,0.0
73200,-38.1,84801,0.0
73195,-41.4,84807,0.0
73211,-24.4,84826,0.0
73216,-18.6,84843,0.0
73237,2.3,84866,0.0
73259,23.4,84889,0.0
73268,31.1,84900,0.0
73252,14.5,84870,0.0
73218,-18.8,84797,0.0
73206,-29.5,84762,0.0
73200,-34.1,84758,0.0
73198,-34.7,84762,0.0
73205,-26.6,84778,0.0
73215,-15.9,84800,0.0
73209,-21.0,84803,0.0
73225,-4.8,84808,0.0
73246,15.5,84819,0.0
73233,2.4,84800,0.0
73228,-2.5,84805,0.0
73219,-11.0,84818,0.0
73222,-7.7,84832,0.0
73207,-21.8,84832,0.0
73195,-32.4,84831,0.0
73199,-27.3,84838,0.0
73186,-38.7,84824,0.0
73167,-55.4,84763,0.0
73147,-72.4,84709,0.0
73120,-95.4,84684,0.0
73120,-91.6,84690,0.0
73120,-87.9,84696,0.0
73116,-88.2,84712,0.0
73100,-100.0,84708,0.0
73117,-79.7,84713,0.0
73136,-58.3,84728,0.0
73128,-63.6,84722,0.0
73138,-51.5,84732,0.0
73147,-40.8,84745,0.0
73171,-16.1,84777,0.0
73182,-4.9,84792,0.0
73177,-9.5,84796,0.0
73178,-8.2,84802,0.0
73171,-14.6,84783,0.0
73136,-47.6,84707,0.0
73120,-61.0,84658,0.0
73119,-59.6,84650,0.0
73115,-61.0,84651,0.0
73118,-55.7,84663,0.0
73113,-58.3,84673,0.0
73100,-68.4,84672,0.0
73098,-67.6,84669,0.0
73115,-48.6,84678,0.0
73117,-44.7,84685,0.0
73126,-34.3,84696,0.0
73134,-25.2,84715,0.0
73154,-5.0,84737,0.0
73178,18.2,84761,0.0
73198,36.7,84786,0.0
73202,39.1,84794,0.0
73168,4.9,84757,0.0
73147,-15.5,84690,0.0
73133,-28.3,84646,0.0
73114,-45.4,84624,0.0
73109,-48.4,84626,0.0
73104,-51.3,84633,0.0
73092,-60.7,84632,0.0
73077,-72.7,84622,0.0
73082,-65.0,84626,0.0
73100,-45.1,84644,0.0
73092,-51.0,84641,0.0
73088,-52.8,84639,0.0
73091,-47.8,84652,0.0
73098,-39.2,84666,0.0
73109,-27.0,84685,0.0
73131,-4.8,84705,0.0
73151,14.6,84727,0.0
73136,-0.4,84708,0.0
73123,-12.9,84655,0.0
73115,-20.0,84611,0.0
73102,-31.7,84592,0.0
73106,-26.6,84598,0.0
73093,-38.0,84604,0.0
73075,-53.8,84600,0.0
73077,-49.7,84616,0.0
73092,-33.3,84615,0.0
73101,-23.4,84629,0.0
73094,-29.1,84627,0.0
73097,-25.1,84640,0.0
73090,-30.8,84643,0.0
73086,-33.4,84654,0.0
73102,-16.7,84661,0.0
73114,-4.5,84675,0.0
73113,-5.3,84682,0.0
73116,-2.2,84684,0.0
73097,-20.4,84640,0.0
73061,-54.1,84578,0.0
73031,-80.8,84530,0.0
73012,-95.8,84501,0.0
73011,-92.9,84503,0.0
72991,-108.4,84507,0.0
72984,-110.8,84512,0.0
72996,-94.8,84517,0.0
73011,-76.6,84524,0.0
73014,-70.7,84526,0.0
73001,-80.3,84530,0.0
72971,-105.9,84514,0.0
72971,-101.7,84516,0.0
72991,-78.4,84532,0.0
72993,-73.3,84537,0.0
72986,-77.1,84536,0.0
72997,-63.5,84545,0.0
72986,-71.5,84502,0.0
72972,-82.1,84444,0.0
72966,-84.6,84423,0.0
72961,-86.0,84416,0.0
72954,-89.3,84409,0.0
72959,-80.9,84427,0.0
72956,-80.5,84436,0.0
72952,-81.2,84437,0.0
72974,-56.8,84453,0.0
72984,-44.9,84463,0.0
72964,-62.3,84455,0.0
72962,-61.7,84460,0.0
72962,-59.3,84475,0.0
72956,-62.7,84480,0.0
72972,-44.8,84498,0.0
72982,-33.4,84507,0.0
72988,-26.3,84520,0.0
72987,-26.2,84504,0.0
72969,-42.5,84440,0.0
72948,-60.9,84381,0.0
72931,-74.8,84364,0.0
72929,-73.7,84357,0.0
72933,-66.9,84371,0.0
72934,-63.3,84379,0.0
72932,-62.7,84388,0.0
72946,-46.7,84400,0.0
72969,-22.8,84421,0.0
72968,-22.8,84418,0.0
72979,-11.4,84432,0.0
72995,4.4,84458,0.0
72990,-0.5,84467,0.0
72983,-7.2,84475,0.0
72982,-7.9,84477,0.0
72972,-17.2,84482,0.0
72971,-17.5,84484,0.0
72976,-12.0,84462,0.0
72961,-25.9,84414,0.0
72940,-45.0,84365,0.0
72933,-49.9,84362,0.0
72932,-48.9,84356,0.0
72926,-52.7,84355,0.0
72939,-38.1,84375,0.0
72928,-47.1,84378,0.0
72939,-34.7,84389,0.0
72957,-16.0,84398,0.0
72944,-27.9,84394,0.0
72933,-37.3,84393,0.0
72947,-22.4,84406,0.0
72987,16.9,84434,0.0
73035,62.3,84465,0.0
73067,90.5,84498,0.0
73090,109.0,84530,0.0
73092,106.6,84521,0.0
73071,82.1,84461,0.0
73054,62.5,84415,0.0
73041,47.6,84398,0.0
73049,53.3,84400,0.0
73060,61.8,84423,0.0
73077,75.6,84449,0.0
73066,62.0,84456,0.0
73056,50.0,84450,0.0
73084,74.8,84466,0.0
73089,76.6,84476,0.0
73072,57.3,84467,0.0
73078,60.7,84476,0.0
73089,68.9,84501,0.0
73094,70.9,84507,0.0
73115,88.2,84530,0.0
73135,103.9,84555,0.0
73128,93.0,84549,0.0
73116,77.8,84504,0.0
73110,68.9,84454,0.0
73117,72.9,84441,0.0
73113,66.1,84444,0.0
73099,50.0,84442,0.0
73107,55.7,84465,0.0
73096,42.9,84469,0.0
73097,42.2,84474,0.0
73126,68.3,84495,0.0
73121,60.8,84496,0.0
73099,37.2,84483,0.0
73106,42.5,84494,0.0
73120,54.2,84521,0.0
73128,59.7,84528,0.0
73166,93.8,84564,0.0
73178,101.6,84589,0.0
73163,83.1,84590,0.0
73164,80.8,84574,0.0
73147,61.2,84509,0.0
73129,41.5,84463,0.0
73107,18.7,84437,0.0
73101,12.2,84436,0.0
73097,7.9,84442,0.0
73075,-13.6,84436,0.0
73069,-18.8,84444,0.0
73092,4.0,84467,0.0
73097,8.7,84466,0.0
73090,1.6,84461,0.0
73087,-1.3,84465,0.0
73064,-23.4,84460,0.0
73063,-23.4,84465,0.0
73082,-4.2,84493,0.0
73095,8.4,84506,0.0
73079,-7.3,84506,0.0
73090,3.6,84515,0.0
73083,-3.3,84489,0.0
73059,-26.2,84421,0.0
73058,-26.1,84398,0.0
73025,-56.7,84371,0.0
73010,-68.9,84355,0.0
73027,-49.8,84383,0.0
73022,-52.6,84404,0.0
73008,-63.9,84401,0.0
73029,-41.2,84403,0.0
73053,-16.5,84423,0.0
73041,-27.4,84424,0.0
73034,-33.0,84424,0.0
73040,-25.9,84438,0.0
73046,-19.1,84449,0.0
73056,-8.8,84460,0.0
73056,-8.4,84464,0.0
73063,-1.4,84482,0.0
73050,-13.8,84453,0.0
73003,-58.3,84362,0.0
73016,-43.5,84324,0.0
73003,-54.3,84315,0.0
72990,-64.6,84308,0.0
72999,-53.4,84323,0.0
73005,-45.5,84343,0.0
72992,-56.1,84342,0.0
73005,-41.4,84358,0.0
73015,-30.1,84365,0.0
73009,-34.7,84367,0.0
73003,-39.1,84374,0.0
73019,-22.2,84396,0.0
73027,-13.6,84412,0.0
73030,-10.2,84418,0.0
73034,-5.9,84430,0.0
73033,-6.6,84444,0.0
73021,-17.9,84435,0.0
73000,-37.3,84371,0.0
72980,-55.1,84300,0.0
72967,-65.3,84276,0.0
72938,-90.6,84261,0.0
72951,-74.5,84271,0.0
72969,-54.2,84301,0.0
72975,-46.3,84326,0.0
72977,-42.5,84327,0.0
73014,-5.3,84357,0.0
73032,12.2,84374,0.0
73030,9.8,84380,0.0
73045,23.8,84405,0.0
73051,28.6,84425,0.0
73053,29.4,84433,0.0
73071,45.5,84453,0.0
73083,55.2,84480,0.0
73083,53.0,84486,0.0
73077,45.1,84461,0.0
73049,16.4,84387,0.0
73028,-4.4,84345,0.0
73020,-11.9,84332,0.0
73027,-4.7,84345,0.0
73025,-6.4,84356,0.0
73022,-9.1,84372,0.0
73028,-2.9,84387,0.0
73050,18.3,84407,0.0
73058,25.2,84414,0.0
73040,6.9,84410,0.0
73033,-0.1,84411,0.0
73043,9.5,84429,0.0
73070,35.1,84457,0.0
73079,42.3,84475,0.0
73087,48.3,84493,0.0
73103,61.7,84506,0.0
73086,42.9,84459,0.0
73047,3.8,84393,0.0
73039,-4.0,84364,0.0
73028,-14.4,84353,0.0
73035,-7.1,84356,0.0
73040,-2.1,84377,0.0
73026,-15.4,84387,0.0
73027,-13.8,84390,0.0
73063,21.3,84409,0.0
73073,30.0,84416,0.0
73078,33.6,84426,0.0
73095,48.6,84446,0.0
73096,47.6,84462,0.0
73097,46.7,84474,0.0
73122,68.8,84496,0.0
73125,68.9,84513,0.0
73112,53.7,84495,0.0
73086,26.6,84423,0.0
73069,9.2,84370,0.0
73060,0.2,84357,0.0
73054,-5.6,84356,0.0
73061,1.4,84362,0.0
73067,7.1,84376,0.0
73075,14.5,84402,0.0
73097,35.0,84416,0.0
73121,56.7,84439,0.0
73124,57.3,84448,0.0
73132,62.7,84457,0.0
73144,71.7,84481,0.0
73141,65.9,84492,0.0
73144,66.2,84503,0.0
73167,85.6,84530,0.0
73173,87.9,84546,0.0
73175,86.3,84534,0.0
73160,68.5,84475,0.0
73129,36.0,84413,0.0
73129,34.6,84406,0.0
73130,34.1,84413,0.0
73127,29.9,84423,0.0
73138,39.3,84448,0.0
73133,32.9,84463,0.0
73126,24.9,84462,0.0
73138,35.4,84461,0.0
73146,41.6,84464,0.0
73148,41.9,84473,0.0
73132,24.9,84477,0.0
73136,27.7,84489,0.0
73137,27.6,84493,0.0
73139,28.4,84502,0.0
73146,34.0,84515,0.0
73162,48.0,84522,0.0
73139,24.0,84462,0.0
73115,-0.0,84405,0.0
73120,4.8,84398,0.0
73130,14.2,84410,0.0
73132,15.5,84423,0.0
73137,19.7,84442,0.0
73139,20.8,84451,0.0
73173,52.6,84468,0.0
73194,70.7,84487,0.0
73198,71.7,84491,0.0
73199,69.8,84497,0.0
73210,77.6,84523,0.0
73224,87.9,84544,0.0
73230,90.2,84557,0.0
73245,100.9,84567,0.0
73245,96.9,84573,0.0
73222,70.9,84532,0.0
73183,30.7,84451,0.0
73173,19.8,84404,0.0
73169,15.2,84396,0.0
73185,30.0,84409,0.0
73191,34.5,84434,0.0
73197,38.9,84453,0.0
73195,35.4,84453,0.0
73192,31.1,84452,0.0
73191,28.9,84448,0.0
73202,38.3,84463,0.0
73194,29.1,84468,0.0
73195,28.9,84483,0.0
73204,36.4,84493,0.0
73229,58.9,84516,0.0
73222,49.9,84523,0.0
73214,40.2,84513,0.0
73210,34.8,84467,0.0
73178,2.6,84393,0.0
73167,-8.0,84365,0.0
73170,-4.8,84371,0.0
73168,-6.5,84374,0.0
73167,-7.2,84387,0.0
73166,-7.9,84402,0.0
73175,1.0,84413,0.0
73194,19.2,84428,0.0
73212,35.8,84442,0.0
73230,51.6,84461,0.0
73226,45.7,84473,0.0
73236,53.5,84494,0.0
73278,91.7,84537,0.0
73290,99.5,84559,0.0
73293,98.4,84566,0.0
73294,95.4,84567,0.0
73271,69.5,84518,0.0
73248,44.7,84461,0.0
73234,29.4,84435,0.0
73239,33.1,84436,0.0
73224,17.3,84435,0.0
73208,1.3,84446,0.0
73192,-14.1,84460,0.0
73200,-5.9,84464,0.0
73223,16.4,84481,0.0
73228,20.6,84488,0.0
73241,32.2,84501,0.0
73235,25.2,84508,0.0
73261,49.1,84534,0.0
73285,70.2,84562,0.0
73282,64.5,84567,0.0
73291,70.6,84583,0.0
73288,64.9,84562,0.0
73251,26.8,84500,0.0
73235,10.3,84470,0.0
73228,3.2,84453,0.0
73239,13.6,84450,0.0
73243,16.9,84461,0.0
73235,8.6,84468,0.0
73238,11.1,84467,0.0
73255,27.0,84473,0.0
73267,37.4,84483,0.0
73266,35.0,84495,0.0
73260,27.8,84500,0.0
73262,28.6,84509,0.0
73277,41.9,84523,0.0
73287,49.8,84535,0.0
73297,57.4,84551,0.0
73284,42.6,84525,0.0
73253,11.2,84462,0.0
73241,-0.8,84414,0.0
73215,-25.7,84382,0.0
73197,-42.0,84360,0.0
73187,-49.9,84352,0.0
73182,-52.7,84363,0.0
73159,-72.7,84368,0.0
73163,-65.9,84369,0.0
73179,-47.9,84375,0.0
73186,-39.3,84380,0.0
73163,-59.8,84374,0.0
73165,-55.5,84377,0.0
73184,-35.0,84401,0.0
73192,-25.9,84422,0.0
73201,-16.3,84434,0.0
73193,-23.3,84435,0.0
73176,-38.7,84384,0.0
73137,-74.6,84302,0.0
73120,-87.9,84268,0.0
73102,-101.7,84244,0.0
73107,-92.8,84242,0.0
73122,-74.7,84267,0.0
73123,-70.8,84283,0.0
73124,-67.0,84297,0.0
73143,-46.0,84306,0.0
73148,-39.4,84315,0.0
73150,-35.9,84321,0.0
73144,-40.2,84326,0.0
73157,-26.1,84345,0.0
73172,-10.7,84364,0.0
73180,-2.6,84381,0.0
73189,6.2,84399,0.0
73191,7.8,84402,0.0
73167,-15.5,84346,0.0
73146,-35.1,84285,0.0
73144,-35.6,84265,0.0
73146,-32.2,84263,0.0
73158,-19.4,84272,0.0
73164,-12.9,84291,0.0
73157,-19.1,84300,0.0
73167,-8.7,84314,0.0
73189,12.8,84333,0.0
73186,9.4,84334,0.0
73156,-19.8,84316,0.0
73151,-23.8,84321,0.0
73168,-6.5,84342,0.0
73181,6.2,84364,0.0
73181,5.9,84373,0.0
73191,15.3,84386,0.0
73181,5.1,84364,0.0
73148,-26.8,84293,0.0
73146,-27.6,84265,0.0
73139,-33.3,84252,0.0
73138,-32.9,84245,0.0
73147,-22.9,84262,0.0
73147,-22.0,84279,0.0
73141,-26.9,84274,0.0
73169,1.0,84298,0.0
73178,9.6,84308,0.0
73170,1.6,84308,0.0
73165,-3.3,84315,0.0
73161,-7.0,84328,0.0
73160,-7.7,84332,0.0
73187,18.6,84359,0.0
73200,30.3,84378,0.0
73196,25.2,84374,0.0
73159,-11.3,84302,0.0
73140,-29.1,84236,0.0
73124,-43.3,84205,0.0
73105,-59.8,84187,0.0
73101,-61.2,84191,0.0
73106,-54.0,84204,0.0
73102,-55.7,84219,0.0
73091,-64.0,84217,0.0
73117,-36.5,84243,0.0
73131,-21.6,84258,0.0
73124,-27.4,84254,0.0
73120,-30.2,84258,0.0
73136,-13.6,84272,0.0
73139,-10.2,84292,0.0
73148,-1.1,84310,0.0
73151,1.8,84328,0.0
73142,-6.9,84319,0.0
73122,-25.9,84265,0.0
73097,-48.8,84196,0.0
73081,-62.2,84162,0.0
73058,-81.8,84139,0.0
73057,-79.5,84140,0.0
73043,-89.8,84139,0.0
73053,-76.6,84159,0.0
73057,-69.7,84173,0.0
73077,-47.7,84193,0.0
73098,-25.6,84211,0.0
73096,-26.5,84219,0.0
73090,-31.2,84223,0.0
73111,-9.8,84264,0.0
73128,6.9,84290,0.0
73133,11.4,84298,0.0
73143,20.6,84314,0.0
73168,43.7,84347,0.0
73162,36.2,84332,0.0
73137,10.8,84266,0.0
73132,5.5,84219,0.0
73129,2.4,84210,0.0
73136,9.1,84214,0.0
73146,18.3,84238,0.0
73155,26.2,84269,0.0
73159,29.0,84279,0.0
73170,38.4,84296,0.0
73200,65.7,84315,0.0
73193,56.3,84324,0.0
73177,38.7,84320,0.0
73182,42.0,84329,0.0
73197,54.7,84350,0.0
73211,65.9,84367,0.0
73213,65.2,84380,0.0
73217,66.4,84394,0.0
73220,66.7,84391,0.0
73190,35.2,84321,0.0
73191,34.7,84284,0.0
73190,32.4,84267,0.0
73193,34.0,84263,0.0
73207,46.1,84288,0.0
73208,45.2,84312,0.0
73197,32.8,84316,0.0
73227,60.3,84340,0.0
73261,90.5,84362,0.0
73252,78.3,84368,0.0
73242,65.5,84372,0.0
73239,60.0,84378,0.0
73251,69.2,84393,0.0
73266,80.8,84412,0.0
73284,94.8,84428,0.0
73286,93.0,84445,0.0
73247,51.8,84388,0.0
73189,-6.0,84293,0.0
73170,-24.0,84238,0.0
73170,-23.0,84221,0.0
73178,-14.4,84232,0.0
73158,-33.0,84235,0.0
73161,-28.8,84247,0.0
73164,-24.8,84260,0.0
73184,-4.6,84278,0.0
73214,24.4,84308,0.0
73212,21.5,84311,0.0
73200,9.1,84316,0.0
73205,13.5,84330,0.0
73210,17.8,84347,0.0
73228,34.4,84365,0.0
73232,36.8,84381,0.0
73230,33.5,84383,0.0
73205,8.1,84330,0.0
73165,-30.6,84246,0.0
73149,-44.7,84207,0.0
73143,-48.7,84201,0.0
73147,-42.9,84214,0.0
73155,-33.5,84233,0.0
73155,-32.2,84251,0.0
73161,-25.1,84267,0.0
73193,6.6,84294,0.0
73204,16.9,84310,0.0
73221,32.5,84328,0.0
73233,42.8,84354,0.0
73245,52.6,84378,0.0
73274,78.3,84410,0.0
73302,102.0,84445,0.0
73311,106.6,84464,0.0
73299,90.8,84446,0.0
73277,66.1,84388,0.0
73262,49.0,84344,0.0
73248,33.6,84319,0.0
73255,39.0,84320,0.0
73266,48.0,84337,0.0
73289,68.2,84379,0.0
73287,63.5,84389,0.0
73299,72.5,84398,0.0
73332,101.3,84425,0.0
73334,99.1,84434,0.0
73334,95.2,84449,0.0
73338,95.2,84464,0.0
73355,107.7,84486,0.0
73382,129.3,84517,0.0
73392,133.8,84535,0.0
73398,134.2,84537,0.0
73367,99.0,84472,0.0
73338,67.2,84404,0.0
73335,61.7,84385,0.0
73350,73.6,84398,0.0
73357,77.4,84413,0.0
73372,88.7,84449,0.0
73371,84.2,84467,0.0
73375,84.6,84473,0.0
73407,112.0,84490,0.0
73417,117.1,84512,0.0
73399,95.1,84501,0.0
73385,77.9,84505,0.0
73399,88.2,84524,0.0
73401,86.6,84536,0.0
73391,73.5,84539,0.0
73403,82.1,84537,0.0
73376,52.9,84471,0.0
73337,13.4,84395,0.0
73330,6.1,84375,0.0
73310,-13.3,84357,0.0
73297,-25.3,84353,0.0
73330,7.4,84388,0.0
73325,2.3,84401,0.0
73313,-9.3,84400,0.0
73314,-8.0,84402,0.0
73331,8.7,84414,0.0
73334,11.2,84420,0.0
73334,10.8,84430,0.0
73347,22.8,84455,0.0
73352,26.7,84470,0.0
73359,32.3,84487,0.0
73377,48.3,84503,0.0
73361,31.0,84455,0.0
73330,0.0,84380,0.0
73319,-10.5,84346,0.0
73319,-10.1,84340,0.0
73339,9.5,84363,0.0
73344,13.9,84386,0.0
73341,10.5,84407,0.0
73349,17.7,84415,0.0
73380,46.8,84441,0.0
73399,63.1,84464,0.0
73392,53.9,84468,0.0
73392,51.8,84477,0.0
73405,62.2,84500,0.0
73412,66.4,84520,0.0
73422,73.3,84536,0.0
73435,82.9,84557,0.0
73435,79.6,84546,0.0
73404,46.6,84481,0.0
73382,23.6,84425,0.0
73379,19.8,84409,0.0
73386,25.7,84416,0.0
73399,37.2,84439,0.0
73408,44.3,84465,0.0
73421,55.0,84484,0.0
73449,79.7,84510,0.0
73456,83.3,84517,0.0
73473,96.2,84542,0.0
73467,86.6,84549,0.0
73461,77.4,84551,0.0
73485,97.4,84574,0.0
73508,115.5,84603,0.0
73507,110.0,84614,0.0
73497,96.0,84600,0.0
73469,65.2,84535,0.0
73427,22.3,84452,0.0
73409,4.1,84414,0.0
73413,7.8,84413,0.0
73418,12.3,84426,0.0
73419,12.8,84444,0.0
73411,4.6,84462,0.0
73419,12.1,84464,0.0
73436,27.9,84476,0.0
73455,45.0,84492,0.0
73453,41.3,84496,0.0
73445,32.0,84506,0.0
73448,33.6,84521,0.0
73467,50.5,84543,0.0
73480,61.0,84561,39.5
73484,62.4,84580,39.5
73442,19.5,84515,39.5
73376,-44.6,84404,39.5
73352,-65.9,84348,39.5
73342,-72.8,84333,39.5
73336,-75.7,84330,39.5
73340,-68.8,84341,39.5
73343,-63.2,84361,39.5
73347,-56.8,84375,39.5
73369,-33.4,84397,39.5
73381,-20.6,84409,39.5
73396,-5.3,84424,39.5
73385,-15.7,84426,39.5
73381,-18.9,84444,39.5
73393,-6.6,84460,39.5
73415,14.8,84487,39.5
73421,19.9,84504,39.5
73402,0.9,84482,39.5
73359,-40.4,84398,39.5
73339,-58.0,84333,39.5
73326,-68.2,84314,39.5
73332,-59.7,84320,39.5
73351,-39.0,84341,39.5
73366,-23.1,84374,39.5
73370,-18.3,84391,39.5
73384,-4.1,84407,39.5
73405,16.2,84424,39.5
73429,38.6,84448,39.5
73446,53.3,84472,42.0
73444,49.3,84488,42.0
73471,73.2,84520,42.0
73501,99.1,84558,42.0
73506,99.9,84574,42.0
73510,99.8,84587,42.0
73503,89.1,84553,42.0
73468,51.9,84469,42.0
73463,45.0,84433,42.0
73471,50.9,84438,42.0
73471,48.9,84449,42.0
73487,62.3,84475,42.0
73505,77.1,84512,42.0
73509,77.8,84527,42.0
73524,89.1,84538,42.0
73537,98.0,84547,42.0
73547,103.7,84569,42.0
73547,99.6,84582,42.0
73556,104.2,84595,42.0
73576,119.2,84619,42.0
73573,111.6,84632,42.0
73576,110.0,84647,42.0
73560,90.2,84612,42.0
73511,39.6,84513,42.0
73481,9.2,84450,42.0
73477,5.0,84435,42.0
73486,13.4,84438,42.0
73496,22.5,84459,42.0
73512,37.0,84492,42.0
73495,19.2,84494,42.0
73500,23.2,84494,42.0
73531,52.0,84518,42.0
73536,54.8,84532,42.0
73518,35.3,84533,42.0
73526,41.5,84553,42.0
73537,50.4,84568,42.0
73556,66.7,84589,42.0
73564,71.7,84612,42.0
73547,52.5,84594,42.0
73491,-3.4,84495,42.0
73451,-41.6,84409,42.0
73434,-56.3,84377,42.0
73428,-59.8,84370,42.0
73420,-65.1,84370,42.0
73419,-63.4,84390,42.0
73416,-63.8,84406,42.0
73421,-56.4,84407,42.0
73452,-24.4,84430,42.0
73472,-4.2,84454,42.0
73476,-0.2,84469,42.0
73473,-3.1,84478,42.0
73479,2.8,84494,42.0
73491,14.2,84508,42.0
73523,44.3,84551,42.0
73538,57.0,84570,50.3
73493,11.5,84494,50.3
73459,-21.6,84415,50.3
73457,-22.7,84388,50.3
73452,-26.6,84377,50.3
73476,-2.5,84402,50.3
73505,25.5,84445,50.3
73497,16.8,84456,50.3
73503,21.9,84472,50.3
73541,57.5,84501,73.5
73556,69.6,84519,73.5
73563,73.5,84533,73.5
73562,69.6,84541,73.5
73579,83.1,84568,73.5
73593,93.3,84590,73.5
73611,106.8,84617,73.5
73621,112.1,84632,73.5
73584,72.1,84572,73.5
73546,32.8,84488,73.5
73542,27.6,84455,73.5
73534,18.8,84445,73.5
73541,24.8,84457,73.5
73557,39.2,84491,73.5
73547,28.0,84502,73.5
73558,37.4,84509,73.5
73587,63.8,84537,73.5
73603,76.6,84550,73.5
73596,66.8,84559,73.5
73591,59.3,84565,73.5
73597,62.7,84582,73.5
73616,78.5,84604,73.5
73633,91.6,84625,73.5
73619,74.5,84616,73.5
73568,22.6,84530,73.5
73518,-26.3,84437,73.5
73495,-47.3,84401,73.5
73489,-51.2,84382,73.5
73487,-51.1,84392,73.5
73476,-59.6,84397,73.5
73466,-66.8,84413,73.5
73466,-64.1,84419,73.5
73492,-36.6,84431,73.5
73506,-21.7,84450,73.5
73501,-25.6,84453,73.5
73492,-33.3,84458,73.5
73509,-15.6,84475,73.5
73526,1.3,84494,73.5
73545,19.5,84522,73.5
73520,-5.3,84513,73.5
73464,-58.8,84413,73.5
73427,-92.0,84328,73.5
73395,-119.0,84279,73.5
73367,-141.1,84251,73.5
73371,-131.6,84257,73.5
73383,-114.9,84287,73.5
73362,-130.4,84284,73.5
73360,-127.1,84281,73.5
73393,-90.4,84310,73.5
73409,-71.4,84328,73.5
73418,-59.9,84344,73.5
73419,-56.5,84365,73.5
73435,-38.9,84390,73.5
73454,-19.1,84417,73.5
73473,-0.1,84440,73.5
73489,15.3,84460,73.5
73473,-0.7,84417,73.5
73425,-46.8,84332,73.5
73400,-68.9,84283,73.5
73393,-72.9,84278,73.5
73411,-52.7,84291,73.5
73431,-31.3,84319,73.5
73420,-40.7,84330,73.5
73427,-32.3,84343,73.5
73443,-15.7,84359,73.5
73447,-11.2,84364,73.5
73448,-9.8,84374,73.5
73443,-14.2,84385,73.5
73454,-3.1,84401,73.5
73471,13.4,84425,73.5
73491,32.0,84453,73.5
73502,41.3,84466,73.5
73475,13.8,84408,73.5
73439,-21.4,84330,73.5
73432,-27.2,84299,73.5
73433,-25.2,84301,73.5
73435,-22.2,84307,73.5
73428,-28.1,84321,73.5
73416,-38.5,84325,73.5
73423,-30.2,84331,73.5
73442,-10.8,84344,73.5
73437,-15.1,84341,73.5
73425,-26.0,84340,73.5
73429,-21.2,84351,73.5
73433,-16.5,84368,73.5
73441,-8.1,84380,73.5
73451,1.8,84396,73.5
73430,-18.4,84373,73.5
73382,-63.8,84281,73.5
73340,-101.6,84198,73.5
73309,-127.3,84159,73.5
73292,-138.5,84143,73.5
73287,-137.7,84138,73.5
73318,-102.5,84175,73.5
73305,-110.8,84184,73.5
73299,-112.2,84177,73.5
73315,-92.3,84192,73.5
73328,-76.2,84205,73.5
73323,-77.9,84207,73.5
73324,-73.8,84217,73.5
73347,-48.8,84243,73.5
73362,-32.5,84262,73.5
73367,-26.4,84279,73.5
73329,-61.8,84236,73.5
73271,-115.0,84127,73.5
73247,-133.4,84063,73.5
73217,-156.9,84028,73.5
73214,-153.5,84027,73.5
73224,-137.8,84043,73.5
73243,-114.0,84078,73.5
73249,-103.7,84087,73.5
73268,-81.3,84112,73.5
73297,-50.2,84135,73.5
73305,-40.5,84150,73.5
73305,-38.9,84164,73.5
73304,-38.3,84177,73.5
73330,-11.8,84206,73.5
73351,8.8,84238,73.5
73374,30.6,84262,73.5
73377,32.2,84257,73.5
73329,-15.2,84172,73.5
73311,-31.8,84117,73.5
73295,-45.9,84091,73.5
73307,-32.6,84099,73.5
73316,-22.6,84115,73.5
73331,-7.3,84145,73.5
73319,-18.5,84156,73.5
73338,0.4,84166,73.5
73358,19.6,84184,73.5
73352,13.1,84178,73.5
73345,5.8,84187,73.5
73347,7.5,84195,73.5
73364,23.5,84216,73.5
73352,11.1,84219,73.5
73347,5.8,84220,73.5
73327,-13.6,84179,73.5
73270,-67.8,84083,73.5
73228,-105.4,84017,73.5
73210,-118.4,83988,73.5
73210,-113.7,83987,73.5
73220,-99.6,83998,73.5
73242,-74.5,84025,73.5
73244,-69.6,84040,73.5
73253,-58.1,84046,73.5
73264,-45.3,84059,73.5
73270,-37.7,84072,73.5
73255,-50.6,84066,73.5
73264,-39.9,84084,73.5
73287,-16.2,84115,73.5
73279,-23.3,84120,73.5
73267,-33.9,84112,73.5
73243,-55.5,84054,73.5
73184,-110.0,83951,73.5
73154,-134.4,83901,73.5
73129,-153.0,83869,73.5
73126,-149.7,83866,73.5
73114,-155.3,83869,73.5
73101,-161.5,83874,73.5
73101,-155.1,83877,73.5
73104,-146.0,83884,73.5
73117,-127.7,83895,73.5
73131,-109.1,83913,73.5
73129,-106.7,83917,73.5
73129,-102.4,83927,73.5
73155,-73.4,83962,73.5
73162,-63.7,83988,73.5
73144,-78.4,83978,73.5
73110,-107.9,83904,73.5
73071,-141.1,83823,73.5
73049,-156.5,83779,73.5
73048,-151.2,83768,73.5
73077,-117.3,83798,73.5
73095,-95.4,83830,73.5
73089,-97.3,83847,73.5
73093,-89.6,83862,73.5
73117,-63.0,83889,73.5
73125,-52.8,83890,73.5
73140,-36.2,83908,73.5
73130,-44.4,83920,73.5
73136,-36.9,83930,73.5
73177,4.0,83974,73.5
73190,16.3,83999,73.5
73197,22.4,84008,73.5
73174,-0.6,83955,73.5
73129,-43.8,83877,73.5
73111,-59.3,83842,73.5
73090,-77.1,83825,73.5
73088,-75.9,83830,73.5
73097,-64.3,83843,73.5
73081,-77.0,83848,73.5
73085,-70.1,83857,73.5
73115,-38.5,83874,73.5
73121,-31.2,83877,73.5
73121,-30.0,83882,73.5
73126,-24.0,83899,73.5
73142,-7.6,83919,73.5
73136,-13.1,83925,73.5
73153,3.7,83949,73.5
73152,2.6,83936,73.5
73112,-35.9,83859,73.5
73078,-67.1,83795,73.5
73057,-84.6,83761,73.5
73060,-78.3,83756,73.5
73061,-74.2,83762,73.5
73076,-56.8,83787,73.5
73064,-66.1,83792,73.5
73060,-67.3,83785,73.5
73069,-55.9,83797,73.5
73073,-49.9,83803,73.5
73064,-56.5,83811,73.5
73074,-44.7,83824,73.5
73097,-20.8,83859,73.5
73117,-0.8,83884,73.5
73109,-8.4,83885,73.5
73084,-32.1,83840,73.5
73035,-77.8,83750,73.5
73005,-103.5,83689,73.5
72992,-111.9,83667,73.5
73000,-99.7,83676,73.5
73004,-91.9,83686,73.5
72996,-95.9,83696,73.5
73000,-88.2,83705,73.5
73013,-72.2,83725,73.5
73033,-50.1,83742,73.5
73052,-29.9,83762,73.5
73028,-51.7,83758,73.5
73034,-43.9,83776,73.5
73068,-9.5,83811,73.5
73084,6.3,83837,73.5
73107,28.1,83865,73.5
73090,10.6,83836,73.5
73051,-27.2,83758,73.5
73049,-28.1,83725,73.5
73055,-21.2,83719,73.5
73066,-9.8,83733,73.5
73064,-11.3,83742,73.5
73087,11.2,83777,73.5
73105,28.1,83810,73.5
73122,43.3,83824,73.5
73155,73.2,83859,73.5
73157,72.2,83873,73.5
73158,70.3,83881,73.5
73170,79.0,83901,73.5
73189,94.1,83928,73.5
73227,126.8,83969,73.5
73239,133.2,83993,73.5
73217,106.8,83956,73.5
73191,77.5,83896,73.5
73177,61.0,83855,73.5
73161,43.2,83834,73.5
73170,50.1,83837,73.5
73186,63.5,83860,73.5
73198,72.5,83894,73.5
73186,58.0,83890,73.5
73220,88.4,83910,73.5
73234,98.3,83923,73.5
73223,83.8,83928,73.5
73206,64.1,83925,73.5
73217,72.1,83937,73.5
73240,91.3,83963,73.5
73252,99.2,83979,73.5
73245,88.5,83980,73.5
73213,54.2,83918,73.5
73181,21.3,83838,73.5
73164,4.1,83801,73.5
73156,-3.7,83785,73.5
73148,-11.2,83779,73.5
73172,12.3,83810,73.5
73181,20.4,83837,73.5
73157,-3.4,83823,73.5
73190,28.4,83845,73.5
73199,35.9,83853,73.5
73195,30.6,83857,73.5
73203,37.1,83872,73.5
73220,51.9,83899,73.5
73219,48.9,83911,73.5
73229,56.5,83926,73.5
73238,62.9,83940,66.8
73196,20.1,83866,66.8
73144,-30.7,83766,66.8
73123,-49.6,83725,66.8
73098,-71.6,83703,66.8
73121,-46.7,83724,66.8
73147,-19.8,83759,66.8
73167,0.2,83798,66.8
73169,2.1,83804,66.8
73192,24.1,83824,66.8
73218,48.1,83858,66.8
73217,45.2,83868,66.8
73205,31.9,83869,66.8
73225,49.8,83899,66.8
73269,90.0,83942,74.9
73294,110.4,83974,74.9
73319,130.0,84007,74.9
73309,115.2,83974,74.9
73265,68.4,83892,74.9
73261,61.8,83860,74.9
73262,60.3,83848,74.9
73277,72.3,83869,74.9
73285,77.1,83891,74.9
73293,81.7,83918,74.9
73302,87.0,83931,74.9
73334,114.3,83956,74.9
73365,139.5,83986,74.9
73382,150.2,84012,74.9
73376,138.4,84018,74.9
73384,140.6,84033,74.9
73407,157.0,84065,74.9
73416,159.4,84085,74.9
73437,173.2,84107,74.9
73410,140.3,84057,74.9
73358,84.8,83968,74.9
73335,59.3,83923,74.9
73322,44.5,83901,74.9
73331,51.3,83913,74.9
73334,52.2,83929,74.9
73331,47.2,83943,74.9
73338,52.0,83952,74.9
73372,82.6,83982,74.9
73381,87.9,83986,74.9
73367,71.0,83984,74.9
73365,66.2,83992,74.9
73379,77.0,84013,74.9
73402,96.0,84038,74.9
73430,119.0,84077,74.9
73442,125.8,84097,74.9
73410,90.0,84038,74.9
73361,39.4,83949,74.9
73334,11.9,83892,74.9
73324,1.8,83879,74.9
73337,14.2,83890,74.9
73338,14.6,83906,74.9
73347,22.7,83923,74.9
73335,10.3,83929,74.9
73357,31.0,83941,74.9
73376,48.0,83959,74.9
73382,51.8,83969,74.9
73384,51.7,83981,74.9
73380,45.8,83990,74.9
73381,44.9,84006,74.9
73386,47.9,84016,74.9
73407,66.1,84044,74.9
73415,71.2,84044,74.9
73361,16.5,83956,74.9
73309,-34.1,83860,74.9
73304,-37.5,83834,74.9
73302,-38.0,83835,74.9
73299,-39.3,83840,74.9
73324,-13.7,83869,74.9
73324,-13.2,83895,74.9
73338,0.8,83908,74.9
73370,31.5,83936,74.9
73383,42.7,83957,74.9
73385,42.9,83963,74.9
73393,48.8,83984,74.9
73400,53.6,84002,74.9
73425,75.5,84038,74.9
73440,86.8,84058,74.9
73463,105.5,84095,74.9
73447,85.9,84058,74.9
73416,52.7,83987,74.9
73401,36.2,83938,74.9
73403,36.7,83932,74.9
73411,42.9,83939,74.9
73417,46.9,83962,74.9
73413,41.2,83977,74.9
73423,49.1,83991,74.9
73453,76.0,84018,74.9
73465,84.5,84033,74.9
73476,91.7,84051,74.9
73463,75.5,84052,74.9
73470,79.2,84076,74.9
73504,108.7,84106,74.9
73527,126.4,84143,74.9
73542,135.8,84165,74.9
73536,124.6,84157,74.9
73511,95.6,84089,74.9
73476,58.2,84022,74.9
73454,34.7,83988,74.9
73447,26.6,83976,74.9
73459,37.1,83998,74.9
73455,31.7,84011,74.9
73432,8.4,84003,74.9
73466,40.7,84024,74.9
73490,62.1,84050,74.9
73481,51.0,84047,74.9
73472,40.3,84051,74.9
73464,31.0,84059,74.9
73475,40.3,84073,74.9
73506,68.5,84107,69.0
73521,80.1,84136,69.0
73513,69.3,84128,69.0
73464,19.4,84043,69.0
73422,-21.7,83964,69.0
73403,-39.0,83918,69.0
73397,-43.2,83904,69.0
73398,-40.5,83912,69.0
73400,-37.0,83930,69.0
73399,-36.5,83941,69.0
73408,-26.4,83959,69.0
73439,4.4,83982,69.0
73457,21.5,84002,69.0
73460,23.6,84009,69.0
73468,30.3,84026,69.0
73486,46.4,84057,69.0
73513,70.4,84088,74.2
73534,87.8,84123,74.2
73543,92.9,84144,74.2
73524,70.9,84093,74.2
73465,11.5,83997,74.2
73437,-15.9,83934,74.2
73425,-26.8,83910,74.2
73431,-19.9,83918,74.2
73458,6.8,83957,74.2
73460,8.4,83981,74.2
73456,4.3,83988,74.2
73483,30.0,84009,74.2
73512,56.7,84044,84.4
73524,65.9,84061,84.4
73520,59.4,84076,84.4
73538,74.3,84098,84.4
73565,97.3,84135,84.4
73589,116.4,84161,84.4
73614,135.8,84199,84.4
73625,140.9,84214,84.4
73588,99.8,84146,84.4
73551,60.2,84060,84.4
73536,43.4,84023,84.4
73533,38.8,84014,84.4
73547,50.7,84034,84.4
73563,64.0,84067,84.4
73567,65.3,84088,84.4
73583,78.1,84109,84.4
73609,99.9,84129,84.4
73622,108.4,84146,84.4
73644,125.2,84174,84.4
73635,111.5,84189,84.4
73645,116.7,84204,84.4
73682,147.5,84250,84.4
73705,163.7,84279,84.4
73708,160.0,84292,84.4
73682,128.7,84238,84.4
73651,93.8,84164,84.4
73626,66.0,84118,84.4
73621,58.6,84105,84.4
73639,73.5,84125,84.4
73637,68.6,84153,84.4
73632,61.1,84166,84.4
73653,78.8,84192,84.4
73679,100.6,84208,84.4
73695,112.0,84230,84.4
73714,125.7,84249,84.4
73720,126.4,84271,84.4
73725,126.2,84286,84.4
73749,144.2,84318,84.4
73779,167.2,84359,84.4
73786,167.2,84378,84.4
73751,127.0,84320,84.4
73714,86.4,84239,84.4
73678,48.3,84171,84.4
73652,21.4,84128,84.4
73651,19.6,84132,84.4
73677,43.8,84160,84.4
73681,45.9,84187,84.4
73674,37.3,84192,84.4
73691,52.2,84203,84.4
73710,68.3,84225,84.4
73728,82.9,84248,73.5
73725,76.7,84261,73.5
73705,54.4,84256,73.5
73710,57.0,84265,73.5
73746,89.3,84306,73.5
73779,117.4,84357,73.5
73773,107.0,84342,73.5
73716,48.0,84245,73.5
73684,15.3,84171,73.5
73662,-6.4,84134,73.5
73673,4.4,84139,73.5
73701,31.1,84179,73.5
73705,33.7,84203,73.5
73699,26.6,84212,73.5
73737,62.0,84239,73.5
73764,85.4,84268,78.8
73786,103.1,84293,78.8
73805,117.3,84325,78.8
73805,112.6,84341,78.8
73822,124.4,84366,78.8
73844,140.5,84394,78.8
73864,154.1,84428,78.8
73862,146.0,84426,78.8
73802,82.6,84336,78.8
73746,25.5,84238,78.8
73716,-4.3,84189,78.8
73732,11.2,84201,78.8
73732,10.8,84211,78.8
73735,13.2,84232,78.8
73732,9.8,84239,78.8
73742,19.0,84246,78.8
73752,27.9,84253,78.8
73758,32.5,84258,78.8
73765,37.9,84271,78.8
73742,14.3,84269,78.8
73736,8.0,84271,78.8
73760,30.7,84295,78.8
73776,44.9,84319,78.8
73756,23.9,84300,78.8
73693,-37.6,84208,78.8
73654,-73.5,84118,78.8
73618,-105.1,84067,78.8
73618,-100.9,84058,78.8
73634,-81.5,84079,78.8
73640,-72.5,84100,78.8
73629,-80.2,84105,78.8
73634,-72.2,84112,78.8
73644,-59.7,84119,78.8
73646,-55.4,84123,78.8
73651,-48.3,84140,78.8
73636,-60.8,84133,78.8
73645,-49.7,84154,78.8
73650,-43.0,84168,78.8
73665,-26.8,84192,78.8
73654,-36.3,84153,78.8
73619,-68.5,84073,78.8
73594,-89.7,84022,78.8
73583,-96.7,84001,78.8
73588,-88.0,84004,78.8
73605,-68.2,84028,78.8
73611,-59.7,84047,78.8
73619,-49.6,84069,78.8
73643,-24.6,84090,78.8
73654,-13.1,84101,78.8
73674,6.7,84127,78.8
73681,13.1,84145,78.8
73706,36.6,84178,78.8
73732,60.1,84208,78.8
73749,74.0,84239,78.8
73749,71.0,84253,78.8
73723,43.2,84197,78.8
73695,14.6,84123,78.8
73666,-13.8,84069,78.8
73668,-11.3,84064,78.8
73676,-3.2,84079,78.8
73677,-2.1,84103,78.8
73686,6.6,84121,78.8
73686,6.4,84129,78.8
73700,19.5,84146,78.8
73717,35.1,84161,78.8
73708,25.0,84169,78.8
73704,20.2,84167,78.8
73720,34.7,84199,78.8
73727,40.1,84214,78.8
73731,42.3,84230,78.8
73752,60.8,84264,80.7
73717,24.7,84212,80.7
73656,-34.8,84112,80.7
73609,-78.5,84038,80.7
73586,-97.5,84007,80.7
73593,-86.8,84012,80.7
73616,-61.3,84045,80.7
73623,-52.1,84072,80.7
73619,-53.9,84076,80.7
73640,-31.6,84095,80.7
73660,-11.1,84118,80.7
73662,-8.7,84136,80.7
73665,-5.5,84150,80.7
73670,-0.5,84169,80.7
73675,4.3,84190,80.7
73687,15.7,84212,80.7
73711,38.1,84249,80.7
73706,31.8,84249,80.7
73653,-20.4,84157,80.7
73615,-56.0,84085,80.7
73608,-60.5,84064,80.7
73612,-54.3,84072,80.7
73628,-36.7,84100,80.7
73637,-26.6,84127,80.7
73629,-33.2,84137,80.7
73639,-22.3,84148,80.7
73650,-10.9,84160,80.7
73667,5.9,84181,80.7
73656,-4.9,84188,80.7
73646,-14.3,84191,80.7
73671,10.3,84216,80.7
73693,31.0,84255,80.7
73713,48.9,84281,74.0
73741,73.9,84312,74.0
73692,23.9,84235,74.0
73644,-23.2,84149,74.0
73634,-31.8,84120,74.0
73656,-9.4,84138,74.0
73693,26.5,84184,74.0
73705,36.9,84213,74.0
73698,28.7,84222,74.0
73722,50.6,84243,92.5
73754,79.3,84285,92.5
73761,82.9,84289,92.5
73760,78.6,84302,92.5
73756,71.6,84311,92.5
73773,85.0,84343,92.5
73791,98.9,84366,92.5
73816,119.0,84392,92.5
73783,82.5,84341,92.5
73709,8.2,84229,92.5
73678,-21.9,84167,92.5
73671,-27.7,84144,92.5
73667,-30.5,84138,92.5
73680,-16.8,84172,92.5
73691,-5.5,84199,92.5
73677,-18.8,84201,92.5
73712,15.6,84218,92.5
73738,39.9,84249,92.5
73739,39.3,84258,92.5
73736,34.8,84265,92.5
73749,45.9,84289,92.5
73770,64.2,84316,88.3
73786,77.0,84342,88.3
73798,85.5,84353,88.3
73751,36.9,84262,88.3
73683,-29.8,84155,88.3
73664,-46.9,84111,88.3
73662,-46.9,84111,88.3
73664,-43.1,84118,88.3
73674,-31.8,84145,88.3
73669,-35.3,84160,88.3
73673,-30.1,84167,88.3
73697,-5.8,84192,88.3
73718,14.6,84206,88.3
73727,22.6,84224,88.3
73734,28.4,84242,88.3
73748,40.7,84273,88.3
73771,61.2,84303,89.7
73814,100.0,84354,89.7
73798,80.7,84329,89.7
73738,19.8,84228,89.7
73711,-6.9,84162,89.7
73690,-26.8,84133,89.7
73707,-9.4,84145,89.7
73713,-3.2,84171,89.7
73721,4.6,84195,89.7
73729,12.1,84208,89.7
73750,31.7,84231,89.7
73771,50.6,84254,99.0
73783,60.1,84269,99.0
73796,70.2,84293,99.0
73814,84.7,84320,99.0
73833,99.5,84345,99.0
73852,113.8,84376,99.0
73878,134.2,84413,99.0
73870,121.1,84386,99.0
73824,72.1,84306,99.0
73795,41.4,84245,99.0
73790,35.0,84229,99.0
73809,51.8,84247,99.0
73817,57.4,84275,99.0
73817,55.1,84287,99.0
73808,44.3,84283,99.0
73830,63.6,84299,99.0
73847,77.4,84317,99.0
73849,76.2,84330,99.0
73833,57.8,84327,99.0
73846,68.0,84345,99.0
73864,82.5,84367,99.0
73873,87.9,84388,99.0
73875,86.3,84398,99.0
73833,42.5,84327,99.0
73778,-12.0,84234,99.0
73762,-26.9,84192,99.0
73758,-29.6,84179,99.0
73763,-23.7,84184,99.0
73760,-25.6,84197,99.0
73743,-40.9,84195,99.0
73749,-33.5,84197,99.0
73781,-1.4,84218,99.0
73792,9.2,84229,99.0
73785,2.1,84244,99.0
73779,-3.7,84243,99.0
73788,5.0,84261,99.0
73800,16.4,84273,99.0
73811,26.3,84295,99.0
73805,19.5,84297,99.0
73770,-14.9,84228,99.0
73724,-58.5,84138,99.0
73695,-84.0,84084,99.0
73666,-108.5,84046,99.0
73671,-99.3,84049,99.0
73666,-100.1,84059,99.0
73668,-94.2,84066,99.0
73667,-91.4,84072,99.0
73695,-60.9,84101,99.0
73712,-42.1,84116,99.0
73715,-37.5,84121,99.0
73713,-38.0,84134,99.0
73726,-24.0,84157,99.0
73745,-4.8,84182,99.0
73751,1.2,84199,99.0
73771,20.3,84228,99.0
73773,21.4,84210,99.0
73714,-36.1,84113,99.0
73674,-73.0,84033,99.0
73651,-92.2,83995,99.0
73651,-88.5,83996,99.0
73648,-87.8,84002,99.0
73654,-78.6,84020,99.0
73646,-83.1,84023,99.0
73667,-59.6,84046,99.0
73684,-40.9,84064,99.0
73698,-25.8,84077,99.0
73709,-14.2,84094,99.0
73717,-6.0,84117,99.0
73729,5.8,84142,99.0
73756,31.5,84177,99.0
73789,61.9,84214,99.0
73811,80.5,84250,99.0
73796,62.9,84229,99.0
73748,14.3,84139,99.0
73698,-34.3,84045,99.0
73662,-67.4,84004,99.0
73655,-71.5,83992,99.0
73648,-75.3,83997,99.0
73648,-72.3,84014,99.0
73651,-66.5,84023,99.0
73673,-42.8,84044,99.0
73698,-17.0,84061,99.0
73706,-8.7,84079,99.0
73716,1.3,84093,99.0
73728,12.7,84118,99.0
73742,25.7,84140,99.0
73770,51.5,84176,98.0
73784,62.9,84199,98.0
73787,63.3,84220,98.0
73788,61.7,84218,98.0
73757,29.5,84160,98.0
73734,6.2,84089,98.0
73709,-18.0,84039,98.0
73681,-44.2,84012,98.0
73676,-47.2,84014,98.0
73688,-33.8,84031,98.0
73706,-15.2,84059,98.0
73710,-10.7,84067,98.0
73740,18.5,84096,98.0
73737,14.9,84101,98.0
73733,10.4,84104,98.0
73717,-5.4,84102,98.0
73730,7.3,84122,98.0
73758,33.9,84160,98.0
73783,56.6,84191,95.1
73796,66.8,84217,95.1
73814,81.4,84248,95.1
73810,74.3,84226,95.1
73750,13.7,84118,95.1
73716,-19.5,84043,95.1
73683,-50.4,84004,95.1
73660,-70.4,83982,95.1
73657,-70.5,83984,95.1
73667,-58.1,84011,95.1
73668,-54.8,84020,95.1
73691,-30.5,84042,95.1
73718,-3.4,84070,95.1
73723,1.6,84082,95.1
73718,-3.3,84086,95.1
73721,-0.3,84101,95.1
73734,12.2,84127,95.1
73742,19.4,84146,95.1
73772,47.4,84188,92.9
73793,65.7,84220,92.9
73803,72.7,84243,92.9
73785,52.5,84213,92.9
73732,-0.5,84109,92.9
73697,-34.1,84039,92.9
73678,-51.0,84012,92.9
73674,-52.8,84005,92.9
73680,-44.9,84020,92.9
73691,-32.5,84050,92.9
73706,-16.8,84072,92.9
73746,22.2,84113,92.9
73764,38.6,84132,99.4
73770,42.8,84143,99.4
73790,60.3,84170,99.4
73805,72.3,84197,99.4
73817,80.9,84227,99.4
73853,112.3,84267,99.4
73888,141.4,84310,99.4
73908,154.9,84346,99.4
73932,171.8,84378,99.4
73928,161.0,84359,99.4
73877,105.6,84263,99.4
73855,80.3,84203,99.4
73844,66.5,84184,99.4
73841,61.0,84182,99.4
73849,66.2,84196,99.4
73869,82.8,84226,99.4
73873,83.3,84244,99.4
73901,106.9,84273,99.4
73922,122.7,84291,99.4
73916,112.1,84295,99.4
73907,98.9,84292,99.4
73915,102.7,84310,99.4
73927,110.1,84333,99.4
73948,125.8,84360,99.4
73968,140.0,84393,99.4
73971,137.3,84414,99.4
73969,129.9,84410,99.4
73933,90.1,84332,99.4
73876,31.8,84237,99.4
73837,-6.9,84178,99.4
73825,-18.2,84163,99.4
73843,-0.2,84177,99.4
73844,0.8,84197,99.4
73838,-5.0,84206,99.4
73852,8.7,84217,99.4
73879,34.2,84243,99.4
73891,44.4,84257,99.4
73880,32.0,84262,99.4
73888,38.4,84277,99.4
73883,32.1,84289,99.4
73911,57.7,84320,99.4
73933,76.5,84355,86.8
73937,77.3,84374,86.8
73937,74.2,84381,86.8
73894,29.9,84301,86.8
73844,-19.3,84203,86.8
73803,-57.8,84139,86.8
73775,-82.4,84108,86.8
73768,-85.8,84103,86.8
73760,-90.1,84104,86.8
73748,-98.0,84113,86.8
73752,-90.2,84114,86.8
73787,-53.0,84149,86.8
73804,-34.6,84170,86.8
73812,-25.5,84187,86.8
73812,-24.5,84202,86.8
73823,-13.0,84222,86.8
73840,3.9,84246,86.8
73883,45.0,84300,86.8
73910,69.1,84341,86.1
73904,60.6,84351,86.1
73875,30.3,84293,86.1
73841,-3.5,84213,86.1
73826,-17.8,84171,86.1
73809,-33.4,84140,86.1
73818,-23.4,84148,86.1
73829,-11.9,84176,86.1
73850,8.7,84210,86.1
73867,24.7,84230,86.1
73890,45.8,84253,86.1
73920,72.8,84286,96.2
73935,84.2,84306,96.2
73933,79.0,84319,96.2
73944,86.4,84342,96.2
73973,110.7,84367,96.2
74000,132.2,84408,96.2
74013,139.4,84435,96.2
74024,144.4,84458,96.2
74000,115.6,84410,96.2
73947,60.1,84305,96.2
73904,16.4,84238,96.2
73875,-12.1,84200,96.2
73895,7.6,84220,96.2
73926,37.0,84264,96.2
73908,18.3,84265,96.2
73907,16.6,84271,96.2
73938,45.7,84295,96.2
73944,49.6,84306,96.2
73940,43.8,84315,96.2
73931,33.4,84313,96.2
73936,36.9,84330,96.2
73954,52.7,84352,96.2
73985,80.3,84391,90.7
74018,108.8,84435,90.7
74014,100.6,84440,90.7
73943,28.4,84330,90.7
73879,-34.2,84220,90.7
73830,-79.8,84149,90.7
73808,-97.8,84116,90.7
73803,-98.7,84119,90.7
73811,-87.0,84132,90.7
73818,-76.8,84152,90.7
73811,-80.5,84152,90.7
73845,-44.6,84182,90.7
73881,-8.3,84218,90.7
73869,-19.5,84221,90.7
73867,-20.6,84226,90.7
73881,-6.3,84255,90.7
73890,2.5,84273,90.7
73899,11.1,84291,90.7
73926,36.6,84331,90.7
73931,39.9,84339,90.7
73885,-5.9,84256,90.7
73849,-40.2,84173,90.7
73827,-59.7,84125,90.7
73798,-85.2,84095,90.7
73800,-79.8,84096,90.7
73814,-63.2,84126,90.7
73821,-53.9,84144,90.7
73848,-25.9,84167,90.7
73896,21.2,84214,90.7
73911,34.8,84226,90.7
73920,42.0,84251,90.7
73928,48.0,84266,90.7
73951,68.2,84300,82.0
73970,83.7,84328,82.0
73993,102.4,84362,82.0
74013,117.6,84394,82.0
74040,138.8,84424,82.0
74022,115.9,84382,82.0
73973,64.3,84286,82.0
73964,53.1,84252,82.0
73968,54.8,84250,82.0
73980,64.1,84262,82.0
73982,63.5,84274,82.0
73987,65.7,84291,82.0
74010,85.2,84320,82.0
74047,117.3,84355,82.0
74066,130.8,84371,82.0
74081,140.0,84392,82.0
74078,131.5,84402,82.0
74097,144.5,84432,82.0
74136,176.2,84470,82.0
74161,193.1,84510,82.0
74159,183.5,84520,82.0
74150,167.5,84519,82.0
74124,135.8,84454,82.0
74086,93.9,84369,82.0
74052,57.5,84310,82.0
74036,39.9,84288,82.0
74035,37.3,84288,82.0
74027,28.1,84296,82.0
74033,32.8,84308,82.0
74028,26.7,84302,82.0
74044,41.0,84321,82.0
74043,38.4,84327,82.0
74034,28.2,84325,82.0
74023,16.5,84325,82.0
74020,13.0,84326,82.0
74038,29.7,84354,82.0
74081,69.8,84404,82.0
74076,62.2,84413,82.0
74067,51.1,84402,82.0
73999,-16.2,84290,82.0
73959,-54.0,84202,82.0
73941,-69.1,84163,82.0
73911,-95.1,84137,82.0
73915,-87.5,84143,82.0
73931,-68.6,84171,82.0
73916,-80.3,84169,82.0
73941,-53.1,84191,82.0
73980,-13.5,84233,82.0
73986,-7.2,84249,82.0
73979,-13.6,84252,82.0
73996,3.2,84274,82.0
74008,14.6,84304,82.0
74019,24.6,84320,82.0
74046,49.5,84354,82.0
74082,82.1,84409,82.0
74071,68.3,84406,82.0
74028,24.3,84321,82.0
73986,-17.0,84239,82.0
73963,-38.4,84199,82.0
73961,-38.8,84185,82.0
73977,-21.9,84204,82.0
74001,2.0,84237,82.0
74009,9.6,84261,82.0
74026,25.6,84279,82.0
74070,66.8,84317,82.0
74079,72.7,84331,82.0
74095,85.2,84354,90.6
74109,95.2,84383,90.6
74120,102.0,84408,90.6
74138,115.2,84432,90.6
74153,125.0,84458,90.6
74175,141.1,84492,90.6
74177,137.4,84508,90.6
74172,127.1,84485,90.6
74137,88.4,84400,90.6
74092,41.7,84327,90.6
74059,8.3,84283,90.6
74055,4.1,84278,90.6
74069,17.4,84305,90.6
74084,31.1,84332,90.6
74091,36.6,84346,90.6
74121,63.9,84370,90.6
74135,74.8,84385,91.2
74132,68.9,84397,91.2
74114,48.9,84389,91.2
74111,44.1,84393,91.2
74125,55.7,84416,91.2
74138,66.0,84434,91.2
74157,81.6,84459,91.2
74149,70.7,84469,91.2
74149,67.8,84454,91.2
74095,13.3,84360,91.2
74059,-21.8,84285,91.2
74007,-70.9,84217,91.2
73996,-78.6,84203,91.2
74003,-68.7,84213,91.2
74010,-59.3,84237,91.2
73995,-71.3,84232,91.2
74018,-46.4,84250,91.2
74055,-9.0,84288,91.2
74047,-16.3,84291,91.2
74043,-19.5,84292,91.2
74049,-13.0,84308,91.2
74056,-5.7,84325,91.2
74070,7.9,84351,91.2
74082,19.2,84374,91.2
74100,35.7,84403,91.2
74105,39.0,84412,91.2
74058,-7.6,84327,91.2
73986,-76.4,84210,91.2
73955,-103.1,84155,91.2
73943,-110.5,84137,91.2
73934,-114.8,84128,91.2
73924,-119.8,84129,91.2
73939,-100.6,84159,91.2
73944,-91.8,84170,91.2
73963,-69.8,84183,91.2
73978,-52.6,84205,91.2
73987,-41.9,84221,91.2
73992,-35.4,84238,91.2
73993,-33.1,84251,91.2
74007,-18.3,84273,91.2
74041,15.1,84316,91.2
74074,46.2,84360,91.2
74095,64.5,84391,80.2
74101,67.7,84389,80.2
74055,20.8,84300,80.2
74038,3.6,84239,80.2
74026,-8.0,84214,80.2
74033,-1.0,84214,80.2
74047,12.5,84237,80.2
74055,19.7,84264,80.2
74068,31.4,84286,80.2
74102,62.8,84320,97.5
74131,88.1,84348,97.5
74142,95.1,84364,97.5
74144,93.2,84375,97.5
74156,101.0,84400,97.5
74168,108.5,84423,97.5
74179,114.7,84441,97.5
74189,119.7,84461,97.5
74189,114.9,84478,97.5
74201,121.9,84496,97.5
74167,84.3,84432,97.5
74115,31.0,84333,97.5
74084,0.0,84275,97.5
74076,-7.6,84257,97.5
74072,-11.2,84266,97.5
74066,-16.5,84274,97.5
74081,-1.4,84299,97.5
74096,13.0,84313,97.5
74126,41.3,84339,97.5
74127,40.6,84344,97.5
74119,31.3,84348,97.5
74101,12.8,84347,97.5
74118,28.6,84366,97.5
74139,47.6,84395,97.5
74147,53.4,84415,97.5
74166,69.5,84447,90.1
74158,59.0,84455,90.1
74144,43.2,84409,90.1
74101,0.2,84311,90.1
74067,-32.4,84245,90.1
74037,-59.9,84206,90.1
74031,-63.3,84201,90.1
74029,-62.7,84208,90.1
74034,-55.4,84235,90.1
74034,-53.2,84239,90.1
74060,-26.1,84263,90.1
74080,-5.8,84285,90.1
74079,-6.6,84289,90.1
74078,-7.3,84301,90.1
74084,-1.2,84320,90.1
74097,11.3,84343,90.1
74107,20.5,84362,90.1
74123,35.0,84391,90.1
74150,59.5,84430,88.7
74150,57.1,84440,88.7
74094,1.1,84344,88.7
74029,-61.3,84231,88.7
74001,-85.8,84170,88.7
73977,-105.4,84144,88.7
73981,-97.3,84152,88.7
73983,-91.5,84161,88.7
73991,-80.2,84192,88.7
74013,-55.8,84220,88.7
74041,-26.7,84254,88.7
74065,-2.6,84276,88.7
74081,12.8,84297,88.7
74102,32.5,84331,88.7
74134,61.9,84374,92.4
74163,87.3,84414,92.4
74195,114.5,84458,92.4
74232,145.4,84510,92.4
74256,162.7,84544,92.4
74278,177.3,84564,92.4
74247,140.4,84489,92.4
74197,86.8,84397,92.4
74169,56.5,84350,92.4
74169,54.2,84341,92.4
74188,70.3,84375,92.4
74209,87.6,84410,92.4
74208,83.2,84429,92.4
74235,105.8,84454,92.4
74279,143.8,84498,92.4
74274,133.2,84497,92.4
74269,123.1,84504,92.4
74271,120.1,84516,92.4
74290,133.5,84541,92.4
74308,145.5,84573,92.4
74305,136.8,84579,92.4
74313,139.0,84608,92.4
74308,128.6,84603,92.4
74276,92.8,84533,92.4
74231,45.8,84437,92.4
74189,3.7,84377,92.4
74164,-20.5,84351,92.4
74156,-27.3,84348,92.4
74160,-22.4,84362,92.4
74149,-32.1,84364,92.4
74157,-23.1,84375,92.4
74194,13.3,84412,92.4
74194,12.8,84416,92.4
74202,20.0,84435,92.4
74198,15.3,84437,92.4
74200,16.6,84452,92.4
74231,45.7,84491,92.4
74270,81.4,84539,82.1
74282,89.6,84567,82.1
74284,88.0,84569,82.1
74232,34.5,84468,82.1
74174,-22.5,84363,82.1
74154,-40.8,84316,82.1
74145,-47.8,84305,82.1
74139,-51.7,84308,82.1
74141,-47.7,84319,82.1
74135,-51.6,84329,82.1
74141,-43.7,84339,82.1
74180,-4.6,84375,82.1
74185,0.4,84386,82.1
74170,-14.0,84388,82.1
74176,-7.7,84396,82.1
74186,2.2,84423,82.1
74196,11.8,84441,82.1
74233,46.8,84485,82.1
74254,65.1,84521,82.1
74249,57.7,84514,82.1
74187,-4.1,84415,82.1
74146,-43.3,84324,82.1
74129,-57.9,84286,82.1
74124,-60.4,84278,82.1
74129,-53.2,84292,82.1
74138,-42.4,84313,82.1
74138,-40.7,84332,82.1
74163,-15.1,84347,82.1
74208,28.7,84389,82.1
74227,45.8,84416,82.1
74232,48.8,84435,82.1
74224,39.1,84435,82.1
74237,50.0,84454,82.1
74261,71.1,84489,74.8
74285,91.3,84531,74.8
74289,91.5,84547,74.8
74277,76.3,84528,74.8
74232,30.0,84435,74.8
74198,-3.8,84366,74.8
74184,-17.1,84330,74.8
74204,2.8,84344,74.8
74232,29.6,84377,74.8
74265,60.1,84429,74.8
74275,67.3,84447,90.6
74302,90.5,84468,90.6
74329,112.8,84494,90.6
74336,115.0,84511,90.6
74318,93.1,84505,90.6
74309,80.7,84510,90.6
74329,96.7,84533,90.6
74359,121.6,84575,90.6
74373,130.2,84601,90.6
74373,125.0,84616,90.6
74335,83.5,84553,90.6
74283,30.3,84448,90.6
74251,-1.7,84384,90.6
74224,-27.5,84345,90.6
74221,-29.3,84344,90.6
74221,-28.1,84355,90.6
74219,-28.9,84371,90.6
74213,-33.5,84370,90.6
74247,0.5,84395,90.6
74271,23.5,84421,90.6
74286,37.0,84445,90.6
74300,48.9,84473,90.6
74311,57.5,84493,90.6
74335,78.3,84524,85.5
74353,92.4,84555,85.5
74359,94.5,84575,85.5
74371,102.2,84593,85.5
74328,56.8,84518,85.5
74254,-16.5,84398,85.5
74227,-41.7,84336,85.5
74210,-56.4,84318,85.5
74202,-61.8,84312,85.5
74202,-59.3,84320,85.5
74211,-48.3,84342,85.5
74221,-36.8,84361,85.5
74238,-19.0,84379,85.5
74258,1.0,84400,85.5
74283,24.9,84428,85.5
74274,15.3,84437,85.5
74280,20.4,84450,85.5
74288,27.3,84473,85.5
74316,53.1,84508,85.5
74341,75.0,84545,84.2
74354,84.4,84571,84.2
74322,50.3,84509,84.2
74288,15.7,84427,84.2
74278,5.5,84389,84.2
74278,5.2,84376,84.2
74292,18.5,84391,84.2
74319,43.6,84426,84.2
74331,53.4,84460,84.2
74350,69.5,84482,84.2
74397,111.9,84523,84.2
74416,125.6,84541,84.2
74440,143.6,84579,84.2
74446,143.7,84595,84.2
74461,152.3,84622,84.2
74494,177.9,84661,84.2
74518,193.8,84700,84.2
74508,176.5,84705,84.2
74528,188.6,84724,84.2
74490,144.6,84666,84.2
74435,86.0,84567,84.2
74411,59.5,84509,84.2
74388,35.1,84481,84.2
74388,33.7,84491,84.2
74376,20.8,84496,84.2
74385,28.6,84513,84.2
74392,34.2,84518,84.2
74405,45.3,84528,84.2
74405,43.5,84532,84.2
74407,43.6,84542,84.2
74393,28.5,84538,84.2
74413,46.5,84558,84.2
74434,64.8,84591,84.2
74464,91.0,84632,79.5
74470,93.2,84656,79.5
74467,86.5,84658,79.5
74434,51.4,84599,79.5
74380,-2.5,84495,79.5
74349,-32.2,84425,79.5
74326,-52.9,84399,79.5
74327,-49.9,84404,79.5
74328,-46.9,84417,79.5
74330,-43.1,84428,79.5
74335,-36.6,84443,79.5
74372,0.4,84478,79.5
74381,9.0,84492,79.5
74368,-3.8,84492,79.5
74365,-6.6,84496,79.5
74370,-1.5,84516,79.5
74387,14.9,84535,79.5
74412,38.3,84569,79.5
74435,58.8,84603,79.5
74457,77.6,84647,79.5
74428,46.7,84606,79.5
74365,-15.7,84495,79.5
74329,-49.6,84413,79.5
74304,-71.6,84382,79.5
74307,-65.9,84381,79.5
74302,-68.1,84384,79.5
74314,-53.8,84408,79.5
74335,-31.5,84432,79.5
74364,-2.4,84466,79.5
74378,11.1,84485,79.5
74392,24.1,84504,79.5
74398,28.9,84520,79.5
74422,50.8,84556,79.5
74439,65.1,84590,79.5
74448,71.1,84608,79.5
74481,100.0,84647,72.2
74513,126.7,84694,72.2
74539,146.6,84724,72.2
74541,142.6,84708,72.2
74496,93.7,84612,72.2
74456,51.6,84541,72.2
74430,24.6,84507,72.2
74455,47.6,84526,72.2
74482,71.6,84562,72.2
74487,73.5,84589,72.2
74489,72.5,84600,72.2
74541,119.5,84641,72.2
74545,118.6,84651,72.2
74552,120.6,84668,72.2
74548,111.9,84675,72.2
74569,127.6,84709,72.2
74588,140.7,84736,72.2
74604,150.5,84759,72.2
74634,173.2,84801,72.2
74640,172.1,84820,72.2
74639,164.2,84814,72.2
74590,110.6,84718,72.2
74527,45.7,84610,72.2
74487,5.5,84560,72.2
74482,0.5,84544,72.2
74485,3.3,84558,72.2
74491,9.0,84580,72.2
74479,-2.9,84585,72.2
74500,17.4,84600,72.2
74523,38.7,84620,72.2
74542,55.4,84645,72.2
74529,40.7,84648,72.2
74517,27.6,84649,72.2
74540,48.6,84671,72.2
74557,62.9,84703,72.2
74569,71.9,84726,72.2
74562,62.3,84737,72.2
74555,53.1,84740,72.2
74514,11.6,84662,72.2
74429,-70.4,84530,72.2
74405,-90.6,84484,72.2
74366,-124.5,84457,72.2
74279,-203.0,84427,72.2
74002,-460.8,84310,72.2
73460,-962.7,84076,72.2
72846,-1513.6,83958,72.2
72937,-1365.7,84481,72.2
73021,-1230.4,85026,72.2
68557,-5466.7,82018,72.2
84271,9837.4,89941,63.9
78786,4178.3,75739,63.9
69740,-4672.9,66564,63.9
51304,-22184.6,48701,63.9
19523,-51807.0,18899,63.9
9462,-59393.2,9029,63.9
5539,-60783.6,5225,63.9
3541,-60270.3,3324,63.9
2448,-58908.8,2281,63.9
1787,-57187.0,1625,63.9
1431,-55241.3,1249,63.9
1240,-53215.0,1025,63.9
1129,-51192.9,883,63.9
1056,-49215.3,791,63.9
1014,-47287.0,744,63.9
981,-45427.2,707,63.9
946,-43643.7,677,63.9
928,-41915.3,654,63.9
917,-40249.2,638,63.9
915,-38641.2,628,63.9
912,-37098.4,625,63.9
909,-35617.3,620,63.9
910,-34191.7,616,63.9
910,-32824.0,617,63.9
912,-31509.1,618,63.9
934,-30227.6,628,63.9
1035,-28921.6,679,63.9
1139,-27664.9,758,63.9
1117,-26579.4,748,63.9
1121,-25512.4,754,63.9
1126,-24487.1,760,63.9
1085,-23547.0,733,63.9
1043,-22645.4,703,63.9
1033,-21749.2,696,63.9
1318,-20605.6,836,63.9
9623,-11808.6,6086,63.9
8613,-12305.8,5982,63.9
3018,-17184.8,2247,63.9
2006,-17468.9,1606,63.9
1575,-17183.9,1303,63.9
1411,-16654.0,1171,63.9
1352,-16044.5,1116,63.9
1316,-15437.3,1072,63.9
1308,-14827.5,1062,63.9
1310,-14232.5,1063,63.9
1307,-13666.0,1063,63.9
1314,-13112.7,1067,63.9
1321,-12581.4,1071,63.9
1331,-12068.6,1081,63.9
1337,-11580.1,1089,63.9
1349,-11105.4,1095,63.9
1353,-10657.3,1103,63.9
1362,-10222.4,1111,63.9
1371,-9804.8,1116,63.9
1368,-9415.5,1119,63.9
1368,-9038.9,1120,63.9
1366,-8679.3,1119,63.9
1365,-8333.1,1117,63.9
1362,-8002.6,1115,63.9
1358,-7686.3,1117,63.9
1359,-7377.9,1117,63.9
1361,-7080.9,1120,63.9
1363,-6795.7,1120,63.9
1363,-6523.9,1120,63.9
1369,-6257.2,1125,63.9
1370,-6005.9,1129,63.9
1372,-5763.8,1129,63.9
1373,-5532.3,1133,63.9
1380,-5304.3,1138,63.9
1380,-5092.1,1140,63.9
1382,-4886.5,1142,63.9
1384,-4689.1,1146,63.9
1389,-4496.7,1146,63.9
1388,-4317.8,1148,63.9
1390,-4143.2,1151,63.9
1390,-3977.5,1152,63.9
1393,-3815.5,1155,63.9
1394,-3661.9,1156,63.9
1396,-3513.5,1158,63.9
1399,-3370.1,1161,63.9
1398,-3236.3,1162,63.9
1402,-3103.0,1163,63.9
1399,-2981.7,1166,63.9
1403,-2858.6,1167,63.9
1407,-2740.4,1172,63.9
1415,-2623.1,1176,63.9
1414,-2519.2,1178,63.9
1414,-2418.4,1182,63.9
1416,-2319.7,1183,63.9
1417,-2226.0,1182,63.9
1419,-2135.0,1186,63.9
1423,-2045.8,1187,63.9
1422,-1964.9,1189,63.9
1425,-1883.4,1189,63.9
1424,-1809.1,1194,63.9
1430,-1730.9,1195,63.9
1430,-1661.7,1198,63.9
1431,-1594.3,1202,63.9
1433,-1528.6,1201,63.9
1434,-1466.5,1202,63.9
1434,-1407.8,1202,63.9
1435,-1350.6,1205,63.9
1437,-1294.6,1206,63.9
1438,-1241.9,1210,63.9
1443,-1187.4,1213,63.9
1441,-1141.8,1215,63.9
1443,-1094.2,1214,63.9
1442,-1051.4,1214,63.9
1446,-1005.5,1214,63.9
1446,-965.3,1218,63.9
1448,-924.8,1220,63.9
1450,-885.9,1220,63.9
1450,-850.4,1223,63.9
1449,-817.4,1220,63.9
1447,-786.6,1223,63.9
1451,-751.3,1220,63.9
1451,-721.2,1223,63.9
1453,-690.5,1223,63.9
1453,-662.8,1227,63.9
1451,-638.3,1230,63.9
1456,-607.9,1228,63.9
1456,-583.6,1227,63.9
1459,-557.4,1227,63.9
1459,-535.1,1231,63.9
1460,-512.7,1232,63.9
1462,-490.3,1232,63.9
1462,-470.7,1237,63.9
1463,-450.9,1236,63.9
1464,-431.9,1240,63.9
1463,-415.6,1239,63.9
1468,-394.2,1238,63.9
1468,-378.4,1244,63.9
1471,-360.4,1243,63.9
1474,-343.1,1245,63.9
1473,-330.3,1245,63.9
1475,-315.2,1249,63.9
1479,-298.7,1252,63.9
1480,-285.8,1249,63.9
1480,-274.4,1254,63.9
1480,-263.4,1255,63.9
1482,-251.0,1256,63.9
1480,-242.8,1256,63.9
1483,-230.3,1258,63.9
1482,-222.0,1260,63.9
1482,-213.1,1261,63.9
1486,-200.8,1260,63.9
1486,-192.7,1262,63.9
1487,-184.1,1264,63.9
1494,-170.0,1272,63.9
1498,-159.3,1274,63.9
1501,-150.1,1278,63.9
1500,-145.0,1279,63.9
1498,-141.2,1279,63.9
1503,-130.7,1282,63.9
1502,-126.4,1282,63.9
1501,-122.3,1283,63.9
1503,-115.5,1283,63.9
1505,-109.0,1284,63.9
1504,-105.6,1283,63.9
1505,-100.4,1284,63.9
1507,-94.5,1283,63.9
1506,-91.7,1287,63.9
1507,-87.0,1287,63.9
1510,-80.7,1288,63.9
1509,-78.4,1288,63.9
1511,-73.3,1292,63.9
1510,-71.4,1294,63.9
1513,-65.6,1295,63.9
1511,-64.9,1298,63.9
1517,-56.6,1296,63.9
1513,-58.1,1297,63.9
1515,-53.9,1297,63.9
1509,-57.5,1290,63.9
1506,-58.1,1291,63.9
1498,-63.4,1282,63.9
1489,-69.5,1278,63.9
1482,-73.5,1271,63.9
1483,-69.6,1273,63.9
1483,-66.8,1272,63.9
1485,-62.2,1270,63.9
1483,-61.6,1266,63.9
1481,-61.1,1269,63.9
1483,-56.7,1272,63.9
1485,-52.5,1270,63.9
1485,-50.4,1274,63.9
1487,-46.5,1272,63.9
1483,-48.5,1278,63.9
1486,-43.7,1276,63.9
1487,-41.0,1278,63.9
1488,-38.4,1279,63.9
1490,-34.9,1279,63.9
1489,-34.5,1280,63.9
1488,-34.0,1280,63.9
1492,-28.8,1279,63.9
1491,-28.7,1280,63.9
1490,-28.5,1280,63.9
1493,-24.4,1282,63.9
1493,-23.5,1285,63.9
1492,-23.5,1285,63.9
1493,-21.6,1281,63.9
1495,-18.8,1283,63.9
1494,-19.0,1286,63.9
1494,-18.3,1285,63.9
1497,-14.6,1282,63.9
1494,-16.9,1283,63.9
1496,-14.3,1285,63.9
1496,-13.8,1285,63.9
1496,-13.2,1286,63.9
1497,-11.7,1287,63.9
1495,-13.2,1287,63.9
1495,-12.7,1286,63.9
1495,-12.1,1284,63.9
1498,-8.8,1285,63.9
1497,-9.4,1289,63.9
1496,-10.0,1287,63.9
1496,-9.6,1290,63.9
1496,-9.2,1287,63.9
1498,-6.9,1286,63.9
1500,-4.7,1289,63.9
1499,-5.5,1291,63.9
1498,-6.2,1289,63.9
1500,-4.1,1290,63.9
1499,-4.8,1291,63.9
1499,-4.7,1290,63.9
1500,-3.5,1290,63.9
1501,-2.4,1290,63.9
1498,-5.2,1291,63.9
1502,-1.1,1293,63.9
1500,-3.0,1294,63.9
1504,0.9,1294,63.9
1502,-1.0,1291,63.9
1501,-1.9,1292,63.9
1504,1.0,1294,63.9
1502,-0.9,1292,63.9
1504,1.0,1294,63.9
1504,1.0,1296,63.9
1503,-0.0,1295,63.9
1503,-0.0,1297,63.9
1504,0.9,1300,63.9
1508,4.7,1297,63.9
1508,4.6,1297,63.9
1507,3.4,1297,63.9
1509,5.2,1296,63.9
1511,6.9,1300,63.9
1506,1.8,1300,63.9
1507,2.7,1300,63.9
1504,-0.3,1300,63.9
1510,5.5,1299,63.9
1511,6.2,1300,63.9
1509,4.1,1300,63.9
1507,2.0,1301,63.9
1512,6.7,1302,63.9
1511,5.5,1301,63.9
1513,7.2,1301,63.9
1507,1.1,1302,63.9
1511,4.9,1299,63.9
1513,6.7,1306,63.9
1511,4.5,1306,63.9
1510,3.3,1302,63.9
1511,4.2,1304,63.9
1511,4.0,1304,63.9
1513,5.7,1306,63.9
1509,1.7,1304,63.9
1510,2.6,1305,63.9
1514,6.3,1306,63.9
1513,5.1,1308,63.9
1511,3.0,1305,63.9
1515,6.7,1307,63.9
1514,5.5,1308,63.9
1516,7.2,1307,63.9
1514,5.0,1306,63.9
1515,5.7,1306,63.9
1516,6.5,1306,63.9
1516,6.2,1309,63.9
1516,5.9,1308,63.9
1515,4.7,1311,63.9
1518,7.4,1309,63.9
1514,3.3,1309,63.9
1513,2.2,1310,63.9
1514,3.1,1312,63.9
1516,4.9,1310,63.9
1516,4.7,1309,63.9
1519,7.4,1311,63.9
1516,4.2,1311,63.9
1517,5.0,1311,63.9
1517,4.8,1309,63.9
1518,5.6,1311,63.9
1517,4.4,1312,63.9
1519,6.1,1312,63.9
1519,5.9,1312,63.9
1520,6.6,1314,63.9
1519,5.4,1313,63.9
1524,10.0,1316,63.9
1521,6.7,1315,63.9
1521,6.4,1315,63.9
1520,5.2,1321,63.9
1522,6.9,1316,63.9
1522,6.6,1314,63.9
1525,9.3,1315,63.9
1523,7.0,1316,63.9
1524,7.6,1319,63.9
1528,11.2,1319,63.9
1525,7.8,1318,63.9
1522,4.7,1318,63.9
1524,6.4,1320,63.9
1526,8.1,1321,63.9
1524,5.8,1322,63.9
1526,7.5,1320,63.9
1527,8.2,1320,63.9
1526,6.9,1320,63.9
1529,9.5,1321,63.9
1526,6.2,1321,63.9
1528,7.9,1322,63.9
1526,5.7,1322,63.9
1528,7.3,1322,63.9
1529,8.0,1322,63.9
1528,6.7,1323,63.9
1527,5.5,1324,63.9
1528,6.2,1324,63.9
1530,7.9,1324,63.9
1525,2.8,1321,63.9
1530,7.5,1323,63.9
1530,7.2,1323,63.9
1530,6.9,1325,63.9
1528,4.7,1322,63.9
1531,7.4,1324,63.9
1528,4.2,1326,63.9
1530,6.0,1324,63.9
1528,3.8,1324,63.9
1531,6.5,1323,63.9
1530,5.3,1325,63.9
1530,5.1,1325,63.9
1530,4.9,1325,63.9
1530,4.7,1327,63.9
1530,4.5,1327,63.9
1532,6.3,1327,63.9
1533,7.0,1327,63.9
1532,5.7,1327,63.9
1535,8.4,1326,63.9
1533,6.1,1324,63.9
1533,5.9,1327,63.9
1533,5.6,1329,63.9
1532,4.5,1328,63.9
1533,5.2,1333,63.9
1534,6.0,1330,63.9
1533,4.8,1331,63.9
1533,4.6,1331,63.9
1535,6.3,1330,63.9
1534,5.1,1331,63.9
1533,4.0,1330,63.9
1535,5.7,1329,63.9
1534,4.5,1330,63.9
1537,7.2,1330,63.9
1535,5.0,1333,63.9
1535,4.8,1334,63.9
1536,5.6,1330,63.9
1536,5.4,1333,63.9
1537,6.1,1330,63.9
1535,3.9,1335,63.9
1538,6.7,1333,63.9
1540,8.3,1331,63.9
1536,4.1,1333,63.9
1534,2.1,1333,63.9
1537,4.9,1332,63.9
1537,4.7,1333,63.9
1538,5.4,1335,63.9
1537,4.3,1333,63.9
1537,4.1,1330,63.9
1537,3.9,1333,63.9
1538,4.7,1335,63.9
1538,4.5,1336,63.9
1538,4.4,1336,63.9
1537,3.2,1336,63.9
1538,4.1,1332,63.9
1539,4.9,1336,63.9
1538,3.7,1335,63.9
1539,4.5,1337,63.9
1539,4.3,1336,63.9
1539,4.2,1336,63.9
1540,5.0,1336,63.9
1540,4.8,1336,63.9
1542,6.5,1339,63.9
1540,4.3,1338,63.9
1537,1.3,1336,63.9
1539,3.1,1336,63.9
1541,4.9,1337,63.9
1541,4.7,1337,63.9
1542,5.5,1338,63.9
1541,4.3,1339,63.9
1543,6.1,1335,63.9
1544,6.8,1338,63.9
1543,5.5,1338,63.9
1542,4.4,1342,63.9
1543,5.1,1341,63.9
1543,4.9,1341,63.9
1540,1.9,1339,63.9
1545,6.6,1340,63.9
1543,4.4,1342,63.9
1541,2.3,1341,63.9
1546,7.0,1341,63.9
1545,5.8,1341,63.9
1543,3.6,1344,63.9
1544,4.4,1343,63.9
1545,5.2,1344,63.9
1545,5.0,1343,63.9
1544,3.9,1341,63.9
1547,6.6,1343,63.9
1544,3.4,1341,63.9
1544,3.3,1343,63.9
1545,4.1,1345,63.9
1547,5.9,1344,63.9
1546,4.7,1345,63.9
1547,5.5,1346,63.9
1548,6.2,1343,63.9
1545,3.1,1344,63.9
1549,6.8,1342,63.9
1548,5.6,1344,63.9
1549,6.3,1346,63.9
1551,8.0,1345,63.9
1548,4.8,1347,63.9
1546,2.7,1346,63.9
1544,0.6,1345,63.9
1550,6.4,1346,63.9
1548,4.2,1346,63.9
1549,5.0,1348,63.9
1548,3.8,1346,63.9
1549,4.6,1345,63.9
1551,6.4,1349,63.9
1551,6.1,1348,63.9
1549,3.9,1345,63.9
1549,3.8,1349,63.9
1548,2.7,1347,63.9
1550,4.5,1347,63.9
1548,2.4,1348,63.9
1552,6.1,1350,63.9
1552,5.9,1348,63.9
1551,4.7,1350,63.9
1551,4.5,1349,63.9
1550,3.4,1348,63.9
1552,5.2,1351,63.9
1553,5.9,1351,63.9
1551,3.7,1349,63.9
1550,2.6,1350,63.9
1552,4.5,1352,63.9
1552,4.3,1352,63.9
1553,5.1,1350,63.9
1551,2.9,1351,63.9
1555,6.7,1351,63.9
1554,5.4,1351,63.9
1551,2.3,1352,63.9
1551,2.2,1352,63.9
1551,2.2,1352,63.9
1553,4.0,1350,63.9
1556,6.7,1355,63.9
1556,6.4,1356,63.9
1554,4.3,1352,63.9
1553,3.1,1354,63.9
1554,4.0,1356,63.9
1558,7.6,1356,63.9
1558,7.3,1358,63.9
1557,6.1,1358,63.9
1558,6.8,1359,63.9
1560,8.5,1360,63.9
1561,9.1,1356,63.9
1559,6.8,1359,63.9
1559,6.5,1360,63.9
1559,6.3,1361,63.9
1560,7.0,1361,63.9
1560,6.7,1362,63.9
1560,6.4,1358,63.9
1560,6.2,1363,63.9
1561,6.9,1361,63.9
1560,5.6,1358,63.9
1560,5.4,1360,63.9
1561,6.2,1361,63.9
1562,6.9,1360,63.9
1563,7.6,1363,63.9
1564,8.2,1363,63.9
1563,6.9,1360,63.9
1562,5.7,1363,63.9
1562,5.5,1363,63.9
1560,3.3,1361,63.9
1562,5.1,1363,63.9
1564,6.8,1364,63.9
1560,2.7,1365,63.9
1561,3.6,1362,63.9
1565,7.3,1363,63.9
1564,6.0,1363,63.9
1560,1.9,1363,63.9
1562,3.8,1365,63.9
1564,5.5,1364,63.9
1566,7.2,1365,63.9
1563,4.1,1366,63.9
1562,2.9,1365,63.9
1565,5.7,1367,63.9
1564,4.5,1366,63.9
1565,5.3,1363,63.9
1564,4.1,1366,63.9
1565,4.9,1367,63.9
1564,3.8,1367,63.9
1564,3.6,1367,63.9
1566,5.4,1365,63.9
1565,4.2,1367,63.9
1566,5.0,1368,63.9
1567,5.8,1369,63.9
1567,5.5,1366,63.9
1565,3.4,1366,63.9
1567,5.2,1366,63.9
1567,5.0,1365,63.9
1569,6.7,1369,63.9
1565,2.6,1368,63.9
1568,5.4,1368,63.9
1566,3.2,1367,63.9
1567,4.1,1367,63.9
1567,3.9,1369,63.9
1567,3.7,1369,63.9
1566,2.6,1368,63.9
1569,5.4,1366,63.9
1569,5.2,1366,63.9
1569,5.0,1367,63.9
1569,4.8,1373,63.9
1568,3.6,1369,63.9
1568,3.5,1370,63.9
1568,3.3,1369,63.9
1573,8.0,1370,63.9
1572,6.7,1372,63.9
1572,6.5,1373,63.9
1570,4.3,1371,63.9
1570,4.1,1374,63.9
1572,5.9,1375,63.9
1574,7.6,1376,63.9
1571,4.4,1372,63.9
1572,5.2,1374,63.9
1571,4.0,1369,63.9
1572,4.8,1374,63.9
1573,5.6,1376,63.9
1575,7.3,1374,63.9
1570,2.2,1376,63.9
1572,4.0,1375,63.9
1571,2.9,1374,63.9
1571,2.8,1375,63.9
1573,4.6,1372,63.9
1573,4.4,1377,63.9
1575,6.1,1374,63.9
1572,3.0,1376,63.9
1572,2.9,1376,63.9
1574,4.7,1377,63.9
1574,4.5,1377,63.9
1573,3.4,1375,63.9
1572,2.3,1375,63.9
1573,3.1,1376,63.9
1572,2.1,1376,63.9
1575,4.9,1376,63.9
1575,4.7,1376,63.9
1577,6.4,1376,63.9
1574,3.3,1378,63.9
1572,1.2,1378,63.9
1576,5.0,1377,63.9
1573,1.9,1380,63.9
1577,5.7,1376,63.9
1575,3.5,1380,63.9
1578,6.3,1379,63.9
1574,2.2,1379,63.9
1577,5.0,1380,63.9
1575,2.9,1378,63.9
1578,5.6,1380,63.9
1577,4.4,1376,63.9
1576,3.3,1379,63.9
1575,2.2,1378,63.9
1578,5.0,1378,63.9
1576,2.9,1379,63.9
1575,1.8,1380,63.9
1573,-0.2,1378,63.9
1578,4.6,1380,63.9
1578,4.4,1379,63.9
1576,2.3,1380,63.9
1578,4.2,1379,63.9
1577,3.0,1379,63.9
1578,3.9,1380,63.9
1578,3.7,1379,63.9
1579,4.5,1380,63.9
1578,3.4,1381,63.9
1578,3.3,1380,63.9
1580,5.0,1383,63.9
1578,2.9,1381,63.9
1579,3.8,1381,63.9
1580,4.6,1382,63.9
1583,7.3,1381,63.9
1580,4.1,1381,63.9
1579,3.0,1386,63.9
1577,0.9,1383,63.9
1581,4.7,1383,63.9
1581,4.6,1384,63.9
1581,4.4,1384,63.9
1581,4.2,1382,63.9
1583,5.9,1383,63.9
1582,4.7,1385,63.9
1579,1.7,1385,63.9
1585,7.4,1392,63.9
1593,14.8,1400,63.9
1601,21.8,1408,63.9
1615,34.4,1418,63.9
1623,40.7,1421,63.9
1628,43.9,1425,63.9
1632,46.0,1426,63.9
1633,45.1,1430,63.9
1633,43.3,1429,63.9
1631,39.6,1428,63.9
1627,34.2,1424,63.9
1625,30.9,1423,63.9
1620,24.9,1417,63.9
1619,22.9,1419,63.9
1621,23.9,1419,63.9
1626,27.8,1420,63.9
1625,25.7,1424,63.9
1627,26.6,1426,63.9
1630,28.4,1428,63.9
1632,29.2,1430,63.9
1632,28.0,1428,63.9
1628,23.1,1428,63.9
1633,26.9,1429,63.9
1633,25.9,1429,63.9
1630,22.0,1429,63.9
1630,21.1,1430,63.9
1629,19.3,1426,63.9
1630,19.5,1428,63.9
1630,18.7,1429,63.9
1629,17.0,1428,63.9
1630,17.3,1429,63.9
1630,16.6,1428,63.9
1631,16.9,1428,63.9
1626,11.4,1425,63.9
1629,13.8,1428,63.9
1629,13.3,1425,63.9
1629,12.7,1428,63.9
1629,12.2,1427,63.9
1630,12.7,1429,63.9
1628,10.3,1427,63.9
1629,10.8,1428,63.9
1631,12.3,1429,63.9
1633,13.7,1431,63.9
1635,15.1,1432,63.9
1637,16.4,1435,63.9
1638,16.7,1435,63.9
1636,14.1,1433,63.9
1636,13.6,1435,63.9
1634,11.1,1435,63.9
1635,11.6,1438,63.9
1637,13.1,1436,63.9
1635,10.6,1433,63.9
1638,13.1,1435,63.9
1635,9.7,1431,63.9
1635,9.3,1434,63.9
1639,12.8,1432,63.9
1640,13.2,1436,63.9
1638,10.8,1434,63.9
1635,7.5,1435,63.9
1635,7.2,1436,63.9
1634,5.9,1434,63.9
1637,8.6,1435,63.9
1638,9.2,1434,63.9
1637,7.8,1435,63.9
1637,7.5,1440,63.9
1641,11.1,1439,63.9
1639,8.7,1439,63.9
1641,10.3,1439,63.9
1638,7.0,1439,63.9
1638,6.7,1437,63.9
1638,6.4,1438,63.9
1638,6.2,1437,63.9
1638,5.9,1437,63.9
1636,3.8,1436,63.9
1639,6.5,1438,63.9
1636,3.4,1439,63.9
1638,5.2,1438,63.9
1638,4.9,1436,63.9
1634,0.9,1434,63.9
1637,3.8,1438,63.9
1638,4.6,1436,63.9
1637,3.4,1435,63.9
1636,2.3,1436,63.9
1637,3.2,1437,63.9
1637,3.1,1438,63.9
1636,2.0,1437,63.9
1636,1.9,1437,63.9
1639,4.7,1437,63.9
1637,2.6,1438,63.9
1638,3.5,1437,63.9
1636,1.4,1437,63.9
1636,1.3,1438,63.9
1635,0.3,1439,63.9
1638,3.2,1435,63.9
1639,4.0,1438,63.9
1640,4.8,1439,63.9
1640,4.6,1439,63.9
1640,4.4,1440,63.9
1641,5.2,1440,63.9
1641,5.0,1439,63.9
1639,2.9,1438,63.9
1639,2.8,1440,63.9
1637,0.8,1441,63.9
1638,1.7,1439,63.9
1638,1.6,1440,63.9
1641,4.4,1441,63.9
1638,1.4,1442,63.9
1639,2.3,1442,63.9
1638,1.2,1440,63.9
1642,5.0,1445,63.9
1645,7.7,1444,63.9
1655,17.0,1452,63.9
1683,43.2,1475,63.9
1720,77.0,1515,63.9
1773,124.8,1572,63.9
1805,150.5,1631,63.9
1813,152.2,1672,63.9
1820,152.8,1710,63.9
1823,149.6,1737,63.9
1828,148.4,1758,63.9
1827,141.5,1776,63.9
1826,134.9,1785,63.9
1830,133.3,1798,63.9
1829,127.0,1806,63.9
1830,122.9,1805,63.9
1825,113.2,1812,63.9
1830,113.5,1824,63.9
1835,113.7,1836,63.9
1838,112.1,1845,63.9
1833,102.8,1847,63.9
1821,87.1,1836,63.9
1824,86.5,1843,63.9
1817,76.4,1845,63.9
1787,44.5,1809,63.9
1767,23.5,1783,63.9
1765,20.7,1788,63.9
1762,17.0,1796,63.9
1760,14.4,1798,63.9
1754,8.0,1797,63.9
1740,-5.7,1778,63.9
1722,-22.8,1758,63.9
1712,-31.5,1740,63.9
1704,-37.9,1722,63.9
1696,-44.1,1710,63.9
1695,-43.3,1708,63.9
1697,-39.6,1710,63.9
1703,-32.3,1721,63.9
1710,-24.3,1739,63.9
1716,-17.5,1748,63.9
1722,-11.1,1764,63.9
1727,-5.8,1775,63.9
1733,0.2,1790,63.9
1745,11.7,1807,63.9
1758,23.7,1829,63.9
1767,31.4,1852,63.9
1780,42.6,1870,63.9
1794,54.3,1892,63.9
1804,61.8,1915,63.9
1812,67.0,1933,63.9
1819,71.0,1946,63.9
1813,62.4,1929,63.9
1785,33.0,1874,63.9
1755,2.9,1821,63.9
1734,-17.4,1779,63.9
1718,-32.0,1750,63.9
1708,-40.3,1729,63.9
1705,-41.6,1718,63.9
1707,-38.0,1725,63.9
1709,-34.6,1727,63.9
1712,-30.3,1731,63.9
1718,-23.3,1743,63.9
1724,-16.6,1753,63.9
1739,-1.6,1771,63.9
1746,5.2,1792,63.9
1761,19.4,1814,63.9
1772,29.2,1833,63.9
1778,33.8,1850,63.9
1784,38.2,1859,63.9
1792,44.3,1863,63.9
1793,43.5,1861,63.9
1792,40.8,1859,63.9
1795,42.1,1862,63.9
1808,52.9,1869,63.9
1824,66.1,1880,63.9
1841,79.8,1884,63.9
1848,83.3,1881,63.9
1848,80.0,1868,63.9
1852,80.6,1853,63.9
1855,80.3,1841,63.9
1858,79.9,1831,63.9
1857,75.8,1819,63.9
1863,78.5,1815,63.9
1868,80.2,1815,63.9
1881,89.4,1813,63.9
1890,94.5,1822,63.9
1906,106.1,1836,63.9
1931,125.8,1856,63.9
1952,141.0,1878,63.9
1970,152.6,1898,63.9
1978,154.2,1923,63.9
1993,162.4,1942,63.9
2003,165.5,1961,63.9
2008,163.7,1981,63.9
2015,163.9,1996,63.9
2030,171.7,2018,63.9
2054,187.9,2052,63.9
2089,214.0,2098,63.9
2128,242.9,2148,63.9
2152,256.2,2182,63.9
2114,209.5,2152,63.9
2039,129.1,2079,63.9
1985,72.1,2032,63.9
1967,51.9,2019,63.9
1966,48.9,2021,63.9
1958,39.2,2021,63.9
1948,28.1,2011,63.9
1937,16.4,2003,63.9
1926,5.2,1992,63.9
1922,1.1,1989,63.9
1932,10.7,1996,63.9
1946,23.7,2005,63.9
1956,32.3,2024,63.9
1974,48.3,2044,63.9
1991,62.7,2071,63.9
2014,82.3,2097,63.9
2037,101.1,2123,63.9
2058,117.2,2153,63.9
2067,121.1,2160,63.9
2063,112.5,2153,63.9
2054,99.3,2141,63.9
2076,116.5,2169,63.9
2146,179.0,2248,63.9
2214,237.1,2323,63.9
2226,239.2,2341,63.9
2205,209.4,2331,63.9
2194,190.5,2325,63.9
2179,168.5,2312,63.9
2163,146.4,2300,63.9
2151,129.0,2284,63.9
2143,116.2,2276,63.9
2143,111.5,2272,63.9
2152,115.7,2283,63.9
2170,128.4,2300,63.9
2194,146.3,2325,63.9
2210,155.8,2352,63.9
2221,160.1,2367,63.9
2232,164.3,2382,63.9
2231,156.7,2383,63.9
2225,144.7,2375,63.9
2213,127.4,2360,63.9
2204,113.7,2354,63.9
2205,110.1,2350,63.9
2183,84.5,2331,63.9
2148,47.6,2286,63.9
2109,8.2,2239,63.9
2104,3.1,2230,63.9
2118,16.4,2256,63.9
2130,27.3,2281,63.9
2133,29.1,2289,63.9
2130,25.0,2292,63.9
2124,18.3,2287,63.9
2115,8.9,2275,63.9
2111,4.7,2267,63.9
2105,-1.3,2259,63.9
2104,-2.2,2252,63.9
2113,6.6,2261,63.9
2125,17.8,2274,63.9
2141,32.5,2289,63.9
2148,37.9,2301,63.9
2155,43.1,2309,63.9
2164,50.0,2319,63.9
2172,55.7,2327,63.9
2195,75.5,2359,63.9
2236,111.9,2403,63.9
2268,138.1,2445,63.9
2318,180.6,2502,63.9
2359,212.7,2553,63.9
2391,234.9,2591,63.9
2420,253.4,2625,63.9
2436,258.6,2643,63.9
2432,244.4,2641,63.9
2426,228.9,2631,63.9
2412,206.3,2614,63.9
2402,188.4,2607,63.9
2390,169.4,2592,63.9
2373,146.3,2570,63.9
2354,122.2,2548,63.9
2337,101.0,2528,63.9
2306,67.2,2496,63.9
2262,22.3,2438,63.9
2217,-21.8,2384,63.9
2176,-60.3,2333,63.9
2171,-62.7,2319,63.9
2208,-24.7,2360,63.9
2264,30.1,2420,63.9
2321,83.6,2482,63.9
2379,135.9,2544,63.9
2417,167.0,2584,63.9
2443,185.3,2611,63.9
2461,195.1,2626,63.9
2467,193.1,2625,63.9
2458,176.7,2614,63.9
2462,173.5,2610,63.9
2450,155.0,2599,63.9
2445,144.0,2590,63.9
2451,144.0,2592,63.9
2453,140.2,2597,63.9
2469,149.9,2610,63.9
2482,156.4,2630,63.9
2496,163.6,2650,63.9
2525,184.9,2674,63.9
2552,203.4,2712,63.9
2579,221.2,2742,63.9
2599,231.6,2768,63.9
2609,231.9,2786,63.9
2601,214.9,2780,63.9
2579,185.2,2762,63.9
2561,160.5,2741,63.9
2542,135.9,2722,63.9
2526,115.1,2704,63.9
2522,106.6,2701,63.9
2525,105.2,2700,63.9
2531,106.8,2704,63.9
2546,116.9,2720,63.9
2551,117.0,2728,63.9
2567,127.7,2738,63.9
2585,139.9,2755,63.9
2582,131.4,2741,63.9
2558,103.1,2709,63.9
2541,82.7,2679,63.9
2496,36.2,2617,63.9
2424,-34.4,2519,63.9
2319,-133.8,2385,63.9
2235,-209.1,2262,63.9
2191,-243.0,2182,63.9
2160,-263.0,2120,63.9
2132,-279.4,2061,63.9
2106,-293.2,2015,63.9
2076,-310.2,1979,63.9
2067,-306.5,1957,63.9
2054,-306.7,1938,63.9
2039,-308.8,1922,63.9
2025,-309.9,1904,63.9
2011,-311.0,1888,63.9
2004,-305.2,1877,63.9
1999,-297.8,1877,63.9
2000,-285.0,1875,63.9
1993,-280.3,1871,63.9
1984,-277.7,1865,63.9
1986,-264.7,1869,63.9
1986,-254.1,1871,63.9
1976,-253.5,1860,63.9
1962,-256.8,1848,63.9
1962,-246.6,1843,63.9
1964,-234.8,1844,63.9
1965,-224.4,1846,63.9
1963,-217.4,1843,63.9
1967,-204.8,1847,63.9
1977,-187.0,1860,63.9
1994,-163.2,1878,63.9
2016,-135.6,1902,63.9
2034,-112.9,1921,63.9
2048,-94.9,1934,63.9
2056,-83.4,1933,63.9
2052,-84.0,1935,63.9
2053,-79.6,1935,63.9
2036,-92.8,1920,63.9
2014,-110.2,1900,63.9
1996,-123.0,1883,63.9
1991,-122.9,1881,63.9
1998,-111.3,1887,63.9
2010,-95.3,1901,63.9
2027,-75.2,1917,63.9
2036,-63.5,1925,63.9
2034,-62.9,1922,63.9
2029,-65.2,1921,63.9
2044,-48.2,1934,63.9
2080,-11.7,1968,63.9
2118,25.2,2010,63.9
2144,49.2,2048,63.9
2159,61.6,2083,63.9
2171,70.7,2121,63.9
2178,74.6,2147,63.9
2183,76.4,2181,63.9
2190,80.1,2205,63.9
2197,83.6,2227,63.9
2205,87.9,2247,63.9
2225,103.6,2271,63.9
2240,113.8,2287,63.9
2234,103.5,2275,63.9
2212,78.3,2233,63.9
2177,41.5,2183,63.9
2110,-24.4,2100,63.9
2045,-85.9,2012,63.9
1994,-131.4,1944,63.9
1960,-158.8,1895,63.9
1946,-165.9,1871,63.9
1936,-168.8,1852,63.9
1931,-166.9,1841,63.9
1929,-162.1,1838,63.9
1923,-161.4,1832,63.9
1918,-159.7,1825,63.9
1929,-142.8,1830,63.9
1941,-125.6,1835,63.9
1941,-120.5,1840,63.9
1948,-109.0,1844,63.9
1950,-102.7,1842,63.9
1955,-93.8,1848,63.9
1973,-72.8,1865,63.9
2004,-40.1,1899,63.9
2051,6.6,1940,63.9
2103,56.3,1991,63.9
2155,103.9,2043,63.9
2196,139.1,2086,63.9
2233,169.1,2121,63.9
2250,178.7,2139,63.9
2223,145.6,2106,63.9
2156,75.4,2032,63.9
2041,-38.0,1904,63.9
1911,-161.3,1754,63.9
1797,-264.2,1626,63.9
1729,-319.0,1544,63.9
1691,-342.7,1501,63.9
1672,-347.2,1478,63.9
1663,-342.0,1468,63.9
1660,-331.2,1466,63.9
1655,-322.7,1461,63.9
1653,-311.7,1462,63.9
1656,-296.4,1462,63.9
1656,-284.5,1465,63.9
1660,-269.3,1467,63.9
1658,-260.4,1466,63.9
1660,-248.1,1466,63.9
1657,-241.1,1466,63.9
1659,-229.5,1466,63.9
1657,-222.2,1467,63.9
1658,-212.4,1467,63.9
1657,-204.9,1469,63.9
1658,-195.7,1466,63.9
1657,-188.8,1466,63.9
1659,-179.4,1467,63.9
1661,-170.3,1467,63.9
1658,-166.3,1467,63.9
1660,-157.8,1466,63.9
1660,-151.5,1468,63.9
1661,-144.4,1470,63.9
1661,-138.7,1467,63.9
1663,-131.2,1466,63.9
1658,-130.7,1466,63.9
1661,-122.6,1467,63.9
1660,-118.7,1467,63.9
1662,-112.0,1470,63.9
1659,-110.4,1468,63.9
1661,-104.1,1467,63.9
1663,-98.0,1467,63.9
1664,-93.1,1467,63.9
1660,-93.2,1469,63.9
1663,-86.6,1468,63.9
1663,-83.2,1472,63.9
1663,-79.8,1467,63.9
1664,-75.7,1469,63.9
1660,-76.5,1465,63.9
1663,-70.6,1471,63.9
1664,-66.8,1470,63.9
1662,-66.0,1467,63.9
1658,-67.2,1471,63.9
1661,-61.7,1468,63.9
1659,-61.1,1470,63.9
1663,-54.8,1468,63.9
1664,-51.7,1469,63.9
1661,-52.5,1469,63.9
1661,-50.4,1469,63.9
1662,-47.4,1471,63.9
1661,-46.5,1473,63.9
1662,-43.7,1470,63.9
1662,-41.9,1470,63.9
1663,-39.3,1471,63.9
1662,-38.7,1469,63.9
1664,-35.2,1469,63.9
1664,-33.8,1469,63.9
1664,-32.4,1469,63.9
1664,-31.1,1471,63.9
1662,-31.8,1469,63.9
1660,-32.5,1471,63.9
1662,-29.2,1471,63.9
1662,-28.1,1471,63.9
1663,-26.0,1471,63.9
1665,-23.0,1471,63.9
1665,-22.1,1472,63.9
1662,-24.1,1473,63.9
1664,-21.2,1473,63.9
1664,-20.4,1471,63.9
1666,-17.6,1469,63.9
1663,-19.8,1472,63.9
1664,-18.1,1472,63.9
1664,-17.3,1474,63.9
1666,-14.7,1475,63.9
1667,-13.2,1473,63.9
1667,-12.6,1475,63.9
1670,-9.3,1473,63.9
1669,-9.8,1475,63.9
1667,-11.4,1475,63.9
1668,-10.0,1477,63.9
1670,-7.6,1475,63.9
1668,-9.3,1475,63.9
1669,-7.9,1477,63.9
1669,-7.6,1475,63.9
1670,-6.3,1476,63.9
1669,-7.1,1478,63.9
1669,-6.8,1476,63.9
1670,-5.5,1478,63.9
1667,-8.2,1475,63.9
1668,-6.9,1474,63.9
1670,-4.7,1477,63.9
1668,-6.4,1477,63.9
1670,-4.3,1478,63.9
1669,-5.1,1480,63.9
1669,-4.9,1477,63.9
1667,-6.6,1477,63.9
1667,-6.3,1475,63.9
1670,-3.2,1476,63.9
1670,-3.1,1478,63.9
1668,-4.9,1476,63.9
1671,-1.8,1478,63.9
1668,-4.6,1477,63.9
1669,-3.4,1479,63.9
1666,-6.2,1478,63.9
1668,-4.0,1477,63.9
1670,-1.9,1473,63.9
1670,-1.9,1475,63.9
1670,-1.8,1473,63.9
1668,-3.6,1477,63.9
1668,-3.5,1475,63.9
1670,-1.4,1477,63.9
1670,-1.4,1477,63.9
1669,-2.3,1474,63.9
1669,-2.2,1478,63.9
1669,-2.1,1477,63.9
1669,-2.0,1477,63.9
1669,-1.9,1477,63.9
1668,-2.8,1474,63.9
1668,-2.7,1478,63.9
1668,-2.6,1476,63.9
1669,-1.5,1476,63.9
1668,-2.4,1475,63.9
1665,-5.2,1476,63.9
1667,-3.1,1477,63.9
1667,-3.0,1473,63.9
1669,-0.9,1478,63.9
1669,-0.9,1476,63.9
1670,0.1,1477,63.9
1670,0.1,1476,63.9
1668,-1.8,1476,63.9
1669,-0.8,1479,63.9
1668,-1.7,1478,63.9
1669,-0.7,1479,63.9
1672,2.2,1479,63.9
1668,-1.7,1477,63.9
1670,0.3,1476,63.9
1670,0.3,1480,63.9
1669,-0.7,1477,63.9
1669,-0.7,1477,63.9
1673,3.2,1478,63.9
1666,-3.7,1479,63.9
1672,2.3,1480,63.9
1670,0.2,1478,63.9
1671,1.2,1478,63.9
1669,-0.8,1480,63.9
1672,2.1,1478,63.9
1670,0.1,1479,63.9
1671,1.1,1479,63.9
1671,1.0,1480,63.9
1668,-1.9,1480,63.9
1670,0.1,1479,63.9
1671,1.1,1484,63.9
1668,-1.9,1480,63.9
1671,1.1,1477,63.9
1668,-1.8,1475,63.9
1668,-1.7,1478,63.9
1669,-0.7,1479,63.9
1671,1.2,1480,63.9
1671,1.2,1478,63.9
1670,0.2,1479,63.9
1669,-0.8,1476,63.9
1668,-1.7,1480,63.9
1671,1.2,1479,63.9
1670,0.2,1480,63.9
1671,1.2,1476,63.9
1671,1.1,1480,63.9
1669,-0.8,1479,63.9
1671,1.1,1480,63.9
1670,0.1,1480,63.9
1673,3.0,1481,63.9
1670,-0.0,1481,63.9
1671,0.9,1480,63.9
1672,1.9,1481,63.9
1672,1.8,1482,63.9
1671,0.8,1480,63.9
1670,-0.2,1481,63.9
1674,3.6,1481,63.9
1672,1.6,1482,63.9
1671,0.5,1483,63.9
1672,1.5,1482,63.9
1675,4.3,1482,63.9
1676,5.1,1481,63.9
1676,4.9,1481,63.9
1671,-0.1,1481,63.9
1675,3.7,1483,63.9
1673,1.7,1482,63.9
1676,4.5,1483,63.9
1674,2.4,1482,63.9
1674,2.3,1484,63.9
1673,1.2,1481,63.9
1674,2.1,1484,63.9
1676,4.0,1482,63.9
1675,2.9,1484,63.9
1674,1.8,1485,63.9
1675,2.7,1482,63.9
1674,1.6,1483,63.9
1676,3.5,1484,63.9
1674,1.4,1483,63.9
1674,1.3,1482,63.9
1672,-0.6,1483,63.9
1674,1.3,1483,63.9
1675,2.2,1483,63.9
1674,1.2,1486,63.9
1676,3.0,1482,63.9
1676,2.9,1482,63.9
1678,4.7,1486,63.9
1673,-0.3,1484,63.9
1674,0.7,1485,63.9
1676,2.6,1484,63.9
1675,1.5,1484,63.9
1677,3.4,1486,63.9
1675,1.3,1490,63.9
1676,2.2,1485,63.9
1676,2.2,1485,63.9
1678,4.0,1484,63.9
1678,3.8,1483,63.9
1676,1.8,1484,63.9
1679,4.6,1489,63.9
1677,2.5,1487,63.9
1678,3.3,1486,63.9
1674,-0.6,1483,63.9
1675,0.3,1486,63.9
1679,4.2,1486,63.9
1677,2.1,1485,63.9
1678,3.0,1486,63.9
1677,1.9,1485,63.9
1679,3.7,1488,63.9
1679,3.6,1487,63.9
1679,3.4,1489,63.9
1679,3.3,1487,63.9
1679,3.2,1485,63.9
1676,0.2,1486,63.9
1678,2.1,1488,63.9
1679,2.9,1487,63.9
1679,2.8,1486,63.9
1682,5.6,1487,63.9
1678,1.5,1488,63.9
1679,2.4,1488,63.9
1679,2.3,1487,63.9
1678,1.3,1490,63.9
1681,4.1,1489,63.9
1682,4.9,1488,63.9
1679,1.8,1487,63.9
1678,0.8,1488,63.9
1680,2.7,1487,63.9
1677,-0.3,1490,63.9
1678,0.7,1487,63.9
1679,1.6,1488,63.9
1679,1.5,1488,63.9
1680,2.4,1487,63.9
1679,1.4,1490,63.9
1679,1.3,1489,63.9
1679,1.3,1490,63.9
1677,-0.7,1490,63.9
1679,1.2,1488,63.9
1679,1.2,1487,63.9
1681,3.1,1487,63.9
1682,3.9,1487,63.9
1681,2.8,1490,63.9
1680,1.7,1490,63.9
1681,2.6,1488,63.9
1679,0.6,1490,63.9
1681,2.5,1489,63.9
1680,1.4,1490,63.9
1678,-0.6,1491,63.9
1680,1.4,1489,63.9
1679,0.4,1489,63.9
1682,3.2,1487,63.9
1680,1.2,1490,63.9
1681,2.1,1490,63.9
1681,2.0,1490,63.9
1679,0.0,1491,63.9
1679,0.0,1489,63.9
1680,1.0,1492,63.9
1681,1.9,1490,63.9
1679,-0.1,1486,63.9
1681,1.8,1492,63.9
1682,2.7,1486,63.9
1682,2.6,1489,63.9
1682,2.5,1491,63.9
1680,0.5,1491,63.9
1680,0.5,1492,63.9
1680,0.4,1493,63.9
1683,3.3,1492,63.9
1679,-0.7,1488,63.9
1683,3.2,1490,63.9
1685,5.0,1491,63.9
1681,1.0,1491,63.9
1683,2.8,1492,63.9
1680,-0.2,1491,63.9
1679,-1.1,1493,63.9
1683,2.8,1489,63.9
1682,1.7,1493,63.9
1679,-1.2,1490,63.9
1679,-1.2,1490,63.9
1681,0.8,1491,63.9
1680,-0.2,1492,63.9
1681,0.7,1491,63.9
1683,2.6,1492,63.9
1681,0.6,1490,63.9
1680,-0.4,1491,63.9
1681,0.6,1492,63.9
1679,-1.3,1493,63.9
1682,1.6,1491,63.9
1681,0.6,1492,63.9
1682,1.5,1489,63.9
1679,-1.4,1491,63.9
1682,1.5,1492,63.9
1682,1.4,1492,63.9
1680,-0.5,1493,63.9
1682,1.4,1493,63.9
1683,2.3,1495,63.9
1683,2.2,1493,63.9
1684,3.1,1492,63.9
1684,3.0,1491,63.9
1682,0.9,1492,63.9
1683,1.8,1492,63.9
1683,1.8,1491,63.9
1687,5.5,1494,63.9
1684,2.4,1491,63.9
1682,0.4,1494,63.9
1684,2.3,1495,63.9
1683,1.3,1495,63.9
1684,2.2,1491,63.9
1684,2.1,1493,63.9
1683,1.1,1495,63.9
1683,1.0,1495,63.9
1682,0.0,1494,63.9
1684,1.9,1496,63.9
1687,4.7,1495,63.9
1686,3.6,1498,63.9
1684,1.5,1494,63.9
1683,0.5,1495,63.9
1684,1.4,1493,63.9
1684,1.4,1493,63.9
1683,0.4,1495,63.9
1686,3.2,1494,63.9
1683,0.2,1496,63.9
1687,4.1,1494,63.9
1687,3.9,1494,63.9
1685,1.8,1493,63.9
1687,3.7,1496,63.9
1684,0.6,1494,63.9
1687,3.5,1492,63.9
1685,1.4,1494,63.9
1686,2.3,1497,63.9
1688,4.2,1495,63.9
1688,4.0,1495,63.9
1684,-0.0,1493,63.9
1685,1.0,1497,63.9
1683,-1.0,1495,63.9
1684,-0.0,1496,63.9
1687,2.9,1496,63.9
1684,-0.1,1496,63.9
1687,2.8,1494,63.9
1687,2.7,1495,63.9
1687,2.5,1494,63.9
1685,0.5,1492,63.9
1686,1.5,1497,63.9
1685,0.4,1496,63.9
1687,2.3,1495,63.9
1686,1.3,1496,63.9
1688,3.2,1495,63.9
1687,2.1,1493,63.9
1688,3.0,1496,63.9
1688,2.8,1496,63.9
1687,1.8,1496,63.9
1687,1.7,1499,63.9
1687,1.6,1498,63.9
1688,2.5,1499,63.9
1688,2.4,1496,63.9
1687,1.4,1501,63.9
1689,3.2,1496,63.9
1686,0.2,1500,63.9
1687,1.2,1497,63.9
1690,4.0,1497,63.9
1691,4.8,1498,63.9
1691,4.6,1496,63.9
1688,1.5,1500,63.9
1685,-1.4,1500,63.9
1688,1.5,1500,63.9
1687,0.5,1497,63.9
1687,0.5,1499,63.9
1689,2.4,1499,63.9
1688,1.3,1500,63.9
1692,5.1,1503,63.9
1693,5.9,1505,63.9
1695,7.6,1502,63.9
1693,5.3,1503,63.9
1692,4.2,1501,63.9
1691,3.0,1506,63.9
1693,4.8,1506,63.9
1693,4.6,1508,63.9
1693,4.5,1502,63.9
1693,4.3,1502,63.9
1692,3.2,1504,63.9
1694,4.9,1504,63.9
1694,4.7,1504,63.9
1695,5.5,1505,63.9
1694,4.3,1503,63.9
1690,0.3,1504,63.9
1691,1.3,1504,63.9
1693,3.1,1505,63.9
1696,5.9,1501,63.9
1694,3.7,1505,63.9
1692,1.7,1505,63.9
1693,2.6,1504,63.9
1694,3.4,1506,63.9
1692,1.4,1503,63.9
1692,1.3,1504,63.9
1693,2.2,1504,63.9
1690,-0.8,1502,63.9
1692,1.2,1501,63.9
1692,1.2,1501,63.9
1694,3.0,1502,63.9
1692,1.0,1502,63.9
1692,0.9,1503,63.9
1693,1.9,1504,63.9
1693,1.8,1504,63.9
1692,0.8,1503,63.9
1693,1.7,1505,63.9
1692,0.7,1504,63.9
1693,1.6,1506,63.9
1691,-0.4,1507,63.9
1693,1.5,1503,63.9
1693,1.5,1505,63.9
1693,1.4,1502,63.9
1693,1.4,1504,63.9
1694,2.3,1503,63.9
1692,0.3,1505,63.9
1696,4.1,1508,63.9
1693,1.0,1506,63.9
1694,2.0,1505,63.9
1694,1.9,1509,63.9
1694,1.8,1506,63.9
1694,1.7,1502,63.9
1693,0.7,1504,63.9
1696,3.6,1505,63.9
1692,-0.4,1505,63.9
1694,1.5,1504,63.9
1694,1.5,1503,63.9
1695,2.4,1506,63.9
1693,0.3,1506,63.9
1693,0.3,1506,63.9
1695,2.2,1505,63.9
1695,2.1,1508,63.9
1691,-1.8,1503,63.9
1693,0.2,1505,63.9
1693,0.2,1506,63.9
1694,1.2,1506,63.9
1693,0.1,1508,63.9
1693,0.1,1507,63.9
1695,2.1,1509,63.9
1695,2.0,1503,63.9
1694,0.9,1506,63.9
1695,1.9,1506,63.9
1696,2.7,1506,63.9
1696,2.6,1503,63.9
1695,1.6,1502,63.9
1695,1.5,1504,63.9
1693,-0.5,1508,63.9
1694,0.5,1506,63.9
1697,3.4,1503,63.9
1697,3.2,1505,63.9
1694,0.2,1504,63.9
1694,0.2,1507,63.9
1695,1.2,1507,63.9
1693,-0.8,1504,63.9
1695,1.1,1506,63.9
1695,1.1,1506,63.9
1694,0.1,1505,63.9
1696,2.0,1505,63.9
1694,0.0,1505,63.9
1695,1.0,1506,63.9
1697,2.9,1506,63.9
1697,2.7,1509,63.9
1696,1.7,1506,63.9
1692,-2.2,1507,63.9
1695,0.7,1509,63.9
1695,0.7,1509,63.9
1694,-0.3,1505,63.9
1696,1.6,1504,63.9
1694,-0.3,1507,63.9
1692,-2.2,1504,63.9
1693,-1.2,1508,63.9
1695,0.8,1507,63.9
1696,1.7,1507,63.9
1695,0.7,1507,63.9
1696,1.6,1507,63.9
1695,0.6,1509,63.9
1695,0.6,1507,63.9
1696,1.5,1504,63.9
1693,-1.4,1505,63.9
1695,0.5,1505,63.9
1692,-2.4,1510,63.9
1693,-1.3,1505,63.9
1692,-2.2,1507,63.9
1692,-2.1,1506,63.9
1693,-1.1,1508,63.9
1695,0.9,1506,63.9
1695,0.8,1506,63.9
1692,-2.1,1503,63.9
1695,0.9,1506,63.9
1695,0.9,1506,63.9
1695,0.8,1507,63.9
1694,-0.2,1505,63.9
1695,0.8,1506,63.9
1694,-0.2,1509,63.9
1692,-2.1,1505,63.9
1694,-0.1,1505,63.9
1694,-0.1,1510,63.9
1695,0.9,1509,63.9
1695,0.8,1508,63.9
1694,-0.2,1504,63.9
1695,0.8,1508,63.9
1694,-0.2,1505,63.9
1696,1.7,1507,63.9
1695,0.7,1508,63.9
1696,1.6,1508,63.9
1695,0.6,1508,63.9
1693,-1.3,1510,63.9
1695,0.6,1507,63.9
1697,2.5,1510,63.9
1695,0.5,1509,63.9
1696,1.5,1508,63.9
1696,1.4,1506,63.9
1693,-1.5,1509,63.9
1695,0.4,1507,63.9
1694,-0.5,1509,63.9
1698,3.3,1506,63.9
1694,-0.6,1507,63.9
1697,2.3,1507,63.9
1696,1.2,1507,63.9
1697,2.1,1509,63.9
1697,2.0,1510,63.9
1696,1.0,1509,63.9
1698,2.9,1507,63.9
1697,1.8,1509,63.9
1697,1.7,1509,63.9
1695,-0.3,1509,63.9
1699,3.6,1509,63.9
1696,0.6,1508,63.9
1696,0.5,1510,63.9
1698,2.4,1506,63.9
1698,2.3,1509,63.9
1698,2.2,1511,63.9
1696,0.2,1510,63.9
1696,0.2,1511,63.9
1698,2.1,1510,63.9
1697,1.1,1507,63.9
1696,0.1,1509,63.9
1698,2.0,1509,63.9
1697,1.0,1508,63.9
1696,-0.0,1507,63.9
1699,2.9,1510,63.9
1699,2.7,1510,63.9
1697,0.7,1509,63.9
1698,1.6,1508,63.9
1697,0.6,1511,63.9
1697,0.6,1509,63.9
1699,2.5,1512,63.9
1697,0.5,1509,63.9
1696,-0.5,1510,63.9
1697,0.5,1511,63.9
1700,3.3,1511,63.9
1698,1.3,1509,63.9
1698,1.2,1511,63.9
1695,-1.7,1509,63.9
1698,1.2,1510,63.9
1700,3.1,1509,63.9
1698,1.1,1515,63.9
1696,-0.9,1513,63.9
1698,1.1,1511,63.9
1697,0.1,1510,63.9
1700,2.9,1510,63.9
1701,3.8,1509,63.9
1701,3.6,1508,63.9
1702,4.4,1509,63.9
1703,5.2,1512,63.9
1698,0.2,1512,63.9
1699,1.2,1508,63.9
1699,1.1,1511,63.9
1700,2.0,1513,63.9
1697,-0.9,1514,63.9
1700,2.0,1514,63.9
1699,1.0,1509,63.9
1699,0.9,1513,63.9
1701,2.8,1513,63.9
1701,2.7,1512,63.9
1700,1.6,1513,63.9
1699,0.6,1514,63.9
1701,2.5,1511,63.9
1698,-0.5,1512,63.9
1702,3.4,1510,63.9
1701,2.3,1509,63.9
1698,-0.7,1514,63.9
1701,2.2,1514,63.9
1702,3.1,1512,63.9
1701,2.0,1513,63.9
1702,2.9,1511,63.9
1700,0.8,1516,63.9
1704,4.7,1511,63.9
1700,0.6,1512,63.9
1699,-0.4,1513,63.9
1701,1.6,1511,63.9
1699,-0.4,1515,63.9
1701,1.5,1512,63.9
1700,0.5,1512,63.9
1701,1.4,1512,63.9
1699,-0.5,1514,63.9
1703,3.3,1516,63.9
1700,0.3,1514,63.9
1700,0.3,1513,63.9
1699,-0.7,1512,63.9
1697,-2.6,1515,63.9
1700,0.4,1513,63.9
1702,2.3,1514,63.9
1700,0.3,1515,63.9
1701,1.3,1512,63.9
1701,1.2,1512,63.9
1701,1.2,1513,63.9
1701,1.1,1511,63.9
1699,-0.9,1513,63.9
1700,0.1,1514,63.9
1701,1.1,1512,63.9
1701,1.1,1513,63.9
1703,2.9,1513,63.9
1701,0.9,1514,63.9
1699,-1.1,1512,63.9
1700,-0.1,1515,63.9
1697,-2.9,1514,63.9
1702,2.0,1511,63.9
1697,-2.9,1512,63.9
1697,-2.8,1506,63.9
1695,-4.6,1503,63.9
1687,-12.1,1499,63.9
1676,-22.2,1490,63.9
1670,-27.0,1484,63.9
1667,-28.8,1483,63.9
1667,-27.7,1485,63.9
1663,-30.4,1484,63.9
1667,-25.4,1483,63.9
1665,-26.3,1483,63.9
1672,-18.5,1481,63.9
1666,-23.5,1482,63.9
1667,-21.6,1483,63.9
1668,-19.8,1485,63.9
1667,-20.0,1485,63.9
1667,-19.2,1483,63.9
1666,-19.4,1482,63.9
1668,-16.7,1485,63.9
1669,-15.0,1484,63.9
1670,-13.5,1482,63.9
1671,-12.0,1483,63.9
1669,-13.4,1484,63.9
1670,-11.9,1487,63.9
1668,-13.4,1483,63.9
1670,-10.9,1484,63.9
1669,-11.4,1484,63.9
1670,-10.0,1485,63.9
1667,-12.5,1485,63.9
1671,-8.2,1485,63.9
1669,-9.7,1486,63.9
1668,-10.3,1486,63.9
1671,-7.0,1480,63.9
1671,-6.7,1485,63.9
1668,-9.4,1485,63.9
1671,-6.1,1486,63.9
1671,-5.9,1485,63.9
1670,-6.6,1486,63.9
1670,-6.3,1487,63.9
1672,-4.1,1484,63.9
1671,-4.9,1485,63.9
1669,-6.7,1484,63.9
1670,-5.4,1484,63.9
1671,-4.3,1485,63.9
1672,-3.1,1486,63.9
1671,-4.0,1485,63.9
1669,-5.7,1486,63.9
1672,-2.6,1487,63.9
1670,-4.4,1484,63.9
1672,-2.3,1485,63.9
1673,-1.3,1486,63.9
1670,-4.1,1486,63.9
1670,-3.9,1486,63.9
1669,-4.7,1485,63.9
1669,-4.6,1487,63.9
1671,-2.5,1486,63.9
1674,0.5,1488,63.9
1672,-1.4,1488,63.9
1671,-2.3,1487,63.9
1669,-4.1,1484,63.9
1673,-0.1,1484,63.9
1671,-2.1,1485,63.9
1671,-2.0,1485,63.9
1673,0.0,1487,63.9
1671,-1.9,1486,63.9
1672,-0.9,1487,63.9
1670,-2.7,1486,63.9
1671,-1.7,1485,63.9
1671,-1.6,1487,63.9
1669,-3.5,1485,63.9
1673,0.5,1488,63.9
1672,-0.5,1488,63.9
1671,-1.4,1487,63.9
1673,0.6,1485,63.9
1672,-0.4,1487,63.9
1674,1.5,1487,63.9
1669,-3.3,1488,63.9
1670,-2.2,1488,63.9
1671,-1.2,1485,63.9
1673,0.8,1487,63.9
1673,0.7,1489,63.9
1673,0.7,1484,63.9
1672,-0.3,1484,63.9
1671,-1.2,1489,63.9
1673,0.7,1489,63.9
1671,-1.2,1489,63.9
1673,0.8,1488,63.9
1673,0.7,1487,63.9
1673,0.7,1490,63.9
1672,-0.3,1487,63.9
1672,-0.3,1489,63.9
1672,-0.3,1487,63.9
1673,0.7,1489,63.9
1672,-0.3,1488,63.9
1673,0.7,1487,63.9
1672,-0.3,1488,63.9
1673,0.7,1488,63.9
1673,0.6,1490,63.9
1673,0.6,1489,63.9
1674,1.6,1488,63.9
1672,-0.4,1488,63.9
1673,0.6,1488,63.9
1674,1.5,1488,63.9
1672,-0.5,1487,63.9
1671,-1.4,1488,63.9
1673,0.5,1487,63.9
1670,-2.4,1486,63.9
1671,-1.3,1489,63.9
1671,-1.2,1489,63.9
1672,-0.2,1487,63.9
1673,0.7,1487,63.9
1672,-0.3,1491,63.9
1675,2.6,1489,63.9
1675,2.5,1485,63.9
1672,-0.5,1488,63.9
1671,-1.4,1490,63.9
1671,-1.3,1488,63.9
1675,2.6,1492,63.9
1672,-0.4,1490,63.9
1674,1.5,1487,63.9
1674,1.4,1487,63.9
1674,1.4,1488,63.9
1676,3.3,1491,63.9
1674,1.2,1490,63.9
1676,3.1,1489,63.9
1673,0.1,1489,63.9
1671,-1.8,1488,63.9
1670,-2.7,1491,63.9
1673,0.3,1488,63.9
1674,1.2,1489,63.9
1673,0.2,1488,63.9
1675,2.1,1490,63.9
1671,-1.8,1487,63.9
1674,1.1,1490,63.9
1675,2.1,1490,63.9
1675,2.0,1491,63.9
1673,-0.0,1490,63.9
1674,0.9,1488,63.9
1672,-1.0,1488,63.9
1673,-0.0,1490,63.9
1676,2.9,1490,63.9
1674,0.8,1489,63.9
1675,1.7,1488,63.9
1676,2.6,1488,63.9
1674,0.6,1491,63.9
1674,0.6,1492,63.9
1674,0.6,1492,63.9
1673,-0.4,1489,63.9
1674,0.6,1490,63.9
1675,1.5,1488,63.9
1675,1.4,1491,63.9
1675,1.4,1490,63.9
1674,0.4,1489,63.9
1674,0.3,1488,63.9
1675,1.3,1490,63.9
1676,2.2,1489,63.9
1675,1.2,1489,63.9
1674,0.1,1491,63.9
1675,1.1,1491,63.9
1674,0.1,1488,63.9
1676,2.0,1491,63.9
1678,3.9,1492,63.9
1674,-0.1,1489,63.9
1677,2.7,1492,63.9
1675,0.7,1491,63.9
1676,1.6,1492,63.9
1675,0.6,1493,63.9
1676,1.6,1494,63.9
1676,1.5,1494,63.9
1676,1.4,1493,63.9
1678,3.3,1491,63.9
1680,5.1,1493,63.9
1679,3.9,1495,63.9
1678,2.8,1494,63.9
1679,3.7,1494,63.9
1681,5.4,1495,63.9
1678,2.3,1496,63.9
1680,4.2,1497,63.9
1676,0.2,1494,63.9
1679,3.0,1492,63.9
1678,1.9,1494,63.9
1677,0.9,1496,63.9
1680,3.7,1492,63.9
1682,5.5,1492,63.9
1679,2.4,1494,63.9
1676,-0.6,1496,63.9
1678,1.4,1495,63.9
1677,0.4,1494,63.9
1680,3.2,1493,63.9
1681,4.1,1493,63.9
1680,2.9,1495,63.9
1680,2.8,1495,63.9
1678,0.8,1496,63.9
1681,3.6,1493,63.9
1678,0.6,1495,63.9
1680,2.5,1497,63.9
1680,2.4,1494,63.9
1679,1.4,1497,63.9
1680,2.3,1493,63.9
1679,1.2,1494,63.9
1679,1.2,1494,63.9
1678,0.2,1497,63.9
1680,2.1,1496,63.9
1677,-0.9,1496,63.9
1680,2.0,1496,63.9
1678,0.0,1497,63.9
1678,0.0,1498,63.9
1678,0.0,1494,63.9
1681,2.9,1495,63.9
1679,0.9,1496,63.9
1680,1.8,1497,63.9
1682,3.6,1496,63.9
1678,-0.3,1497,63.9
1682,3.5,1498,63.9
1679,0.5,1495,63.9
1679,0.5,1497,63.9
1680,1.4,1496,63.9
1681,2.3,1496,63.9
1681,2.2,1498,63.9
1679,0.2,1497,63.9
1679,0.2,1497,63.9
1680,1.2,1497,63.9
1681,2.1,1497,63.9
1679,0.1,1497,63.9
1681,2.0,1494,63.9
1680,0.9,1499,63.9
1680,0.9,1498,63.9
1681,1.8,1497,63.9
1680,0.8,1495,63.9
1682,2.7,1498,63.9
1680,0.7,1498,63.9
1679,-0.3,1499,63.9
1682,2.6,1498,63.9
1683,3.4,1498,63.9
1680,0.4,1497,63.9
1681,1.3,1498,63.9
1681,1.3,1502,63.9
1679,-0.7,1496,63.9
1680,0.3,1496,63.9
1682,2.2,1495,63.9
1682,2.1,1495,63.9
1683,3.0,1499,63.9
1684,3.8,1497,63.9
1681,0.8,1498,63.9
1681,0.8,1501,63.9
1680,-0.2,1498,63.9
1681,0.8,1499,63.9
1684,3.6,1498,63.9
1680,-0.4,1499,63.9
1680,-0.4,1499,63.9
1681,0.6,1497,63.9
1679,-1.3,1497,63.9
1683,2.6,1498,63.9
1682,1.5,1498,63.9
1682,1.4,1499,63.9
1682,1.4,1499,63.9
1683,2.3,1498,63.9
1682,1.2,1499,63.9
1681,0.2,1498,63.9
1685,4.1,1496,63.9
1682,1.0,1499,63.9
1683,1.9,1499,63.9
1682,0.9,1498,63.9
1682,0.9,1498,63.9
1683,1.8,1501,63.9
1682,0.8,1498,63.9
1681,-0.2,1497,63.9
1684,2.7,1498,63.9
1682,0.6,1502,63.9
1683,1.6,1502,63.9
1683,1.5,1502,63.9
1680,-1.4,1498,63.9
1683,1.5,1501,63.9
1683,1.4,1500,63.9
1682,0.4,1499,63.9
1683,1.4,1498,63.9
1682,0.3,1498,63.9
1683,1.3,1498,63.9
1682,0.3,1499,63.9
1683,1.2,1500,63.9
1680,-1.7,1502,63.9
1682,0.3,1500,63.9
1685,3.2,1500,63.9
1682,0.2,1500,63.9
1684,2.1,1500,63.9
1682,0.1,1501,63.9
1682,0.1,1500,63.9
1684,2.0,1501,63.9
1684,1.9,1499,63.9
1682,-0.1,1499,63.9
1684,1.8,1502,63.9
1685,2.7,1498,63.9
1684,1.6,1500,63.9
1684,1.6,1500,63.9
1683,0.6,1502,63.9
1683,0.5,1501,63.9
1682,-0.4,1502,63.9
1681,-1.4,1502,63.9
1682,-0.4,1498,63.9
1685,2.5,1498,63.9
1684,1.5,1497,63.9
1683,0.4,1502,63.9
1686,3.3,1499,63.9
1684,1.3,1500,63.9
1682,-0.7,1500,63.9
1683,0.3,1501,63.9
1681,-1.7,1498,63.9
1685,2.2,1500,63.9
1682,-0.7,1498,63.9
1683,0.3,1501,63.9
1685,2.2,1502,63.9
1687,4.0,1502,63.9
1685,1.9,1501,63.9
1684,0.9,1502,63.9
1682,-1.1,1500,63.9
1687,3.8,1498,63.9
1685,1.7,1499,63.9
1683,-0.3,1503,63.9
1687,3.6,1502,63.9
1684,0.5,1502,63.9
1681,-2.4,1501,63.9
1684,0.6,1500,63.9
1686,2.5,1500,63.9
1685,1.5,1502,63.9
1684,0.4,1501,63.9
1686,2.3,1499,63.9
1684,0.3,1502,63.9
1685,1.3,1500,63.9
1685,1.2,1503,63.9
1683,-0.7,1502,63.9
1684,0.2,1502,63.9
1687,3.1,1500,63.9
1687,3.0,1501,63.9
1683,-1.0,1501,63.9
1686,1.9,1503,63.9
1686,1.9,1503,63.9
1684,-0.1,1503,63.9
1684,-0.1,1503,63.9
1686,1.8,1501,63.9
1686,1.7,1503,63.9
1683,-1.2,1500,63.9
1685,0.8,1501,63.9
1683,-1.2,1500,63.9
1685,0.8,1501,63.9
1686,1.7,1503,63.9
1684,-0.3,1500,63.9
1688,3.6,1502,63.9
1685,0.5,1502,63.9
1684,-0.4,1502,63.9
1685,0.5,1502,63.9
1685,0.5,1500,63.9
1685,0.5,1502,63.9
1684,-0.5,1501,63.9
1685,0.5,1503,63.9
1687,2.4,1505,63.9
1684,-0.6,1502,63.9
1686,1.4,1503,63.9
1686,1.3,1501,63.9
1685,0.3,1499,63.9
1686,1.2,1502,63.9
1688,3.1,1502,63.9
1687,2.0,1501,63.9
1688,2.9,1501,63.9
1687,1.8,1502,63.9
1687,1.8,1502,63.9
1687,1.7,1503,63.9
1688,2.6,1501,63.9
1687,1.5,1503,63.9
1686,0.5,1503,63.9
1687,1.4,1502,63.9
1684,-1.5,1505,63.9
1687,1.4,1501,63.9
1685,-0.5,1502,63.9
1685,-0.5,1503,63.9
1686,0.5,1504,63.9
1686,0.4,1502,63.9
1686,0.4,1502,63.9
1688,2.3,1502,63.9
1690,4.2,1501,63.9
1686,0.2,1502,63.9
1686,0.1,1504,63.9
1686,0.1,1502,63.9
1687,1.1,1502,63.9
1683,-2.8,1503,63.9
1686,0.2,1503,63.9
1685,-0.8,1503,63.9
1685,-0.7,1502,63.9
1687,1.2,1501,63.9
1687,1.2,1500,63.9
1687,1.1,1507,63.9
1687,1.1,1502,63.9
1687,1.0,1504,63.9
1688,1.9,1503,63.9
1686,-0.0,1505,63.9
1688,1.9,1504,63.9
1687,0.8,1502,63.9
1685,-1.1,1506,63.9
1688,1.8,1504,63.9
1686,-0.2,1501,63.9
1688,1.7,1503,63.9
1689,2.6,1504,63.9
1687,0.6,1506,63.9
1686,-0.4,1503,63.9
1686,-0.4,1503,63.9
1686,-0.3,1506,63.9
1686,-0.3,1504,63.9
1686,-0.3,1504,63.9
1690,3.5,1502,63.9
1686,-0.4,1504,63.9
1688,1.5,1504,63.9
1690,3.4,1504,63.9
1686,-0.6,1502,63.9
1688,1.3,1503,63.9
1683,-3.5,1506,63.9
1690,3.3,1505,63.9
1689,2.2,1504,63.9
1688,1.2,1503,63.9
1687,0.2,1506,63.9
1689,2.1,1501,63.9
1689,2.0,1506,63.9
1688,1.0,1507,63.9
1689,1.9,1504,63.9
1686,-1.1,1505,63.9
1686,-1.0,1505,63.9
1686,-1.0,1505,63.9
1687,0.0,1505,63.9
1687,0.0,1506,63.9
1687,0.0,1505,63.9
1689,1.9,1503,63.9
1687,-0.1,1504,63.9
1687,-0.1,1506,63.9
1688,0.9,1504,63.9
1688,0.9,1504,63.9
1690,2.8,1503,63.9
1690,2.6,1505,63.9
1688,0.6,1506,63.9
1690,2.5,1504,63.9
1689,1.5,1507,63.9
1687,-0.5,1502,63.9
1688,0.5,1504,63.9
1687,-0.5,1505,63.9
1690,2.4,1503,63.9
1686,-1.6,1506,63.9
1690,2.3,1505,63.9
1688,0.3,1505,63.9
1689,1.3,1505,63.9
1688,0.3,1503,63.9
1689,1.2,1504,63.9
1687,-0.8,1504,63.9
1688,0.2,1504,63.9
1687,-0.7,1505,63.9
1689,1.2,1503,63.9
1688,0.2,1502,63.9
1688,0.2,1503,63.9
1686,-1.7,1505,63.9
1691,3.1,1506,63.9
1689,1.1,1505,63.9
1688,0.1,1504,63.9
1690,2.0,1506,63.9
1687,-1.0,1505,63.9
1688,0.0,1506,63.9
1690,2.0,1505,63.9
1685,-2.9,1506,63.9
1690,2.0,1506,63.9
1688,0.0,1505,63.9
1687,-1.0,1503,63.9
1687,-0.9,1507,63.9
1690,2.0,1504,63.9
1690,1.9,1506,63.9
1690,1.8,1506,63.9
1688,-0.2,1506,63.9
1689,0.8,1504,63.9
1691,2.7,1506,63.9
1692,3.6,1507,63.9
1687,-1.4,1503,63.9
1689,0.6,1506,63.9
1689,0.6,1505,63.9
1690,1.5,1505,63.9
1691,2.4,1505,63.9
1690,1.3,1505,63.9
1688,-0.6,1504,63.9
1688,-0.6,1502,63.9
1687,-1.5,1507,63.9
1688,-0.5,1505,63.9
1689,0.5,1507,63.9
1690,1.4,1505,63.9
1688,-0.6,1505,63.9
1689,0.4,1506,63.9
1690,1.4,1508,63.9
1691,2.3,1506,63.9
1691,2.2,1508,63.9
1692,3.0,1504,63.9
1690,1.0,1507,63.9
1688,-1.0,1507,63.9
1689,0.0,1506,63.9
1690,1.0,1505,63.9
1691,1.9,1507,63.9
1693,3.8,1506,63.9
1690,0.7,1506,63.9
1692,2.6,1508,63.9
1688,-1.3,1507,63.9
1690,0.6,1505,63.9
1687,-2.3,1508,63.9
1691,1.7,1507,63.9
1691,1.6,1507,63.9
1690,0.6,1507,63.9
1689,-0.4,1507,63.9
1690,0.6,1507,63.9
1690,0.6,1505,63.9
1691,1.5,1507,63.9
1689,-0.5,1506,63.9
1690,0.5,1507,63.9
1690,0.5,1507,63.9
1691,1.4,1506,63.9
1691,1.4,1506,63.9
1689,-0.6,1507,63.9
1692,2.3,1506,63.9
1691,1.2,1506,63.9
1690,0.2,1507,63.9
1690,0.2,1506,63.9
1691,1.2,1503,63.9
1690,0.2,1506,63.9
1691,1.1,1507,63.9
1691,1.1,1508,63.9
1690,0.1,1508,63.9
1690,0.1,1506,63.9
1691,1.0,1507,63.9
1690,0.0,1509,63.9
1692,1.9,1506,63.9
1691,0.9,1507,63.9
1690,-0.1,1509,63.9
1692,1.8,1508,63.9
1692,1.8,1508,63.9
1691,0.7,1505,63.9
1691,0.7,1506,63.9
1691,0.7,1508,63.9
1692,1.6,1506,63.9
1691,0.6,1508,63.9
1691,0.6,1506,63.9
1692,1.5,1508,63.9
1689,-1.4,1509,63.9
1690,-0.4,1506,63.9
1687,-3.3,1507,63.9
1691,0.7,1507,63.9
1692,1.6,1509,63.9
1689,-1.3,1508,63.9
1690,-0.3,1509,63.9
1692,1.6,1507,63.9
1694,3.5,1507,63.9
1687,-3.4,1507,63.9
1691,0.6,1507,63.9
1688,-2.3,1509,63.9
1691,0.7,1508,63.9
1692,1.6,1507,63.9
1690,-0.4,1509,63.9
1690,-0.4,1505,63.9
1692,1.6,1504,63.9
1690,-0.4,1508,63.9
1692,1.5,1507,63.9
1691,0.5,1507,63.9
1691,0.5,1506,63.9
1689,-1.5,1506,63.9
1691,0.5,1508,63.9
1690,-0.5,1507,63.9
1692,1.5,1508,63.9
1691,0.5,1507,63.9
1689,-1.5,1507,63.9
1690,-0.5,1505,63.9
1692,1.5,1508,63.9
1690,-0.5,1508,63.9
1692,1.4,1507,63.9
1690,-0.5,1506,63.9
1691,0.4,1507,63.9
1692,1.4,1505,63.9
1692,1.3,1508,63.9
1691,0.3,1505,63.9
1690,-0.7,1507,63.9
1691,0.3,1506,63.9
1690,-0.6,1508,63.9
1691,0.3,1506,63.9
1691,0.3,1508,63.9
1691,0.3,1507,63.9
1689,-1.6,1508,63.9
1688,-2.5,1506,63.9
1691,0.5,1508,63.9
1692,1.4,1507,63.9
1692,1.4,1509,63.9
1690,-0.6,1509,63.9
1694,3.2,1506,63.9
1691,0.2,1508,63.9
1688,-2.7,1510,63.9
1690,-0.6,1509,63.9
1693,2.3,1509,63.9
1690,-0.7,1505,63.9
1689,-1.6,1504,63.9
1691,0.4,1509,63.9
1693,2.3,1510,63.9
1693,2.2,1507,63.9
1693,2.1,1507,63.9
1690,-0.9,1507,63.9
1687,-3.7,1506,63.9
1692,1.2,1509,63.9
1693,2.1,1506,63.9
1693,2.1,1509,63.9
1690,-0.9,1507,63.9
1692,1.0,1509,63.9
1690,-0.9,1509,63.9
1691,0.1,1509,63.9
1692,1.0,1508,63.9
1693,2.0,1508,63.9
1691,-0.0,1508,63.9
1692,0.9,1507,63.9
1693,1.8,1509,63.9
1694,2.7,1509,63.9
1690,-1.2,1508,63.9
1694,2.7,1510,63.9
1692,0.6,1507,63.9
1692,0.6,1506,63.9
1692,0.6,1505,63.9
1694,2.5,1510,63.9
1691,-0.5,1509,63.9
1692,0.5,1509,63.9
1692,0.5,1508,63.9
1692,0.4,1509,63.9
1693,1.4,1510,63.9
1693,1.3,1509,63.9
1692,0.3,1509,63.9
1693,1.3,1508,63.9
1695,3.1,1511,63.9
1698,5.9,1514,63.9
1713,20.1,1530,63.9
1739,44.2,1555,63.9
1769,71.2,1574,63.9
1781,79.9,1586,63.9
1784,79.6,1588,63.9
1777,69.7,1583,63.9
1767,57.3,1571,63.9
1755,43.5,1567,63.9
1749,36.0,1559,63.9
1739,25.0,1551,63.9
1733,18.2,1546,63.9
1729,13.6,1543,63.9
1725,9.2,1538,63.9
1727,10.8,1535,63.9
1723,6.5,1537,63.9
1724,7.2,1536,63.9
1726,8.9,1538,63.9
1725,7.5,1538,63.9
1730,12.0,1535,63.9
1726,7.7,1540,63.9
1727,8.4,1540,63.9
1726,7.1,1544,63.9
1728,8.7,1537,63.9
1724,4.5,1537,63.9
1726,6.3,1537,63.9
1727,7.0,1537,63.9
1729,8.6,1538,63.9
1729,8.3,1539,63.9
1726,5.1,1540,63.9
1726,4.9,1540,63.9
1724,2.7,1539,63.9
1726,4.6,1539,63.9
1727,5.3,1538,63.9
1725,3.2,1540,63.9
1728,5.9,1538,63.9
1728,5.7,1536,63.9
1726,3.6,1539,63.9
1725,2.5,1538,63.9
1726,3.3,1540,63.9
1727,4.1,1538,63.9
1727,4.0,1538,63.9
1726,2.9,1539,63.9
1727,3.7,1537,63.9
1727,3.6,1540,63.9
1728,4.4,1539,63.9
1728,4.2,1539,63.9
1726,2.1,1539,63.9
1730,5.9,1543,63.9
1727,2.8,1541,63.9
1727,2.6,1538,63.9
1728,3.5,1537,63.9
1726,1.4,1542,63.9
1728,3.3,1541,63.9
1726,1.2,1542,63.9
1729,4.1,1541,63.9
1731,5.8,1539,63.9
1728,2.7,1538,63.9
1725,-0.3,1536,63.9
1728,2.6,1540,63.9
1730,4.4,1540,63.9
1729,3.3,1538,63.9
1727,1.2,1541,63.9
1728,2.2,1541,63.9
1728,2.1,1539,63.9
1724,-1.8,1538,63.9
1727,1.1,1537,63.9
1725,-0.9,1538,63.9
1728,2.1,1538,63.9
1727,1.0,1539,63.9
1727,1.0,1538,63.9
1727,0.9,1538,63.9
1728,1.9,1539,63.9
1726,-0.1,1540,63.9
1726,-0.1,1538,63.9
1726,-0.1,1538,63.9
1729,2.8,1538,63.9
1728,1.7,1538,63.9
1727,0.7,1539,63.9
1725,-1.3,1541,63.9
1726,-0.3,1538,63.9
1727,0.7,1543,63.9
1729,2.6,1539,63.9
1730,3.4,1540,63.9
1729,2.3,1538,63.9
1728,1.3,1538,63.9
1730,3.2,1538,63.9
1728,1.1,1540,63.9
1731,4.0,1542,63.9
1728,0.9,1539,63.9
1726,-1.0,1540,63.9
1727,-0.0,1540,63.9
1729,1.9,1538,63.9
1728,0.8,1539,63.9
1728,0.8,1540,63.9
1731,3.7,1541,63.9
1728,0.6,1542,63.9
1727,-0.4,1540,63.9
1727,-0.3,1539,63.9
1726,-1.3,1539,63.9
1728,0.7,1541,63.9
1727,-0.3,1539,63.9
1728,0.7,1537,63.9
1728,0.6,1541,63.9
1730,2.5,1539,63.9
1726,-1.4,1542,63.9
1727,-0.4,1539,63.9
1727,-0.4,1542,63.9
1729,1.6,1541,63.9
1726,-1.4,1539,63.9
1726,-1.3,1540,63.9
1728,0.6,1538,63.9
1726,-1.3,1534,63.9
1723,-4.1,1537,63.9
1717,-9.7,1529,63.9
1707,-18.9,1523,63.9
1701,-23.9,1516,63.9
1694,-29.7,1511,63.9
1694,-28.5,1510,63.9
1693,-28.3,1507,63.9
1691,-29.1,1509,63.9
1691,-28.0,1509,63.9
1693,-24.9,1512,63.9
1693,-23.9,1506,63.9
1692,-23.9,1511,63.9
1693,-22.0,1508,63.9
1694,-20.2,1510,63.9
1692,-21.3,1510,63.9
1695,-17.5,1506,63.9
1694,-17.8,1509,63.9
1689,-21.9,1509,63.9
1695,-15.3,1508,63.9
1695,-14.6,1511,63.9
1692,-16.9,1509,63.9
1693,-15.3,1508,63.9
1695,-12.8,1511,63.9
1695,-12.3,1509,63.9
1693,-13.7,1511,63.9
1691,-15.1,1510,63.9
1693,-12.5,1513,63.9
1692,-13.0,1510,63.9
1693,-11.5,1510,63.9
1695,-9.1,1509,63.9
1692,-11.7,1508,63.9
1693,-10.2,1508,63.9
1694,-8.9,1508,63.9
1694,-8.5,1508,63.9
1694,-8.2,1508,63.9
1693,-8.8,1508,63.9
1693,-8.4,1510,63.9
1690,-11.0,1511,63.9
1690,-10.5,1510,63.9
1691,-9.2,1512,63.9
1691,-8.8,1510,63.9
1694,-5.6,1509,63.9
1690,-9.2,1510,63.9
1693,-5.9,1511,63.9
1694,-4.7,1508,63.9
1691,-7.4,1506,63.9
1692,-6.2,1507,63.9
1691,-6.9,1506,63.9
1692,-5.6,1510,63.9
1692,-5.4,1507,63.9
1692,-5.2,1508,63.9
1693,-4.0,1510,63.9
1692,-4.8,1508,63.9
1690,-6.6,1508,63.9
1690,-6.3,1509,63.9
1690,-6.0,1507,63.9
1690,-5.8,1508,63.9
1691,-4.6,1508,63.9
1691,-4.4,1507,63.9
1694,-1.4,1510,63.9
1691,-4.2,1508,63.9
1693,-2.1,1507,63.9
1693,-2.0,1509,63.9
1694,-1.0,1506,63.9
1691,-3.8,1509,63.9
1691,-3.7,1506,63.9
1693,-1.6,1508,63.9
1693,-1.5,1507,63.9
1692,-2.4,1508,63.9
1691,-3.3,1506,63.9
1691,-3.2,1506,63.9
1693,-1.1,1509,63.9
1693,-1.1,1508,63.9
1693,-1.0,1506,63.9
1693,-1.0,1507,63.9
1690,-3.8,1508,63.9
1692,-1.8,1509,63.9
1691,-2.7,1508,63.9
1693,-0.6,1508,63.9
1694,0.4,1510,63.9
1692,-1.6,1508,63.9
1692,-1.5,1509,63.9
1691,-2.4,1511,63.9
1693,-0.4,1510,63.9
1692,-1.3,1508,63.9
1692,-1.3,1509,63.9
1693,-0.3,1507,63.9
1693,-0.3,1508,63.9
1693,-0.3,1508,63.9
1694,0.7,1511,63.9
1692,-1.2,1509,63.9
1693,-0.2,1506,63.9
1692,-1.2,1507,63.9
1691,-2.1,1507,63.9
1694,0.9,1509,63.9
1697,3.7,1506,63.9
1694,0.7,1506,63.9
1692,-1.3,1507,63.9
1689,-4.1,1509,63.9
1691,-2.0,1508,63.9
1691,-1.9,1508,63.9
1691,-1.8,1507,63.9
1693,0.2,1508,63.9
1692,-0.8,1508,63.9
1692,-0.8,1506,63.9
1692,-0.8,1509,63.9
1691,-1.7,1508,63.9
1693,0.3,1507,63.9
1693,0.3,1509,63.9
1690,-2.6,1509,63.9
1693,0.4,1508,63.9
1693,0.4,1507,63.9
1691,-1.6,1510,63.9
1692,-0.5,1508,63.9
1695,2.4,1509,63.9
1693,0.3,1508,63.9
1694,1.3,1507,63.9
1694,1.2,1508,63.9
1694,1.2,1508,63.9
1689,-3.7,1507,63.9
1693,0.3,1507,63.9
1693,0.3,1509,63.9
1692,-0.7,1508,63.9
1694,1.3,1510,63.9
1693,0.3,1509,63.9
1692,-0.7,1510,63.9
1692,-0.7,1509,63.9
1694,1.3,1507,63.9
1693,0.3,1510,63.9
1695,2.2,1509,63.9
1693,0.2,1508,63.9
1694,1.1,1509,63.9
1696,3.0,1505,63.9
1693,-0.0,1508,63.9
1691,-1.9,1505,63.9
1693,0.1,1509,63.9
1694,1.0,1507,63.9
1693,0.0,1509,63.9
1693,0.0,1508,63.9
1693,0.0,1508,63.9
1693,0.0,1507,63.9
1691,-1.9,1506,63.9
1692,-0.9,1507,63.9
1694,1.1,1506,63.9
1692,-0.9,1509,63.9
1692,-0.8,1507,63.9
1691,-1.8,1507,63.9
1691,-1.7,1511,63.9
1694,1.3,1511,63.9
1694,1.2,1509,63.9
1696,3.1,1507,63.9
1691,-1.8,1506,63.9
1692,-0.8,1508,63.9
1693,0.2,1509,63.9
1694,1.1,1509,63.9
1694,1.1,1507,63.9
1693,0.1,1508,63.9
1695,2.0,1507,63.9
1692,-1.0,1507,63.9
1692,-0.9,1507,63.9
1694,1.0,1507,63.9
1694,1.0,1510,63.9
1694,1.0,1507,63.9
1693,-0.0,1508,63.9
1693,-0.0,1508,63.9
1694,0.9,1507,63.9
1691,-2.0,1510,63.9
1695,1.9,1509,63.9
1691,-2.0,1508,63.9
1694,1.0,1508,63.9
1692,-1.0,1511,63.9
1695,1.9,1508,63.9
1692,-1.0,1509,63.9
1693,-0.0,1508,63.9
1693,-0.0,1510,63.9
1696,2.9,1508,63.9
1694,0.8,1508,63.9
1694,0.8,1508,63.9
1695,1.7,1506,63.9
1692,-1.2,1508,63.9
1694,0.7,1509,63.9
1695,1.7,1509,63.9
1693,-0.3,1510,63.9
1695,1.6,1504,63.9
1695,1.5,1508,63.9
1692,-1.4,1510,63.9
1692,-1.3,1511,63.9
1694,0.6,1508,63.9
1691,-2.3,1509,63.9
1690,-3.1,1507,63.9
1693,-0.1,1509,63.9
1694,0.8,1506,63.9
1695,1.8,1509,63.9
1697,3.6,1507,63.9
1696,2.5,1509,63.9
1694,0.5,1507,63.9
1694,0.5,1507,63.9
1696,2.4,1509,63.9
1696,2.3,1509,63.9
1693,-0.7,1509,63.9
1693,-0.7,1508,63.9
1695,1.3,1510,63.9
1693,-0.7,1510,63.9
1695,1.3,1507,63.9
1691,-2.6,1511,63.9
1692,-1.6,1511,63.9
1693,-0.5,1510,63.9
1693,-0.5,1511,63.9
1695,1.4,1510,63.9
1692,-1.5,1510,63.9
1697,3.3,1506,63.9
1692,-1.6,1509,63.9
1695,1.3,1509,63.9
1696,2.3,1511,63.9
1697,3.1,1511,63.9
1693,-0.8,1506,63.9
1691,-2.7,1508,63.9
1694,0.3,1511,63.9
1694,0.3,1509,63.9
1696,2.2,1510,63.9
1695,1.1,1509,63.9
1694,0.1,1511,63.9
1694,0.1,1507,63.9
1695,1.1,1508,63.9
1693,-0.9,1509,63.9
1695,1.1,1509,63.9
1694,0.1,1508,63.9
1694,0.1,1508,63.9
1695,1.0,1511,63.9
1694,0.0,1509,63.9
1693,-1.0,1509,63.9
1695,1.0,1509,63.9
1695,1.0,1507,63.9
1695,0.9,1512,63.9
1695,0.9,1510,63.9
1696,1.8,1511,63.9
1695,0.8,1510,63.9
1695,0.8,1511,63.9
1695,0.7,1509,63.9
1695,0.7,1509,63.9
1695,0.7,1508,63.9
1692,-2.2,1512,63.9
1697,2.6,1508,63.9
1694,-0.3,1509,63.9
1696,1.6,1509,63.9
1694,-0.4,1510,63.9
1692,-2.3,1509,63.9
1695,0.7,1508,63.9
1695,0.7,1511,63.9
1695,0.6,1510,63.9
1693,-1.3,1508,63.9
1696,1.6,1510,63.9
1695,0.6,1510,63.9
1694,-0.4,1509,63.9
1695,0.6,1508,63.9
1691,-3.3,1512,63.9
1693,-1.2,1509,63.9
1694,-0.2,1511,63.9
1696,1.7,1509,63.9
1695,0.7,1507,63.9
1694,-0.3,1511,63.9
1695,0.7,1508,63.9
1694,-0.3,1509,63.9
1694,-0.3,1509,63.9
1697,2.6,1508,63.9
1692,-2.3,1510,63.9
1695,0.7,1510,63.9
1696,1.6,1511,63.9
1694,-0.4,1508,63.9
1696,1.5,1506,63.9
1694,-0.4,1507,63.9
1695,0.5,1509,63.9
1695,0.5,1508,63.9
1694,-0.5,1508,63.9
1695,0.5,1508,63.9
1692,-2.4,1508,63.9
1694,-0.4,1509,63.9
1695,0.6,1509,63.9
1694,-0.4,1510,63.9
1694,-0.4,1508,63.9
1694,-0.4,1512,63.9
1694,-0.3,1508,63.9
1695,0.6,1510,63.9
1694,-0.4,1509,63.9
1694,-0.3,1509,63.9
1693,-1.3,1511,63.9
1695,0.7,1511,63.9
1694,-0.3,1510,63.9
1694,-0.3,1508,63.9
1696,1.6,1510,63.9
1694,-0.3,1508,63.9
1696,1.6,1510,63.9
1694,-0.4,1510,63.9
1695,0.6,1511,63.9
1696,1.5,1509,63.9
1694,-0.5,1510,63.9
1694,-0.4,1510,63.9
1694,-0.4,1508,63.9
1692,-2.3,1509,63.9
1692,-2.2,1509,63.9
1695,0.7,1509,63.9
1695,0.7,1509,63.9
1694,-0.3,1512,63.9
1697,2.6,1507,63.9
1695,0.6,1511,63.9
1694,-0.4,1509,63.9
1694,-0.4,1510,63.9
1697,2.5,1508,63.9
1696,1.5,1510,63.9
1695,0.4,1509,63.9
1694,-0.5,1511,63.9
1697,2.4,1511,63.9
1693,-1.6,1509,63.9
1693,-1.5,1511,63.9
1696,1.4,1510,63.9
1695,0.4,1510,63.9
1695,0.4,1509,63.9
1694,-0.6,1509,63.9
1695,0.4,1509,63.9
1695,0.4,1509,63.9
1695,0.4,1511,63.9
1695,0.4,1510,63.9
1693,-1.6,1509,63.9
1696,1.4,1512,63.9
1691,-3.5,1509,63.9
1697,2.4,1512,63.9
1694,-0.6,1512,63.9
1693,-1.5,1509,63.9
1695,0.5,1507,63.9
1694,-0.5,1509,63.9
1694,-0.5,1507,63.9
1696,1.5,1508,63.9
1696,1.4,1509,63.9
1696,1.3,1509,63.9
1694,-0.6,1511,63.9
1695,0.4,1508,63.9
1694,-0.6,1509,63.9
1695,0.4,1509,63.9
1693,-1.6,1510,63.9
1697,2.3,1509,63.9
1693,-1.6,1509,63.9
1694,-0.6,1509,63.9
1695,0.4,1509,63.9
1693,-1.5,1508,63.9
1694,-0.5,1506,63.9
1693,-1.4,1511,63.9
1694,-0.4,1510,63.9
1695,0.5,1511,63.9
1696,1.5,1509,63.9
1696,1.4,1509,63.9
1695,0.4,1511,63.9
1695,0.4,1510,63.9
1693,-1.5,1511,63.9
1697,2.4,1510,63.9
1697,2.3,1509,63.9
1694,-0.7,1510,63.9
1696,1.2,1511,63.9
1697,2.2,1510,63.9
1698,3.0,1510,63.9
1695,0.0,1509,63.9
1695,0.0,1512,63.9
1696,1.0,1510,63.9
1696,0.9,1508,63.9
1695,-0.1,1511,63.9
1693,-2.0,1511,63.9
1696,1.0,1510,63.9
1695,-0.0,1509,63.9
1693,-1.9,1508,63.9
1694,-0.9,1512,63.9
1696,1.1,1511,63.9
1694,-0.9,1511,63.9
1694,-0.9,1509,63.9
1696,1.1,1510,63.9
1696,1.0,1509,63.9
1695,0.0,1510,63.9
1693,-1.9,1512,63.9
1697,2.0,1513,63.9
1694,-0.9,1508,63.9
1697,2.0,1509,63.9
1695,-0.0,1511,63.9
1694,-1.0,1509,63.9
1697,2.0,1512,63.9
1695,-0.0,1508,63.9
1697,1.9,1510,63.9
1696,0.8,1510,63.9
1693,-2.1,1511,63.9
1696,0.9,1512,63.9
1696,0.9,1506,63.9
1697,1.8,1509,63.9
1694,-1.2,1511,63.9
1695,-0.2,1510,63.9
1695,-0.2,1510,63.9
1697,1.8,1510,63.9
1698,2.7,1510,63.9
1694,-1.3,1511,63.9
1692,-3.2,1509,63.9
1692,-3.0,1510,63.9
1696,0.9,1510,63.9
1694,-1.0,1510,63.9
1694,-1.0,1510,63.9
1693,-1.9,1512,63.9
1696,1.1,1511,63.9
1695,0.0,1511,63.9
1695,0.0,1510,63.9
1697,2.0,1512,63.9
1699,3.8,1509,63.9
1695,-0.2,1510,63.9
1695,-0.2,1509,63.9
1695,-0.2,1512,63.9
1698,2.7,1509,63.9
1696,0.7,1509,63.9
1696,0.7,1512,63.9
1696,0.6,1511,63.9
1694,-1.3,1512,63.9
1697,1.6,1511,63.9
1696,0.6,1510,63.9
1696,0.6,1509,63.9
1697,1.5,1511,63.9
1699,3.4,1511,63.9
1695,-0.6,1511,63.9
1697,1.3,1511,63.9
1695,-0.6,1508,63.9
1697,1.3,1510,63.9
1695,-0.7,1508,63.9
1695,-0.6,1510,63.9
1694,-1.6,1508,63.9
1697,1.4,1510,63.9
1696,0.4,1511,63.9
1693,-2.5,1509,63.9
1696,0.4,1510,63.9
1697,1.4,1510,63.9
1698,2.3,1508,63.9
1696,0.3,1511,63.9
1694,-1.7,1511,63.9
1696,0.3,1511,63.9
1696,0.3,1509,63.9
1695,-0.7,1512,63.9
1696,0.3,1508,63.9
1693,-2.6,1510,63.9
1695,-0.5,1510,63.9
1698,2.4,1512,63.9
1694,-1.6,1507,63.9
1696,0.4,1510,63.9
1697,1.4,1510,63.9
1696,0.3,1512,63.9
1696,0.3,1512,63.9
1695,-0.6,1510,63.9
1693,-2.5,1510,63.9
1696,0.4,1509,63.9
1696,0.4,1510,63.9
1696,0.4,1508,63.9
1698,2.3,1510,63.9
1697,1.3,1511,63.9
1695,-0.7,1511,63.9
1693,-2.6,1509,63.9
1695,-0.6,1510,63.9
1695,-0.6,1510,63.9
1696,0.4,1512,63.9
1696,0.4,1510,63.9
1697,1.4,1509,63.9
1694,-1.6,1510,63.9
1695,-0.6,1509,63.9
1696,0.4,1510,63.9
1698,2.3,1510,63.9
1696,0.3,1511,63.9
1693,-2.6,1511,63.9
1694,-1.5,1511,63.9
1697,1.4,1509,63.9
1694,-1.5,1511,63.9
1697,1.4,1510,63.9
1695,-0.5,1509,63.9
1694,-1.5,1508,63.9
1695,-0.5,1509,63.9
1697,1.5,1510,63.9
1694,-1.5,1506,63.9
1698,2.4,1509,63.9
1698,2.3,1509,63.9
1697,1.3,1509,63.9
1696,0.3,1509,63.9
1695,-0.7,1511,63.9
1695,-0.7,1513,63.9
1695,-0.6,1512,63.9
1696,0.3,1511,63.9
1696,0.3,1511,63.9
1697,1.3,1509,63.9
1695,-0.7,1509,63.9
1699,3.2,1511,63.9
1698,2.1,1510,63.9
1696,0.1,1512,63.9
1695,-0.9,1514,63.9
1695,-0.8,1509,63.9
1696,0.1,1511,63.9
1699,3.0,1510,63.9
1698,1.9,1512,63.9
1696,-0.1,1510,63.9
1695,-1.0,1510,63.9
1696,-0.0,1511,63.9
1694,-1.9,1509,63.9
1697,1.0,1509,63.9
1696,0.0,1511,63.9
1693,-2.9,1510,63.9
1696,0.1,1510,63.9
1697,1.1,1512,63.9
1696,0.1,1512,63.9
1697,1.0,1511,63.9
1695,-0.9,1510,63.9
1695,-0.9,1508,63.9
1695,-0.8,1509,63.9
1696,0.1,1509,63.9
1696,0.1,1513,63.9
1696,0.1,1512,63.9
1700,4.0,1511,63.9
1696,-0.0,1510,63.9
1696,-0.0,1513,63.9
1695,-1.0,1512,63.9
1699,2.9,1511,63.9
1696,-0.1,1513,63.9
1697,0.9,1509,63.9
1697,0.8,1512,63.9
1698,1.8,1513,63.9
1698,1.7,1512,63.9
1697,0.7,1514,63.9
1699,2.6,1510,63.9
1697,0.5,1511,63.9
1698,1.5,1510,63.9
1697,0.4,1513,63.9
1696,-0.5,1509,63.9
1698,1.4,1509,63.9
1698,1.4,1511,63.9
1698,1.3,1510,63.9
1699,2.2,1512,63.9
1696,-0.8,1510,63.9
1697,0.2,1513,63.9
1698,1.2,1511,63.9
1697,0.2,1512,63.9
1697,0.2,1512,63.9
1699,2.1,1506,63.9
1697,0.1,1512,63.9
1696,-0.9,1511,63.9
1697,0.1,1510,63.9
1697,0.1,1509,63.9
1698,1.1,1510,63.9
1697,0.1,1513,63.9
1699,2.0,1512,63.9
1699,1.9,1512,63.9
1698,0.9,1512,63.9
1700,2.7,1512,63.9
1698,0.7,1511,63.9
1698,0.7,1513,63.9
1693,-4.1,1513,63.9
1698,0.8,1511,63.9
1699,1.8,1511,63.9
1695,-2.2,1511,63.9
1696,-1.1,1512,63.9
1699,1.8,1512,63.9
1695,-2.1,1509,63.9
1697,-0.1,1513,63.9
1698,0.9,1512,63.9
1697,-0.1,1512,63.9
1697,-0.1,1511,63.9
1698,0.8,1513,63.9
1698,0.8,1512,63.9
1700,2.7,1510,63.9
1698,0.7,1513,63.9
1697,-0.3,1511,63.9
1695,-2.2,1511,63.9
1697,-0.2,1510,63.9
1696,-1.2,1510,63.9
1697,-0.2,1514,63.9
1698,0.8,1511,63.9
1701,3.7,1512,63.9
1700,2.5,1512,63.9
1697,-0.4,1510,63.9
1697,-0.4,1512,63.9
1700,2.5,1515,63.9
1699,1.4,1514,63.9
1695,-2.5,1510,63.9
1697,-0.5,1511,63.9
1699,1.5,1509,63.9
1697,-0.5,1512,63.9
1699,1.4,1511,63.9
1698,0.4,1512,63.9
1698,0.4,1512,63.9
1698,0.4,1512,63.9
1698,0.4,1508,63.9
1696,-1.6,1513,63.9
1695,-2.5,1510,63.9
1698,0.5,1510,63.9
1698,0.5,1510,63.9
1696,-1.4,1513,63.9
1697,-0.4,1511,63.9
1696,-1.4,1510,63.9
1695,-2.3,1510,63.9
1699,1.7,1513,63.9
1697,-0.3,1511,63.9
1697,-0.3,1511,63.9
1695,-2.2,1511,63.9
1698,0.7,1513,63.9
1697,-0.2,1510,63.9
1699,1.7,1509,63.9
1698,0.7,1512,63.9
1696,-1.3,1512,63.9
1698,0.7,1511,63.9
1698,0.7,1511,63.9
1700,2.6,1511,63.9
1696,-1.4,1513,63.9
1696,-1.3,1510,63.9
1697,-0.3,1513,63.9
1698,0.7,1515,63.9
1697,-0.3,1511,63.9
1697,-0.3,1509,63.9
1698,0.7,1511,63.9
1700,2.5,1513,63.9
1699,1.5,1513,63.9
1699,1.4,1511,63.9
1698,0.4,1510,63.9
1698,0.4,1512,63.9
1699,1.3,1508,63.9
1698,0.3,1512,63.9
1698,0.3,1511,63.9
1697,-0.7,1511,63.9
1699,1.3,1512,63.9
1698,0.3,1512,63.9
1696,-1.7,1513,63.9
1699,1.3,1511,63.9
1698,0.3,1512,63.9
1700,2.2,1509,63.9
1700,2.1,1509,63.9
1699,1.1,1510,63.9
1697,-0.9,1514,63.9
1700,2.0,1510,63.9
1700,1.9,1510,63.9
1696,-2.0,1511,63.9
1699,1.0,1511,63.9
1699,0.9,1513,63.9
1699,0.9,1511,63.9
1698,-0.1,1512,63.9
1698,-0.1,1512,63.9
1698,-0.1,1511,63.9
1699,0.9,1512,63.9
1699,0.8,1511,63.9
1698,-0.2,1511,63.9
1696,-2.1,1514,63.9
1696,-2.0,1512,63.9
1699,1.0,1509,63.9
1700,1.9,1514,63.9
1699,0.9,1511,63.9
1698,-0.1,1511,63.9
1699,0.8,1511,63.9
1699,0.8,1512,63.9
1697,-1.2,1510,63.9
1698,-0.2,1511,63.9
1699,0.8,1509,63.9
1698,-0.2,1513,63.9
1699,0.8,1514,63.9
1701,2.7,1512,63.9
1699,0.7,1513,63.9
1698,-0.3,1509,63.9
1699,0.6,1513,63.9
1700,1.6,1513,63.9
1699,0.5,1512,63.9
1697,-1.4,1513,63.9
1698,-0.4,1512,63.9
1698,-0.4,1510,63.9
1698,-0.3,1510,63.9
1697,-1.3,1510,63.9
1699,0.7,1513,63.9
1698,-0.3,1512,63.9
1696,-2.2,1511,63.9
1698,-0.2,1513,63.9
1699,0.8,1512,63.9
1700,1.7,1510,63.9
1700,1.6,1513,63.9
1696,-2.3,1513,63.9
1697,-1.2,1510,63.9
1699,0.7,1510,63.9
1696,-2.2,1513,63.9
1698,-0.2,1513,63.9
1699,0.8,1511,63.9
1697,-1.2,1514,63.9
1698,-0.1,1509,63.9
1701,2.7,1509,63.9
1699,0.7,1513,63.9
1698,-0.3,1514,63.9
1697,-1.2,1513,63.9
1700,1.7,1511,63.9
1700,1.6,1509,63.9
1697,-1.3,1511,63.9
1697,-1.3,1510,63.9
1700,1.7,1511,63.9
1702,3.5,1511,63.9
1696,-2.4,1511,63.9
1696,-2.3,1513,63.9
1697,-1.2,1512,63.9
1700,1.7,1512,63.9
1701,2.6,1513,63.9
1698,-0.4,1513,63.9
1700,1.5,1512,63.9
1697,-1.4,1511,63.9
1698,-0.4,1512,63.9
1697,-1.3,1513,63.9
1698,-0.3,1509,63.9
1697,-1.3,1510,63.9
1698,-0.3,1510,63.9
1697,-1.2,1514,63.9
1700,1.7,1514,63.9
1698,-0.3,1512,63.9
1699,0.7,1510,63.9
1698,-0.3,1514,63.9
1699,0.7,1510,63.9
1701,2.6,1511,63.9
1700,1.5,1514,63.9
1698,-0.5,1511,63.9
1700,1.5,1510,63.9
1699,0.5,1512,63.9
1700,1.4,1514,63.9
1698,-0.6,1512,63.9
1700,1.4,1512,63.9
1699,0.4,1512,63.9
1700,1.3,1512,63.9
1700,1.2,1512,63.9
1700,1.2,1515,63.9
1699,0.2,1514,63.9
1697,-1.7,1514,63.9
1697,-1.7,1514,63.9
1699,0.3,1514,63.9
1699,0.3,1511,63.9
1699,0.3,1513,63.9
1699,0.3,1509,63.9
1700,1.2,1512,63.9
1699,0.2,1513,63.9
1700,1.2,1512,63.9
1699,0.2,1517,63.9
1699,0.2,1513,63.9
1698,-0.8,1512,63.9
1698,-0.8,1513,63.9
1700,1.2,1512,63.9
1698,-0.8,1513,63.9
1701,2.1,1513,63.9
1700,1.1,1513,63.9
1703,3.9,1513,63.9
1700,0.9,1516,63.9
1698,-1.1,1515,63.9
1696,-3.0,1510,63.9
1698,-0.9,1511,63.9
1697,-1.8,1513,63.9
1698,-0.8,1511,63.9
1700,1.1,1511,63.9
1698,-0.8,1515,63.9
1700,1.1,1512,63.9
1698,-0.8,1513,63.9
1698,-0.8,1513,63.9
1696,-2.7,1512,63.9
1698,-0.7,1513,63.9
1698,-0.6,1514,63.9
1699,0.4,1513,63.9
1698,-0.6,1513,63.9
1701,2.3,1513,63.9
1699,0.3,1512,63.9
1700,1.2,1514,63.9
1700,1.2,1515,63.9
1700,1.1,1514,63.9
1699,0.1,1513,63.9
1699,0.1,1512,63.9
1701,2.0,1513,63.9
1700,1.0,1514,63.9
1698,-1.0,1513,63.9
1698,-0.9,1514,63.9
1700,1.0,1512,63.9
1699,0.0,1514,63.9
1700,1.0,1514,63.9
1698,-1.0,1513,63.9
1700,1.0,1514,63.9
1700,0.9,1515,63.9
1698,-1.0,1511,63.9
1700,0.9,1513,63.9
1699,-0.1,1513,63.9
1698,-1.0,1514,63.9
1701,1.9,1511,63.9
1700,0.9,1514,63.9
1698,-1.1,1513,63.9
1702,2.8,1511,63.9
1699,-0.2,1516,63.9
1701,1.7,1512,63.9
1699,-0.3,1513,63.9
1699,-0.2,1512,63.9
1701,1.7,1513,63.9
1700,0.7,1514,63.9
1702,2.6,1514,63.9
1699,-0.4,1514,63.9
1700,0.5,1512,63.9
1700,0.5,1512,63.9
1701,1.5,1511,63.9
1700,0.4,1514,63.9
1701,1.4,1516,63.9
1699,-0.6,1515,63.9
1701,1.4,1512,63.9
1701,1.3,1512,63.9
1699,-0.7,1514,63.9
1701,1.3,1516,63.9
1701,1.2,1514,63.9
1698,-1.7,1516,63.9
1701,1.2,1513,63.9
1697,-2.6,1513,63.9
1700,0.3,1510,63.9
1699,-0.6,1514,63.9
1700,0.4,1513,63.9
1704,4.2,1513,63.9
1701,1.1,1515,63.9
1697,-2.8,1515,63.9
1697,-2.6,1514,63.9
1698,-1.6,1513,63.9
1701,1.4,1514,63.9
1701,1.3,1514,63.9
1698,-1.6,1515,63.9
1699,-0.6,1513,63.9
1699,-0.6,1512,63.9
1701,1.4,1514,63.9
1699,-0.6,1515,63.9
1700,0.4,1512,63.9
1703,3.2,1514,63.9
1699,-0.7,1514,63.9
1700,0.3,1513,63.9
1699,-0.7,1514,63.9
1697,-2.6,1513,63.9
1701,1.3,1513,63.9
1699,-0.6,1515,63.9
1699,-0.6,1513,63.9
1699,-0.6,1512,63.9
1702,2.3,1513,63.9
1701,1.3,1513,63.9
1699,-0.7,1514,63.9
1701,1.2,1515,63.9
1701,1.2,1515,63.9
1700,0.2,1512,63.9
1699,-0.8,1516,63.9
1702,2.1,1513,63.9
1701,1.1,1515,63.9
1702,2.0,1514,63.9
1700,0.0,1515,63.9
1702,1.9,1514,63.9
1702,1.8,1512,63.9
1699,-1.1,1513,63.9
1703,2.8,1515,63.9
1702,1.7,1514,63.9
1700,-0.3,1515,63.9
1699,-1.2,1516,63.9
1700,-0.2,1514,63.9
1699,-1.2,1515,63.9
1702,1.8,1513,63.9
1700,-0.2,1512,63.9
1698,-2.1,1515,63.9
1700,-0.1,1514,63.9
1701,0.8,1515,63.9
1699,-1.1,1513,63.9
1701,0.8,1512,63.9
1701,0.8,1514,63.9
1701,0.8,1516,63.9
1700,-0.2,1513,63.9
1702,1.7,1515,63.9
1700,-0.3,1516,63.9
1699,-1.2,1514,63.9
1700,-0.2,1513,63.9
1702,1.7,1513,63.9
1698,-2.2,1512,63.9
1702,1.7,1515,63.9
1704,3.6,1515,63.9
1701,0.6,1513,63.9
1697,-3.3,1515,63.9
1701,0.7,1515,63.9
1700,-0.3,1518,63.9
1698,-2.2,1514,63.9
1703,2.7,1518,63.9
1701,0.6,1514,63.9
1700,-0.3,1513,63.9
1702,1.6,1514,63.9
1699,-1.4,1517,63.9
1699,-1.3,1515,63.9
1700,-0.3,1514,63.9
1701,0.7,1515,63.9
1703,2.6,1516,63.9
1702,1.5,1516,63.9
1699,-1.4,1515,63.9
1700,-0.4,1516,63.9
1700,-0.4,1515,63.9
1700,-0.4,1515,63.9
1699,-1.3,1515,63.9
1705,4.5,1513,63.9
1703,2.4,1514,63.9
1701,0.4,1514,63.9
1700,-0.6,1513,63.9
1702,1.3,1512,63.9
1699,-1.6,1514,63.9
1699,-1.5,1514,63.9
1700,-0.5,1514,63.9
1702,1.4,1512,63.9
1701,0.4,1512,63.9
1700,-0.6,1514,63.9
1699,-1.5,1515,63.9
1702,1.4,1517,63.9
1703,2.3,1515,63.9
1702,1.3,1514,63.9
1701,0.3,1516,63.9
1701,0.3,1515,63.9
1702,1.2,1513,63.9
1702,1.2,1513,63.9
1699,-1.8,1513,63.9
1701,0.2,1515,63.9
1701,0.2,1513,63.9
1703,2.1,1514,63.9
1703,2.0,1513,63.9
1700,-0.9,1512,63.9
1702,1.0,1514,63.9
1702,1.0,1514,63.9
1701,0.0,1514,63.9
1700,-1.0,1514,63.9
1702,1.0,1514,63.9
1701,-0.0,1514,63.9
1700,-1.0,1516,63.9
1700,-0.9,1517,63.9
1700,-0.9,1513,63.9
1702,1.1,1513,63.9
1701,0.1,1514,63.9
1701,0.1,1513,63.9
1702,1.0,1512,63.9
1703,1.9,1512,63.9
1702,0.9,1514,63.9
1699,-2.0,1514,63.9
1701,-0.0,1515,63.9
1701,-0.0,1515,63.9
1702,0.9,1515,63.9
1702,0.9,1516,63.9
1699,-2.0,1515,63.9
1701,-0.0,1514,63.9
1703,1.9,1516,63.9
1702,0.9,1513,63.9
1703,1.8,1515,63.9
1701,-0.2,1515,63.9
1703,1.7,1513,63.9
1699,-2.2,1514,63.9
1703,1.8,1514,63.9
1700,-1.2,1513,63.9
1700,-1.1,1511,63.9
1702,0.8,1513,63.9
1699,-2.1,1512,63.9
1700,-1.0,1515,63.9
1702,0.9,1514,63.9
1701,-0.1,1515,63.9
1702,0.9,1513,63.9
1700,-1.1,1514,63.9
1702,0.9,1515,63.9
1701,-0.1,1513,63.9
1701,-0.1,1514,63.9
1700,-1.1,1514,63.9
1701,-0.1,1515,63.9
1702,0.9,1515,63.9
1702,0.9,1514,63.9
1702,0.8,1514,63.9
1703,1.8,1517,63.9
1701,-0.2,1516,63.9
1700,-1.2,1513,63.9
1702,0.8,1514,63.9
1702,0.8,1516,63.9
1701,-0.2,1515,63.9
1701,-0.2,1514,63.9
1702,0.7,1513,63.9
1700,-1.2,1514,63.9
1702,0.8,1516,63.9
1701,-0.2,1517,63.9
1702,0.7,1514,63.9
1701,-0.2,1512,63.9
1703,1.7,1514,63.9
1700,-1.3,1514,63.9
1700,-1.2,1512,63.9
1702,0.8,1515,63.9
1704,2.6,1512,63.9
1703,1.6,1516,63.9
1702,0.6,1517,63.9
1702,0.5,1517,63.9
1702,0.5,1513,63.9
1702,0.5,1511,63.9
1701,-0.5,1514,63.9
1704,2.4,1515,63.9
1705,3.3,1515,63.9
1702,0.3,1517,63.9
1702,0.3,1516,63.9
1700,-1.7,1513,63.9
1699,-2.6,1513,63.9
1701,-0.5,1515,63.9
1700,-1.5,1513,63.9
1703,1.5,1516,63.9
1702,0.4,1517,63.9
1705,3.3,1515,63.9
1700,-1.6,1515,63.9
1701,-0.6,1515,63.9
1703,1.3,1514,63.9
1700,-1.6,1513,63.9
1701,-0.6,1515,63.9
1700,-1.5,1517,63.9
1702,0.5,1514,63.9
1700,-1.5,1513,63.9
1702,0.5,1516,63.9
1702,0.5,1514,63.9
1702,0.5,1514,63.9
1704,2.4,1515,63.9
1703,1.3,1515,63.9
1699,-2.6,1515,63.9
1702,0.4,1516,63.9
1703,1.4,1517,63.9
1702,0.3,1515,63.9
1703,1.3,1515,63.9
1704,2.2,1517,63.9
1703,1.1,1515,63.9
1702,0.1,1513,63.9
1702,0.1,1515,63.9
1703,1.1,1514,63.9
1702,0.1,1518,63.9
1702,0.1,1516,63.9
1700,-1.8,1517,63.9
1702,0.2,1516,63.9
1703,1.1,1516,63.9
1701,-0.9,1515,63.9
1701,-0.8,1513,63.9
1703,1.1,1515,63.9
1701,-0.8,1516,63.9
1701,-0.8,1516,63.9
1701,-0.8,1515,63.9
1703,1.2,1514,63.9
1701,-0.8,1517,63.9
1702,0.2,1513,63.9
1704,2.1,1516,63.9
1703,1.1,1515,63.9
1701,-0.9,1512,63.9
1701,-0.9,1517,63.9
1700,-1.8,1514,63.9
1703,1.2,1519,63.9
1701,-0.8,1517,63.9
1698,-3.6,1517,63.9
1703,1.3,1515,63.9
1702,0.3,1515,63.9
1704,2.2,1513,63.9
1700,-1.7,1514,63.9
1706,4.1,1516,63.9
1704,2.0,1516,63.9
1705,2.9,1515,63.9
1700,-2.0,1515,63.9
1701,-1.0,1514,63.9
1699,-2.9,1515,63.9
1702,0.1,1516,63.9
1702,0.1,1514,63.9
1701,-0.8,1516,63.9
1702,0.2,1516,63.9
1704,2.1,1519,63.9
1703,1.0,1516,63.9
1702,0.0,1517,63.9
1699,-2.9,1519,63.9
1703,1.1,1517,63.9
1700,-1.8,1515,63.9
1702,0.2,1515,63.9
1703,1.1,1516,63.9
1701,-0.8,1516,63.9
1703,1.1,1516,63.9
1702,0.1,1516,63.9
1705,3.0,1515,63.9
1701,-1.0,1518,63.9
1702,0.0,1517,63.9
1702,0.0,1516,63.9
1704,1.9,1516,63.9
1701,-1.0,1516,63.9
1702,-0.0,1516,63.9
1704,1.9,1517,63.9
1701,-1.1,1515,63.9
1702,-0.1,1514,63.9
1703,0.9,1517,63.9
1703,0.9,1515,63.9
1703,0.8,1514,63.9
1701,-1.1,1514,63.9
1703,0.9,1514,63.9
1705,2.7,1516,63.9
1701,-1.2,1515,63.9
1703,0.8,1514,63.9
1702,-0.2,1517,63.9
1704,1.7,1514,63.9
1705,2.6,1513,63.9
1702,-0.4,1516,63.9
1702,-0.4,1516,63.9
1702,-0.4,1519,63.9
1703,0.6,1516,63.9
1702,-0.4,1515,63.9
1702,-0.4,1515,63.9
1701,-1.3,1516,63.9
1706,3.5,1515,63.9
1700,-2.4,1517,63.9
1703,0.6,1515,63.9
1704,1.6,1517,63.9
1703,0.5,1515,63.9
1701,-1.4,1519,63.9
1704,1.5,1515,63.9
1701,-1.4,1514,63.9
1703,0.6,1513,63.9
1703,0.5,1515,63.9
1703,0.5,1514,63.9
1706,3.4,1516,63.9
1704,1.3,1514,63.9
1703,0.3,1514,63.9
1704,1.3,1515,63.9
1702,-0.7,1515,63.9
1703,0.3,1514,63.9
1702,-0.7,1515,63.9
1704,1.3,1517,63.9
1704,1.2,1516,63.9
1703,0.2,1515,63.9
1705,2.1,1517,63.9
1700,-2.8,1516,63.9
1703,0.2,1516,63.9
1703,0.2,1518,63.9
1703,0.2,1515,63.9
1704,1.1,1515,63.9
1703,0.1,1517,63.9
1704,1.1,1516,63.9
1704,1.1,1517,63.9
1702,-0.9,1514,63.9
1705,2.0,1516,63.9
1706,2.9,1514,63.9
1701,-2.0,1515,63.9
1703,-0.0,1515,63.9
1703,-0.0,1515,63.9
1703,-0.0,1516,63.9
1705,1.9,1515,63.9
1704,0.9,1515,63.9
1704,0.8,1516,63.9
1704,0.8,1516,63.9
1702,-1.2,1517,63.9
1706,2.7,1518,63.9
1704,0.7,1518,63.9
1704,0.7,1518,63.9
1704,0.6,1518,63.9
1706,2.5,1518,63.9
1707,3.4,1522,63.9
1713,9.0,1524,63.9
1716,11.5,1529,63.9
1718,13.0,1537,63.9
1725,19.2,1539,63.9
1730,23.2,1540,63.9
1736,28.1,1545,63.9
1737,27.9,1542,63.9
1736,25.8,1544,63.9
1733,21.9,1542,63.9
1737,24.9,1541,63.9
1734,21.0,1543,63.9
1734,20.2,1544,63.9
1735,20.3,1543,63.9
1733,17.6,1544,63.9
1733,16.9,1544,63.9
1735,18.1,1544,63.9
1737,19.3,1545,63.9
1734,15.7,1544,63.9
1735,16.0,1543,63.9
1735,15.4,1544,63.9
1736,15.7,1547,63.9
1738,17.0,1545,63.9
1738,16.3,1548,63.9
1739,16.6,1544,63.9
1735,12.1,1548,63.9
1735,11.6,1548,63.9
1735,11.2,1547,63.9
1738,13.6,1545,63.9
1740,15.0,1547,63.9
1738,12.5,1547,63.9
1739,12.9,1545,63.9
1739,12.4,1548,63.9
1735,8.1,1548,63.9
1735,7.7,1547,63.9
1737,9.4,1546,63.9
1736,8.0,1545,63.9
1738,9.6,1546,63.9
1737,8.3,1544,63.9
1736,7.0,1545,63.9
1738,8.6,1550,63.9
1739,9.2,1543,63.9
1736,6.0,1548,63.9
1736,5.8,1546,63.9
1737,6.5,1548,63.9
1736,5.3,1546,63.9
1736,5.1,1546,63.9
1736,4.8,1546,63.9
1736,4.7,1544,63.9
1738,6.4,1546,63.9
1738,6.1,1542,63.9
1735,3.0,1547,63.9
1738,5.8,1545,63.9
1736,3.6,1547,63.9
1735,2.5,1545,63.9
1737,4.3,1545,63.9
1737,4.2,1545,63.9
1737,4.0,1544,63.9
1735,1.9,1546,63.9
1736,2.8,1545,63.9
1734,0.8,1548,63.9
1737,3.6,1545,63.9
1736,2.5,1546,63.9
1738,4.3,1547,63.9
1735,1.3,1547,63.9
1734,0.3,1545,63.9
1736,2.2,1545,63.9
1736,2.1,1545,63.9
1735,1.0,1545,63.9
1738,3.9,1545,63.9
1737,2.8,1545,63.9
1734,-0.2,1547,63.9
1737,2.7,1546,63.9
1738,3.5,1546,63.9
1737,2.4,1547,63.9
1736,1.4,1546,63.9
1737,2.3,1547,63.9
1736,1.2,1544,63.9
1736,1.2,1546,63.9
1737,2.1,1545,63.9
1739,3.9,1547,63.9
1739,3.8,1546,63.9
1740,4.6,1550,63.9
1740,4.4,1549,63.9
1738,2.3,1551,63.9
1737,1.2,1549,63.9
1739,3.1,1548,63.9
1741,4.9,1547,63.9
1742,5.7,1548,63.9
1741,4.5,1549,63.9
1743,6.2,1549,63.9
1739,2.1,1548,63.9
1740,3.0,1548,63.9
1741,3.8,1550,63.9
1740,2.7,1549,63.9
1741,3.6,1551,63.9
1740,2.5,1549,63.9
1740,2.4,1548,63.9
1739,1.3,1551,63.9
1744,6.1,1550,63.9
1740,2.0,1551,63.9
1739,1.0,1550,63.9
1740,1.9,1550,63.9
1741,2.8,1548,63.9
1741,2.6,1551,63.9
1739,0.6,1551,63.9
1739,0.6,1547,63.9
1741,2.5,1548,63.9
1741,2.4,1551,63.9
1749,10.0,1554,63.9
1759,19.2,1567,63.9
1780,38.6,1585,63.9
1802,58.1,1612,63.9
1822,75.0,1652,63.9
1838,87.4,1689,63.9
1853,98.3,1726,63.9
1861,102.0,1754,63.9
1876,112.4,1787,63.9
1902,132.8,1834,63.9
1960,183.2,1911,63.9
2043,255.5,2018,63.9
2145,343.2,2141,63.9
2255,435.1,2279,63.9
2389,546.3,2434,63.9
2515,645.5,2580,63.9
2649,748.3,2736,63.9
2754,819.1,2859,63.9
2852,880.5,2979,63.9
2933,923.0,3080,63.9
3000,950.4,3164,63.9
3059,969.0,3242,63.9
3025,897.6,3208,63.9
3012,849.2,3207,63.9
3162,959.3,3386,63.9
3327,1079.3,3605,63.9
3456,1160.0,3785,63.9
3616,1267.2,3987,63.9
4004,1589.0,4439,63.9
4901,2386.5,5437,63.9
5617,2978.4,6231,63.9
5453,2701.8,6077,63.9
5144,2297.1,5742,63.9
5138,2199.5,5728,63.9
5269,2237.3,5908,63.9
5520,2388.7,6204,63.9
6048,2800.1,6786,63.9
6574,3193.0,7368,63.9
6625,3114.3,7435,63.9
6611,2976.2,7432,63.9
6623,2868.7,7450,63.9
6579,2711.7,7387,63.9
6512,2538.9,7299,63.9
6259,2194.5,7015,63.9
6007,1864.8,6722,63.9
5759,1552.1,6434,63.9
5443,1186.7,6094,63.9
5003,716.8,5592,63.9
4556,259.0,5035,63.9
3946,-336.9,4292,63.9
3536,-717.1,3754,63.9
3312,-903.4,3451,63.9
3178,-995.9,3267,63.9
3031,-1097.2,3101,63.9
2911,-1168.5,2974,63.9
2871,-1160.2,2932,63.9
2984,-1005.3,3055,63.9
3209,-749.1,3314,63.9
3423,-513.7,3578,63.9
3529,-391.4,3750,63.9
3629,-279.7,3939,63.9
4062,147.2,4529,63.9
4763,814.2,5398,63.9
6004,1973.0,6816,63.9
6584,2450.9,7490,63.9
6098,1886.3,6944,63.9
5850,1572.8,6641,63.9
6016,1669.2,6777,63.9
6362,1934.6,7124,63.9
6528,2016.6,7286,63.9
6309,1725.7,7037,63.9
6059,1416.7,6752,63.9
6089,1388.8,6768,63.9
6171,1412.0,6878,63.9
6013,1203.8,6728,63.9
5872,1020.3,6570,63.9
6198,1292.4,6919,63.9
6789,1808.1,7584,63.9
7042,1978.7,7905,63.9
7026,1884.1,7931,63.9
6791,1583.2,7725,63.9
6415,1158.9,7362,63.9
6084,794.8,7022,63.9
6076,755.3,7056,63.9
5737,399.7,6671,63.9
5641,291.5,6487,63.9
6438,1045.0,7315,63.9
5754,346.5,6529,63.9
4476,-894.2,5032,63.9
3861,-1448.8,4244,63.9
3682,-1562.7,3960,63.9
3638,-1542.5,3864,63.9
3738,-1384.8,3943,63.9
3899,-1174.8,4102,63.9
3976,-1053.9,4198,63.9
3926,-1059.7,4171,63.9
3885,-1056.7,4144,63.9
4007,-897.3,4274,63.9
4332,-549.4,4627,63.9
4481,-384.4,4806,63.9
4463,-386.3,4789,63.9
4552,-285.4,4856,63.9
4673,-157.8,4975,63.9
4627,-195.7,4921,63.9
4639,-176.3,4914,63.9
4640,-168.3,4904,63.9
4488,-307.5,4725,63.9
4283,-492.0,4477,63.9
3959,-783.4,4107,63.9
3623,-1074.6,3718,63.9
3364,-1280.3,3414,63.9
3116,-1467.1,3136,63.9
2900,-1615.8,2893,63.9
2710,-1733.6,2668,63.9
2557,-1811.1,2492,63.9
2446,-1845.2,2358,63.9
2425,-1791.6,2326,63.9
2456,-1690.2,2355,63.9
2502,-1578.4,2404,63.9
2632,-1390.5,2552,63.9
2753,-1218.7,2712,63.9
2876,-1051.8,2893,63.9
3096,-798.6,3184,63.9
3517,-362.5,3724,63.9
4113,224.2,4462,63.9
4817,891.1,5326,63.9
5412,1426.6,6042,63.9
5816,1757.4,6484,63.9
6171,2027.9,6823,63.9
6416,2182.0,7025,63.9
6429,2107.2,6979,63.9
6335,1932.7,6846,63.9
6290,1812.1,6783,63.9
6567,2005.6,7067,63.9
6929,2272.9,7457,63.9
7178,2421.0,7713,63.9
7209,2353.9,7743,63.9
6884,1947.8,7436,63.9
6104,1121.1,6650,63.9
5098,110.5,5597,63.9
4129,-824.2,4552,63.9
3337,-1551.6,3666,63.9
2791,-2013.7,3040,63.9
2461,-2249.9,2658,63.9
2361,-2255.9,2536,63.9
2627,-1910.3,2871,63.9
3674,-828.8,4108,63.9
5914,1354.8,6625,65.4
7770,3082.3,8775,65.4
6974,2194.9,7983,65.4
6015,1186.4,6977,65.4
5600,740.6,6532,65.4
6102,1192.9,7084,65.4
8291,3246.6,9454,65.4
12597,7250.5,13884,65.4
14294,8589.6,15699,65.4
15886,9774.3,17472,65.4
11621,5289.0,13480,65.4
7970,1572.5,9357,65.4
6479,78.2,7610,65.4
6398,-2.7,7483,65.4
6460,56.9,7448,65.4
7021,593.2,8005,65.4
7880,1394.1,8895,65.4
7802,1263.5,8792,65.4
7541,962.4,8472,65.4
7601,981.5,8516,65.4
7626,966.2,8518,65.4
7688,987.1,8542,65.4
7636,897.7,8442,65.4
7344,581.5,8106,65.4
7023,250.0,7747,65.4
6848,72.0,7550,65.4
6799,22.1,7512,65.4
6832,52.9,7612,65.4
6791,11.4,7627,65.4
6701,-75.4,7557,65.4
6596,-173.2,7429,65.4
6832,60.3,7674,65.4
7060,276.8,7921,65.4
7082,286.8,7940,65.4
6960,158.2,7805,65.4
6815,12.7,7644,65.4
6631,-164.5,7437,65.4
6488,-295.2,7273,65.4
6384,-383.2,7155,65.4
6433,-320.8,7199,65.4
6562,-184.2,7344,65.4
6680,-63.5,7477,65.4
6621,-117.6,7440,65.4
6576,-156.1,7372,65.4
6232,-480.1,6976,65.4
6023,-661.5,6714,65.4
6096,-565.0,6810,65.4
5913,-718.1,6615,65.4
5840,-759.4,6528,65.4
5970,-604.3,6649,65.4
5929,-619.4,6612,65.4
5619,-892.3,6274,65.4
5646,-830.7,6307,65.4
5801,-648.6,6464,65.4
6019,-413.4,6691,65.4
6164,-257.7,6841,65.4
6240,-174.4,6912,65.4
6371,-41.7,7051,65.4
6380,-31.4,7058,65.4
6391,-19.5,7060,65.4
6402,-8.2,7066,65.4
6413,2.7,7064,65.4
6427,16.0,7094,65.4
6359,-49.9,7070,65.4
6349,-57.5,7123,65.4
6149,-247.2,6930,65.4
5950,-428.4,6718,65.4
5840,-516.8,6648,65.4
5681,-648.8,6586,65.4
5372,-919.5,6322,65.4
5775,-495.8,6817,65.4
5679,-568.1,6707,65.4
5408,-805.6,6322,65.4
5712,-481.5,6631,65.4
5919,-263.5,6882,65.4
5209,-934.6,6072,65.4
4729,-1358.0,5478,65.4
4763,-1271.1,5496,65.4
4756,-1226.9,5479,65.4
4609,-1319.0,5292,65.4
4867,-1018.5,5584,65.4
5419,-447.9,6236,65.4
5591,-264.8,6448,65.4
5392,-445.3,6208,65.4
5383,-436.1,6164,65.4
5727,-88.4,6527,65.4
5865,47.6,6667,65.4
5913,91.8,6677,65.4
6100,267.6,6832,65.4
6386,531.5,7095,65.4
6525,643.7,7230,65.4
6494,588.1,7189,65.4
6539,607.8,7224,65.4
6683,721.7,7379,65.4
6657,667.9,7384,65.4
6119,124.7,6869,65.4
5643,-337.2,6374,65.4
5725,-245.0,6436,65.4
6264,282.2,7004,65.4
6915,895.9,7704,65.4
7110,1047.3,7946,65.4
6794,702.0,7627,65.4
6549,438.7,7346,65.4
6548,420.2,7303,65.4
6544,399.6,7244,65.4
6354,201.2,7004,65.4
6085,-65.1,6711,65.4
5733,-400.4,6334,65.4
5470,-636.9,6034,65.4
5338,-738.1,5878,65.4
5306,-739.3,5835,65.4
5246,-767.3,5770,65.4
5240,-742.4,5761,65.4
5221,-731.0,5752,65.4
5255,-669.1,5809,65.4
5382,-520.4,6004,65.4
5500,-386.3,6199,65.4
5701,-177.9,6436,65.4
5542,-323.4,6274,65.4
5476,-373.8,6187,65.4
5486,-349.3,6191,65.4
5356,-460.1,6026,65.4
5166,-624.1,5796,65.4
5029,-730.7,5608,65.4
4850,-873.3,5379,65.4
4613,-1065.9,5091,65.4
4306,-1318.0,4764,65.4
4070,-1491.8,4513,65.4
4193,-1314.0,4642,65.4
4587,-883.2,5055,65.4
4612,-823.9,5110,65.4
4345,-1047.3,4864,65.4
4330,-1019.8,4881,65.4
4586,-733.2,5210,65.4
4701,-593.5,5351,65.4
4918,-361.4,5587,65.4
5117,-155.9,5810,65.4
5006,-256.3,5692,65.4
4590,-645.4,5207,65.4
4272,-924.8,4795,65.4
3920,-1225.8,4358,65.4
3475,-1603.9,3827,65.4
3022,-1974.7,3285,65.4
2698,-2206.7,2880,65.4
2502,-2306.6,2625,65.4
2373,-2338.2,2445,65.4
2293,-2321.5,2326,65.4
2260,-2260.3,2262,65.4
2249,-2180.4,2222,65.4
2226,-2115.3,2174,65.4
2201,-2054.7,2131,65.4
2183,-1989.8,2100,65.4
2176,-1916.9,2088,65.4
2177,-1839.3,2089,65.4
2184,-1759.0,2101,65.4
2192,-1680.9,2115,65.4
2201,-1605.1,2129,65.4
2210,-1532.2,2141,65.4
2221,-1460.4,2155,65.4
2233,-1390.4,2163,65.4
2236,-1331.9,2174,65.4
2247,-1268.1,2179,65.4
2248,-1216.4,2187,65.4
2243,-1172.6,2178,65.4
2229,-1139.1,2160,65.4
2214,-1107.9,2137,65.4
2192,-1084.7,2116,65.4
2169,-1063.4,2093,65.4
2143,-1045.8,2072,65.4
2105,-1040.5,2032,65.4
2045,-1056.5,1963,65.4
1974,-1082.4,1875,65.4
1905,-1105.3,1779,65.4
1837,-1126.4,1688,65.4
1789,-1127.4,1630,65.4
1777,-1093.8,1617,65.4
1778,-1049.1,1617,65.4
1784,-1001.4,1624,65.4
1788,-957.5,1623,65.4
1802,-905.8,1634,65.4
1829,-843.6,1656,65.4
1853,-786.8,1671,65.4
1879,-730.4,1684,65.4
1894,-686.8,1696,65.4
1920,-634.3,1715,65.4
1961,-569.6,1746,65.4
2017,-493.1,1788,65.4
2095,-398.5,1842,65.4
2118,-360.4,1851,65.4
2036,-424.7,1785,65.4
1911,-527.8,1695,65.4
1800,-613.2,1607,65.4
1750,-636.7,1568,65.4
1735,-625.6,1553,65.4
1727,-608.3,1545,65.4
1725,-585.9,1541,65.4
1721,-566.3,1536,65.4
1719,-545.5,1536,65.4
1721,-521.8,1533,65.4
1717,-504.8,1535,65.4
1720,-481.7,1533,65.4
1718,-464.3,1535,65.4
1717,-446.7,1533,65.4
1718,-427.9,1535,65.4
1721,-407.9,1533,65.4
1718,-394.5,1534,65.4
1700,-396.0,1502,65.4
1782,-301.4,1609,65.4
1833,-240.4,1673,65.4
1599,-455.4,1409,65.4
1184,-835.6,905,65.4
1052,-928.9,751,65.4
1009,-933.0,697,65.4
985,-918.7,670,65.4
977,-889.7,656,65.4
968,-862.7,652,65.4
962,-834.0,644,65.4
959,-803.5,643,65.4
956,-774.2,639,65.4
955,-744.2,639,65.4
954,-715.4,639,65.4
952,-688.7,636,65.4
953,-660.2,638,65.4
951,-635.7,634,65.4
950,-611.3,631,65.4
950,-586.8,634,65.4
948,-565.3,634,65.4
946,-544.6,630,65.4
948,-520.9,629,65.4
942,-505.8,626,65.4
941,-486.5,626,65.4
940,-468.0,626,65.4
941,-448.3,624,65.4
941,-430.4,624,65.4
940,-414.1,625,65.4
941,-396.6,626,65.4
940,-381.7,622,65.4
938,-368.4,620,65.4
939,-352.7,623,65.4
939,-338.6,624,65.4
941,-323.1,626,65.4
945,-306.3,627,65.4
946,-293.1,632,65.4
944,-283.3,633,65.4
941,-274.9,636,65.4
947,-258.1,637,65.4
946,-248.7,635,65.4
944,-240.7,635,65.4
947,-228.2,636,65.4
945,-221.0,637,65.4
947,-210.2,637,65.4
945,-203.7,637,65.4
944,-196.6,637,65.4
946,-186.8,637,65.4
946,-179.3,637,65.4
943,-175.0,638,65.4
946,-165.1,642,65.4
944,-160.4,637,65.4
946,-152.1,639,65.4
944,-147.9,639,65.4
944,-142.0,639,65.4
943,-137.3,639,65.4
945,-129.9,638,65.4
942,-127.6,640,65.4
944,-120.6,638,65.4
945,-114.8,638,65.4
944,-111.1,639,65.4
945,-105.7,640,65.4
945,-101.5,638,65.4
943,-99.4,640,65.4
945,-93.5,636,65.4
945,-89.7,640,65.4
945,-86.1,639,65.4
944,-83.7,640,65.4
944,-80.3,638,65.4
944,-77.1,641,65.4
944,-74.0,641,65.4
946,-69.1,639,65.4
946,-66.4,638,65.4
944,-65.6,641,65.4
945,-62.0,641,65.4
946,-58.6,639,65.4
946,-56.3,641,65.4
944,-55.9,639,65.4
942,-55.6,639,65.4
943,-52.4,638,65.4
943,-50.3,638,65.4
944,-47.4,635,65.4
943,-46.4,639,65.4
941,-46.5,633,65.4
943,-42.7,632,65.4
942,-42.0,632,65.4
944,-38.4,631,65.4
946,-34.9,630,65.4
948,-31.6,632,65.4
946,-32.2,633,65.4
946,-31.0,628,65.4
944,-31.6,623,65.4
945,-29.4,625,65.4
949,-24.4,630,65.4
951,-21.5,632,65.4
956,-15.8,631,65.4
957,-14.2,633,65.4
962,-8.9,635,65.4
965,-5.6,636,65.4
973,2.3,639,65.4
976,5.1,641,65.4
978,6.8,643,65.4
980,8.4,647,65.4
988,15.8,648,65.4
1000,26.7,658,65.4
1015,40.0,666,65.4
1025,48.0,673,65.4
1036,56.6,679,65.4
1051,68.8,689,65.4
1050,65.1,691,65.4
1058,70.1,696,65.4
1065,74.0,699,65.4
1120,123.9,737,65.4
1607,586.4,1054,65.4
1769,718.5,1171,65.4
1742,663.8,1159,65.4
1869,759.2,1238,65.4
2078,929.5,1381,65.4
2082,896.1,1394,65.4
1925,709.6,1299,65.4
2000,753.2,1362,65.4
2150,867.1,1476,65.4
2296,972.5,1606,65.4
2479,1109.3,1776,65.4
2721,1297.3,1997,65.4
2883,1400.9,2129,65.4
3370,1812.4,2523,65.4
3278,1651.6,2996,65.4
2571,906.8,2437,65.4
2210,524.0,2131,65.4
2065,363.8,2003,65.4
1998,284.9,1927,65.4
1979,255.3,1897,65.4
1982,248.0,1903,65.4
1999,254.4,1946,65.4
2025,269.1,2015,65.4
2076,307.3,2125,65.4
2166,381.4,2301,65.4
2288,483.3,2530,65.4
2424,594.5,2828,65.4
2539,681.2,3165,65.4
2620,731.7,3534,65.4
2722,800.3,4039,65.4
2803,846.1,4548,65.4
2894,899.6,5071,65.4
2979,945.2,5581,65.4
2981,909.3,5792,65.4
2879,775.0,5563,65.4
2776,645.1,5386,65.4
2715,560.8,5378,65.4
2724,547.0,5651,65.4
2773,572.1,6048,65.4
2862,634.7,6658,65.4
2948,691.9,7358,65.4
2984,698.8,7647,65.4
2994,680.4,7721,65.4
2968,628.2,7552,65.4
2933,569.5,7381,65.4
2860,476.6,6970,65.4
2805,404.8,6591,65.4
2746,331.9,6146,65.4
2687,262.0,5659,65.4
2650,216.0,5361,65.4
2618,176.7,5154,65.4
2629,180.2,5201,65.4
2635,178.7,5233,65.4
2642,178.3,5282,65.4
2652,180.8,5328,65.4
2652,173.5,5321,65.4
2649,163.7,5296,65.4
2639,147.6,5224,65.4
2625,128.2,5134,65.4
2614,112.5,5061,65.4
2618,111.9,5082,65.4
2618,107.4,5113,65.4
2621,106.0,5159,65.4
2622,102.7,5202,65.4
2630,106.3,5267,65.4
2633,104.9,5305,65.4
2626,94.0,5271,65.4
2610,74.9,5185,65.4
2617,78.6,5204,65.4
2627,85.0,5257,65.4
2643,97.0,5326,65.4
2660,109.4,5412,65.4
2673,117.5,5492,65.4
2691,130.1,5585,65.4
2697,130.7,5614,65.4
2704,132.2,5656,65.4
2722,144.2,5749,65.4
2725,141.3,5778,65.4
2724,134.7,5770,65.4
2723,128.3,5775,65.4
2725,125.1,5778,65.4
2728,123.0,5790,65.4
2733,122.9,5816,65.4
2731,116.0,5816,65.4
2730,110.4,5811,65.4
2734,109.8,5825,65.4
2731,102.6,5825,65.4
2737,104.2,5829,65.4
2732,95.3,5831,65.4
2741,100.1,5855,65.4
2744,99.0,5861,65.4
2745,96.0,5858,65.4
2745,92.1,5856,65.4
2737,80.8,5807,65.4
2728,68.9,5745,65.4
2714,52.7,5658,65.4
2704,41.0,5570,65.4
2691,26.9,5484,65.4
2676,11.4,5383,65.4
2671,6.1,5330,65.4
2673,7.8,5323,65.4
2710,43.0,5516,65.4
2778,106.6,5919,65.4
2833,155.1,6309,65.4
2799,116.3,6151,65.4
2767,80.9,5902,65.4
2778,88.2,5817,65.4
2811,116.4,5848,65.4
2848,147.2,6019,65.4
2872,164.4,6253,65.4
2876,161.7,6328,65.4
2880,159.0,6338,65.4
2879,151.7,6323,65.4
2894,160.0,6382,65.4
2934,192.0,6634,65.4
2968,217.0,6856,65.4
3028,265.9,7220,65.4
3060,286.0,7457,65.4
3091,304.3,7663,65.4
3057,259.5,7568,65.4
3002,196.3,7268,65.4
2956,144.3,7134,65.4
2933,116.5,7116,65.4
3042,216.4,8039,65.4
3266,422.8,9728,65.4
3236,377.1,9572,65.4
3070,202.7,8346,65.4
3159,280.0,8821,65.4
3454,552.0,10856,65.4
3474,549.1,10929,65.4
3313,372.6,9775,65.4
3183,232.9,8811,65.4
3029,75.7,7706,65.4
2939,-13.7,7042,65.4
2906,-44.8,6824,65.4
2858,-89.1,6473,65.4
2859,-84.6,6490,65.4
2878,-63.0,6581,65.4
2892,-47.0,6666,65.4
2916,-22.1,6826,65.4
2915,-22.2,6861,65.4
2927,-9.8,6940,65.4
2943,6.0,7046,65.4
2942,4.8,7030,65.4
2945,7.5,7049,65.4
2949,11.0,7064,65.4
2949,10.6,7056,65.4
2940,1.5,7029,65.4
2920,-17.7,6905,65.4
2869,-66.0,6638,65.4
2786,-143.0,6167,65.4
2680,-239.1,5558,65.4
2608,-298.6,5119,65.4
2554,-338.5,4813,65.4
2497,-379.7,4455,65.4
2461,-399.1,4168,65.4
2451,-392.7,4100,65.4
2466,-362.6,4169,65.4
2460,-353.9,4165,65.4
2460,-339.7,4173,65.4
2468,-318.4,4215,65.4
2478,-296.1,4267,65.4
2491,-271.8,4314,65.4
2513,-239.8,4400,65.4
2528,-215.8,4429,65.4
2577,-160.1,4637,65.4
2653,-80.8,5039,65.4
2710,-22.8,5357,65.4
2754,20.3,5554,65.4
2802,65.6,5802,65.4
2856,114.8,6008,65.4
2912,164.0,6247,65.4
2945,189.1,6408,65.4
2969,204.6,6616,65.4
2986,212.7,6736,65.4
3000,217.7,6824,65.4
3007,215.7,6920,65.4
3009,209.0,6950,65.4
3015,206.4,6977,65.4
2989,173.2,6822,65.4
2969,147.0,6699,65.4
2995,166.1,6839,65.4
3020,183.5,6975,65.4
3010,166.5,6943,65.4
2981,132.0,6791,65.4
3001,145.9,6909,65.4
3035,172.7,7191,65.4
3017,148.6,7100,65.4
3021,146.5,7091,65.4
3090,206.8,7603,65.4
3090,198.6,7769,65.4
2960,65.8,6994,65.4
2944,47.8,6819,65.4
3012,111.2,7158,65.4
3033,126.9,7158,65.4
3042,130.5,7047,65.4
3075,156.9,7095,65.4
3165,237.1,7578,65.4
3281,338.9,8330,65.4
3372,412.7,8825,65.4
3452,473.0,9174,65.4
3468,469.5,9142,65.4
3446,429.6,8844,65.4
3384,352.9,8556,65.4
3306,263.9,8237,65.4
3402,345.5,9001,65.4
3401,330.7,9110,65.4
3344,262.7,8734,65.4
3390,296.4,8851,65.4
3530,418.9,9570,65.4
3638,505.9,10125,65.4
3711,555.7,10572,65.4
3726,547.9,10682,65.4
3747,546.1,10730,65.4
3750,527.2,10664,65.4
3729,485.9,10491,65.4
3717,455.0,10412,65.4
3698,418.5,10333,65.4
3695,398.9,10293,65.4
3687,375.3,10217,65.4
3696,368.9,10193,65.4
3752,407.9,10541,65.4
3872,506.8,11352,65.4
4004,613.2,12263,65.4
4089,670.3,12891,65.4
4140,692.4,13255,65.4
4155,679.1,13347,65.4
4128,626.1,13138,65.4
4149,621.2,13232,65.4
4183,629.0,13414,65.4
4180,600.9,13313,65.4
4199,595.1,13350,65.4
4197,569.4,13287,65.4
4203,552.4,13295,65.4
4186,514.0,13195,65.4
4215,521.3,13403,65.4
4238,522.5,13599,65.4
4202,467.0,13341,65.4
4201,447.4,13337,65.4
4107,339.3,12777,65.4
4058,278.6,12508,65.4
4066,275.2,12765,65.4
3995,196.0,12525,65.4
3910,106.6,12094,65.4
3711,-88.7,10844,65.4
3595,-196.5,10009,65.4
3644,-141.6,10226,65.4
3713,-69.7,10500,65.4
3763,-18.9,10536,65.4
3878,92.2,11234,65.4
3871,81.8,11320,65.4
3885,92.0,11408,65.4
4010,208.3,12125,65.4
4209,391.0,13320,65.4
4348,508.8,14151,65.4
4366,505.7,14148,65.4
4347,467.3,14058,65.4
4309,412.1,13797,65.4
4330,415.8,13913,65.4
4378,445.2,14296,65.4
4414,462.0,14623,65.4
4425,454.0,14797,65.4
4469,478.1,15085,65.4
4461,451.3,15035,65.4
4325,302.7,14154,65.4
4177,148.5,13248,65.4
4237,200.2,13678,65.4
4275,228.7,13940,65.4
4171,119.7,13335,65.4
4052,0.6,12478,65.4
4083,30.4,12536,65.4
4180,122.3,13103,65.4
4220,155.8,13395,65.4
4217,146.7,13542,65.4
3987,-80.0,12140,65.4
3873,-186.2,11394,65.4
3987,-69.3,12123,65.4
4046,-9.9,12487,65.4
3969,-83.5,11978,65.4
3937,-110.8,11718,65.4
3989,-56.5,11904,65.4
4077,30.3,12344,65.4
4065,17.5,12130,65.4
4019,-27.3,11785,65.4
3972,-71.4,11444,65.4
4017,-25.3,11656,65.4
4135,89.0,12419,65.4
4207,154.5,13009,65.4
4224,164.7,13118,65.4
4275,207.1,13330,65.4
4289,212.2,13527,65.4
4089,11.7,12647,65.4
3871,-198.0,11336,65.4
3898,-164.2,11414,65.4
3990,-69.3,11938,65.4
3867,-184.6,11258,65.4
3719,-319.3,10449,65.4
3589,-431.3,9753,65.4
3603,-400.6,9838,65.4
3591,-396.1,9897,65.4
3482,-484.9,9324,65.4
3429,-516.4,8987,65.4
3504,-423.7,9372,65.4
3662,-255.1,10181,65.4
3908,-8.8,11898,65.4
4059,136.6,12921,65.4
4000,74.5,12567,65.4
3750,-168.5,10270,65.4
3802,-111.9,9739,65.4
4409,475.3,13111,65.4
5539,1541.1,19531,65.4
6314,2223.5,23496,65.4
4754,636.9,14646,65.4
4154,35.5,10969,65.4
4131,12.0,10568,65.4
4491,357.1,11990,65.4
5100,927.4,15126,65.4
4978,773.2,14462,65.4
5168,924.7,15535,65.4
5797,1491.5,19559,82.3
5454,1102.6,18441,82.3
4730,363.5,15124,82.3
4103,-253.0,11891,82.3
3779,-553.9,9961,82.3
3787,-524.1,10025,82.3
3842,-450.3,10283,82.3
4066,-217.3,11409,82.3
4119,-157.7,11652,82.3
3954,-309.8,10707,82.3
3889,-359.8,10244,82.3
3817,-414.5,9730,82.3
3391,-806.9,7255,82.3
2988,-1161.5,4898,82.3
2778,-1316.6,3741,82.3
2643,-1393.6,3185,82.3
2543,-1433.8,2885,82.3
2481,-1436.0,2714,82.3
2444,-1414.1,2624,82.3
2417,-1383.4,2568,82.3
2400,-1344.4,2555,82.3
2403,-1287.8,2565,82.3
2429,-1211.3,2611,82.3
2461,-1132.1,2655,82.3
2477,-1071.5,2681,82.3
2491,-1015.2,2698,82.3
2504,-962.1,2710,82.3
2522,-906.3,2729,82.3
2533,-859.5,2749,82.3
2544,-814.6,2764,82.3
2546,-780.1,2773,82.3
2548,-746.9,2777,82.3
2547,-718.0,2777,82.3
2541,-695.1,2775,82.3
2546,-662.5,2785,82.3
2547,-635.0,2790,82.3
2534,-622.1,2782,82.3
2551,-580.9,2797,82.3
2559,-550.0,2803,82.3
2557,-529.9,2801,82.3
2560,-505.8,2808,82.3
2570,-476.0,2814,82.3
2589,-438.7,2838,82.3
2600,-410.6,2847,82.3
2605,-389.4,2857,82.3
2617,-362.3,2868,82.3
2617,-347.8,2868,82.3
2623,-328.1,2868,82.3
2623,-315.0,2871,82.3
2618,-307.2,2864,82.3
2612,-300.7,2856,82.3
2611,-289.6,2853,82.3
2615,-274.2,2857,82.3
2626,-252.6,2869,82.3
2637,-232.0,2885,82.3
2649,-211.2,2899,82.3
2658,-194.1,2913,82.3
2667,-177.7,2924,82.3
2673,-164.8,2933,82.3
2679,-152.5,2943,82.3
2687,-138.7,2955,82.3
2692,-128.3,2965,82.3
2695,-120.3,2970,82.3
2699,-111.7,2973,82.3
2698,-108.2,2973,82.3
2701,-101.0,2974,82.3
2708,-90.2,2980,82.3
2719,-76.0,2995,82.3
2726,-66.3,3004,82.3
2728,-61.7,3005,82.3
2727,-60.2,3000,82.3
2725,-59.7,2992,82.3
2720,-62.1,2988,82.3
2717,-62.5,2985,82.3
2720,-57.1,2990,82.3
2728,-47.2,2999,82.3
2732,-41.4,3002,82.3
2733,-38.8,3005,82.3
2730,-40.2,3003,82.3
2728,-40.5,3000,82.3
2733,-34.0,3002,82.3
2738,-27.9,3009,82.3
2746,-19.1,3021,82.3
2762,-3.0,3040,82.3
2797,30.8,3083,82.3
2844,74.6,3132,82.3
2873,99.5,3159,82.3
2877,99.4,3148,82.3
2868,86.7,3112,82.3
2828,44.9,3045,82.3
2737,-44.3,2906,82.3
2584,-189.4,2701,82.3
2388,-370.0,2451,82.3
2223,-513.6,2240,82.3
2118,-593.8,2102,82.3
2070,-616.2,2042,82.3
2063,-598.2,2029,82.3
2058,-579.1,2013,82.3
2053,-560.7,1996,82.3
2050,-541.2,1981,82.3
2049,-520.5,1980,82.3
2050,-498.7,1975,82.3
2051,-477.8,1975,82.3
2049,-460.6,1978,82.3
2050,-441.2,1982,82.3
2050,-423.6,1982,82.3
2050,-406.6,1983,82.3
2051,-389.4,1985,82.3
2050,-374.8,1985,82.3
2051,-358.8,1988,82.3
2049,-346.4,1990,82.3
2050,-331.6,1994,82.3
2049,-319.3,1997,82.3
2052,-303.6,2002,82.3
2053,-290.5,2002,82.3
2052,-279.9,2001,82.3
2052,-268.7,2003,82.3
2055,-255.1,2005,82.3
2055,-244.9,2009,82.3
2053,-237.0,2008,82.3
2055,-225.6,2005,82.3
2052,-219.4,1998,82.3
2050,-212.6,1988,82.3
2053,-201.2,1978,82.3
2049,-197.0,1971,82.3
2051,-187.2,1964,82.3
2048,-182.6,1956,82.3
2048,-175.3,1954,82.3
2049,-167.3,1949,82.3
2048,-161.6,1946,82.3
2046,-157.0,1942,82.3
2045,-151.7,1942,82.3
2047,-143.7,1940,82.3
2045,-139.9,1944,82.3
2045,-134.3,1945,82.3
2043,-130.8,1941,82.3
2048,-120.8,1941,82.3
2045,-118.9,1939,82.3
2044,-115.1,1939,82.3
2045,-109.5,1937,82.3
2046,-104.2,1943,82.3
2048,-98.1,1943,82.3
2047,-95.1,1941,82.3
2045,-93.2,1940,82.3
2044,-90.5,1941,82.3
2043,-87.8,1940,82.3
2045,-82.4,1941,82.3
2044,-80.0,1942,82.3
2046,-74.9,1941,82.3
2046,-71.9,1941,82.3
2047,-68.1,1941,82.3
2047,-65.4,1940,82.3
2044,-65.6,1942,82.3
2044,-63.0,1940,82.3
2046,-58.6,1941,82.3
2048,-54.3,1940,82.3
2046,-54.0,1939,82.3
2044,-53.8,1938,82.3
2047,-48.8,1941,82.3
2044,-49.7,1941,82.3
2045,-46.8,1943,82.3
2044,-45.8,1940,82.3
2046,-42.1,1939,82.3
2046,-40.4,1940,82.3
2047,-37.8,1941,82.3
2046,-37.3,1942,82.3
2045,-36.7,1940,82.3
2045,-35.3,1942,82.3
2045,-33.9,1942,82.3
2047,-30.6,1939,82.3
2046,-30.3,1940,82.3
2048,-27.2,1940,82.3
2047,-27.1,1941,82.3
2048,-25.0,1939,82.3
2046,-25.9,1940,82.3
2046,-24.9,1943,82.3
2046,-23.9,1943,82.3
2044,-24.9,1940,82.3
2049,-19.1,1942,82.3
2047,-20.2,1939,82.3
2046,-20.4,1941,82.3
2047,-18.6,1940,82.3
2044,-20.7,1942,82.3
2047,-17.0,1941,82.3
2048,-15.4,1942,82.3
2050,-12.9,1940,82.3
2047,-15.2,1941,82.3
2047,-14.6,1940,82.3
2044,-16.9,1944,82.3
2049,-11.4,1942,82.3
2048,-11.9,1941,82.3
2049,-10.5,1940,82.3
2047,-12.0,1942,82.3
2050,-8.6,1941,82.3
2048,-10.2,1943,82.3
2045,-12.7,1942,82.3
2047,-10.3,1939,82.3
2046,-10.8,1938,82.3
2046,-10.4,1940,82.3
2048,-8.0,1939,82.3
2047,-8.7,1943,82.3
2048,-7.4,1940,82.3
2047,-8.0,1943,82.3
2046,-8.7,1941,82.3
2042,-12.2,1939,82.3
2046,-7.8,1941,82.3
2047,-6.6,1943,82.3
2048,-5.3,1942,82.3
2049,-4.2,1942,82.3
2048,-5.0,1946,82.3
2047,-5.7,1942,82.3
2048,-4.5,1942,82.3
2047,-5.3,1940,82.3
2050,-2.2,1942,82.3
2049,-3.1,1943,82.3
2048,-3.9,1942,82.3
2047,-4.7,1942,82.3
2048,-3.6,1940,82.3
2047,-4.4,1942,82.3
2048,-3.3,1942,82.3
2049,-2.2,1942,82.3
2046,-5.0,1944,82.3
2048,-2.8,1941,82.3
2048,-2.7,1942,82.3
2047,-3.6,1944,82.3
2049,-1.5,1942,82.3
2046,-4.3,1943,82.3
2046,-4.2,1941,82.3
2049,-1.1,1941,82.3
2048,-2.0,1942,82.3
2046,-3.9,1943,82.3
2048,-1.8,1942,82.3
2047,-2.7,1941,82.3
2049,-0.7,1943,82.3
2049,-0.6,1941,82.3
2045,-4.4,1943,82.3
2046,-3.3,1943,82.3
2047,-2.2,1941,82.3
2048,-1.2,1940,82.3
2048,-1.1,1941,82.3
2048,-1.1,1941,82.3
2049,-0.1,1943,82.3
2047,-2.0,1941,82.3
2044,-4.8,1943,82.3
2046,-2.7,1941,82.3
2048,-0.7,1942,82.3
2047,-1.6,1944,82.3
2049,0.4,1940,82.3
2047,-1.5,1942,82.3
2047,-1.5,1943,82.3
2046,-2.4,1943,82.3
2048,-0.4,1944,82.3
2048,-0.3,1942,82.3
2048,-0.3,1945,82.3
2045,-3.2,1944,82.3
2046,-2.1,1941,82.3
2048,-0.1,1943,82.3
2048,-0.1,1943,82.3
2046,-2.0,1941,82.3
2048,-0.0,1943,82.3
2052,3.8,1942,82.3
2049,0.8,1942,82.3
2049,0.8,1942,82.3
2049,0.7,1943,82.3
2048,-0.3,1942,82.3
2047,-1.2,1943,82.3
2048,-0.2,1942,82.3
2050,1.7,1944,82.3
2047,-1.2,1943,82.3
2049,0.7,1942,82.3
2048,-0.2,1941,82.3
2046,-2.2,1943,82.3
2047,-1.1,1941,82.3
2047,-1.1,1943,82.3
2049,0.9,1942,82.3
2048,-0.1,1942,82.3
2049,0.9,1943,82.3
2052,3.7,1943,82.3
2047,-1.2,1942,82.3
2048,-0.2,1944,82.3
2048,-0.2,1943,82.3
2049,0.8,1943,82.3
2049,0.7,1943,82.3
2048,-0.3,1945,82.3
2049,0.7,1944,82.3
2049,0.7,1943,82.3
2048,-0.3,1946,82.3
2050,1.6,1942,82.3
2049,0.6,1942,82.3
2048,-0.4,1943,82.3
2046,-2.3,1943,82.3
2050,1.6,1944,82.3
2049,0.6,1943,82.3
2047,-1.3,1945,82.3
2050,1.6,1943,82.3
2049,0.6,1942,82.3
2049,0.6,1943,82.3
2048,-0.4,1943,82.3
2048,-0.4,1943,82.3
2047,-1.4,1943,82.3
2047,-1.3,1942,82.3
2047,-1.2,1942,82.3
2048,-0.2,1945,82.3
2049,0.7,1943,82.3
2049,0.7,1942,82.3
2048,-0.3,1942,82.3
2048,-0.3,1942,82.3
2047,-1.2,1944,82.3
2047,-1.2,1946,82.3
2049,0.8,1943,82.3
2047,-1.2,1942,82.3
2049,0.8,1943,82.3
2052,3.7,1945,82.3
2047,-1.3,1945,82.3
2049,0.7,1944,82.3
2047,-1.3,1942,82.3
2047,-1.2,1943,82.3
2050,1.7,1942,82.3
2049,0.7,1943,82.3
2049,0.7,1941,82.3
2049,0.6,1942,82.3
2049,0.6,1942,82.3
2049,0.6,1941,82.3
2047,-1.4,1940,82.3
2047,-1.3,1944,82.3
2049,0.7,1943,82.3
2047,-1.3,1942,82.3
2048,-0.3,1940,82.3
2050,1.7,1944,82.3
2045,-3.2,1944,82.3
2049,0.8,1942,82.3
2050,1.7,1941,82.3
2050,1.6,1941,82.3
2050,1.6,1944,82.3
2051,2.5,1945,82.3
2050,1.4,1946,82.3
2052,3.3,1941,82.3
2047,-1.7,1944,82.3
2050,1.3,1944,82.3
2048,-0.7,1945,82.3
2050,1.3,1948,82.3
2049,0.2,1954,82.3
2053,4.1,1955,82.3
2053,3.9,1960,82.3
2052,2.8,1965,82.3
2056,6.5,1972,82.3
2054,4.3,1975,82.3
2057,7.0,1977,82.3
2056,5.8,1980,82.3
2058,7.5,1983,82.3
2057,6.2,1986,82.3
2057,6.0,1985,82.3
2059,7.7,1989,82.3
2057,5.4,1989,82.3
2059,7.1,1990,82.3
2057,4.9,1995,82.3
2058,5.7,1997,82.3
2059,6.4,1998,82.3
2059,6.2,1998,82.3
2060,6.9,2000,82.3
2064,10.5,2002,82.3
2060,6.2,2002,82.3
2058,4.0,2003,82.3
2058,3.9,2005,82.3
2059,4.7,2003,82.3
2060,5.4,2000,82.3
2059,4.3,1998,82.3
2057,2.2,1997,82.3
2059,4.0,1994,82.3
2064,8.6,1989,82.3
2063,7.3,1990,82.3
2064,8.0,1982,82.3
2067,10.6,1977,82.3
2068,11.1,1971,82.3
2071,13.5,1970,82.3
2069,11.1,1965,82.3
2073,14.5,1966,82.3
2075,15.8,1971,82.3
2077,17.1,1971,82.3
2078,17.4,1971,82.3
2080,18.6,1972,82.3
2083,20.7,1975,82.3
2085,21.8,1977,82.3
2085,21.0,1978,82.3
2085,20.1,1976,82.3
2086,20.3,1979,82.3
2086,19.5,1980,82.3
2089,21.6,1979,82.3
2088,19.7,1978,82.3
2086,17.0,1977,82.3
2084,14.4,1977,82.3
2087,16.7,1978,82.3
2088,17.0,1981,82.3
2084,12.5,1977,82.3
2085,13.0,1978,82.3
2087,14.4,1977,82.3
2086,12.8,1976,82.3
2087,13.3,1976,82.3
2086,11.8,1976,82.3
2087,12.3,1979,82.3
2087,11.8,1978,82.3
2087,11.3,1980,82.3
2087,10.9,1976,82.3
2085,8.5,1976,82.3
2088,11.0,1977,82.3
2087,9.6,1978,82.3
2085,7.3,1979,82.3
2087,9.0,1977,82.3
2087,8.6,1976,82.3
2087,8.3,1977,82.3
2089,9.9,1981,82.3
2086,6.6,1978,82.3
2088,8.2,1977,82.3
2088,7.9,1980,82.3
2087,6.6,1978,82.3
2088,7.3,1978,82.3
2088,7.0,1980,82.3
2090,8.7,1981,82.3
2088,6.4,1981,82.3
2089,7.1,1979,82.3
2089,6.8,1979,82.3
2086,3.7,1979,82.3
2086,3.5,1980,82.3
2087,4.3,1981,82.3
2085,2.2,1977,82.3
2085,2.2,1978,82.3
2085,2.1,1978,82.3
2089,5.8,1977,82.3
2087,3.7,1980,82.3
2086,2.6,1976,82.3
2084,0.5,1975,82.3
2088,4.4,1980,82.3
2086,2.3,1980,82.3
2088,4.1,1977,82.3
2089,4.9,1977,82.3
2089,4.7,1974,82.3
2086,1.6,1979,82.3
2089,4.4,1980,82.3
2090,5.2,1979,82.3
2088,3.1,1980,82.3
2087,2.0,1980,82.3
2084,-0.9,1979,82.3
2087,2.0,1980,82.3
2085,-0.0,1979,82.3
2091,5.7,1975,82.3
2086,0.7,1980,82.3
2087,1.6,1982,82.3
2089,3.5,1978,82.3
2087,1.4,1980,82.3
2090,4.3,1977,82.3
2088,2.2,1978,82.3
2089,3.0,1980,82.3
2088,2.0,1980,82.3
2087,0.9,1979,82.3
2089,2.8,1982,82.3
2088,1.7,1982,82.3
2087,0.7,1979,82.3
2089,2.6,1981,82.3
2087,0.6,1980,82.3
2086,-0.4,1978,82.3
2089,2.5,1979,82.3
2088,1.4,1981,82.3
2089,2.3,1979,82.3
2088,1.3,1979,82.3
2090,3.1,1978,82.3
2090,3.0,1981,82.3
2088,1.0,1980,82.3
2089,1.9,1980,82.3
2090,2.8,1982,82.3
2088,0.7,1977,82.3
2088,0.7,1978,82.3
2086,-1.2,1980,82.3
2088,0.7,1981,82.3
2088,0.7,1978,82.3
2087,-0.3,1980,82.3
2089,1.7,1982,82.3
2090,2.5,1980,82.3
2088,0.5,1978,82.3
2087,-0.5,1980,82.3
2089,1.5,1978,82.3
2087,-0.5,1978,82.3
2089,1.4,1981,82.3
2089,1.4,1979,82.3
2087,-0.6,1980,82.3
2089,1.4,1978,82.3
2085,-2.5,1980,82.3
2089,1.4,1978,82.3
2088,0.4,1980,82.3
2086,-1.6,1980,82.3
2088,0.4,1983,82.3
2088,0.4,1981,82.3
2090,2.3,1980,82.3
2088,0.3,1979,82.3
2086,-1.6,1975,82.3
2089,1.3,1978,82.3
2088,0.3,1977,82.3
2092,4.1,1978,82.3
2089,1.1,1978,82.3
2088,0.1,1977,82.3
2085,-2.8,1978,82.3
2088,0.2,1980,82.3
2087,-0.8,1981,82.3
2087,-0.7,1977,82.3
2089,1.2,1981,82.3
2088,0.2,1978,82.3
2090,2.1,1978,82.3
2088,0.1,1978,82.3
2087,-0.9,1981,82.3
2088,0.1,1980,82.3
2087,-0.8,1978,82.3
2090,2.1,1979,82.3
2088,0.1,1976,82.3
2088,0.1,1979,82.3
2088,0.1,1981,82.3
2087,-0.9,1977,82.3
2090,2.0,1979,82.3
2088,0.0,1978,82.3
2086,-1.9,1980,82.3
2088,0.1,1978,82.3
2087,-0.9,1979,82.3
2087,-0.8,1979,82.3
2087,-0.8,1981,82.3
2087,-0.8,1978,82.3
2087,-0.7,1977,82.3
2087,-0.7,1980,82.3
2087,-0.7,1976,82.3
2086,-1.6,1980,82.3
2087,-0.6,1979,82.3
2086,-1.5,1978,82.3
2087,-0.5,1978,82.3
2087,-0.5,1980,82.3
2087,-0.5,1978,82.3
2087,-0.4,1979,82.3
2089,1.5,1976,82.3
2088,0.5,1979,82.3
2088,0.5,1977,82.3
2088,0.4,1980,82.3
2087,-0.5,1979,82.3
2086,-1.5,1978,82.3
2088,0.5,1980,82.3
2088,0.5,1976,82.3
2088,0.5,1979,82.3
2088,0.4,1979,82.3
2086,-1.5,1978,82.3
2092,4.3,1977,82.3
2086,-1.6,1980,82.3
2086,-1.5,1979,82.3
2088,0.4,1980,82.3
2088,0.4,1979,82.3
2088,0.4,1978,82.3
2085,-2.5,1979,82.3
2089,1.4,1978,82.3
2086,-1.5,1978,82.3
2085,-2.4,1979,82.3
2087,-0.4,1979,82.3
2087,-0.4,1978,82.3
2089,1.6,1979,82.3
2091,3.4,1978,82.3
2086,-1.5,1976,82.3
2083,-4.3,1977,82.3
2086,-1.3,1979,82.3
2083,-4.1,1977,82.3
2087,-0.1,1976,82.3
2085,-2.0,1975,82.3
2087,-0.0,1979,82.3
2086,-1.0,1977,82.3
2087,0.0,1977,82.3
2085,-1.9,1977,82.3
2088,1.1,1977,82.3
2090,2.9,1977,82.3
2089,1.9,1979,82.3
2090,2.7,1978,82.3
2089,1.7,1979,82.3
2088,0.6,1980,82.3
2086,-1.3,1977,82.3
2088,0.7,1977,82.3
2086,-1.3,1977,82.3
2086,-1.2,1976,82.3
2087,-0.2,1979,82.3
2087,-0.2,1979,82.3
2087,-0.2,1978,82.3
2087,-0.2,1976,82.3
2086,-1.1,1979,82.3
2086,-1.1,1977,82.3
2086,-1.1,1978,82.3
2085,-2.0,1977,82.3
2087,0.0,1977,82.3
2088,1.0,1977,82.3
2089,1.9,1979,82.3
2086,-1.0,1977,82.3
2087,-0.0,1978,82.3
2085,-2.0,1978,82.3
2087,0.0,1975,82.3
2084,-2.8,1978,82.3
2087,0.1,1975,82.3
2085,-1.8,1976,82.3
2086,-0.7,1977,82.3
2085,-1.7,1974,82.3
2084,-2.6,1980,82.3
2086,-0.5,1977,82.3
2088,1.4,1977,82.3
2084,-2.5,1981,82.3
2086,-0.5,1977,82.3
2086,-0.5,1978,82.3
2086,-0.4,1978,82.3
2087,0.5,1976,82.3
2087,0.5,1978,82.3
2086,-0.5,1978,82.3
2087,0.5,1978,82.3
2087,0.5,1978,82.3
2086,-0.5,1979,82.3
2088,1.5,1975,82.3
2085,-1.5,1976,82.3
2087,0.5,1973,82.3
2086,-0.5,1977,82.3
2089,2.4,1976,82.3
2090,3.3,1976,82.3
2086,-0.7,1978,82.3
2083,-3.5,1979,82.3
2087,0.4,1977,82.3
2085,-1.5,1978,82.3
2085,-1.4,1979,82.3
2086,-0.4,1978,82.3
2086,-0.4,1975,82.3
2082,-4.2,1973,82.3
2084,-2.1,1976,82.3
2084,-2.1,1976,82.3
2083,-2.9,1973,82.3
2085,-0.9,1974,82.3
2086,0.1,1977,82.3
2082,-3.7,1974,82.3
2084,-1.7,1976,82.3
2085,-0.6,1977,82.3
2082,-3.5,1975,82.3
2083,-2.4,1975,82.3
2081,-4.2,1975,82.3
2083,-2.1,1974,82.3
2082,-3.0,1976,82.3
2084,-1.0,1974,82.3
2082,-2.9,1972,82.3
2084,-0.8,1972,82.3
2082,-2.7,1975,82.3
2080,-4.5,1972,82.3
2083,-1.5,1973,82.3
2081,-3.3,1973,82.3
2082,-2.2,1974,82.3
2083,-1.2,1973,82.3
2082,-2.1,1974,82.3
2083,-1.0,1974,82.3
2083,-1.0,1972,82.3
2085,1.0,1975,82.3
2083,-1.0,1973,82.3
2085,1.0,1976,82.3
2086,1.9,1977,82.3
2084,-0.1,1976,82.3
2083,-1.1,1976,82.3
2085,0.9,1977,82.3
2085,0.9,1976,82.3
2088,3.7,1979,82.3
2086,1.6,1978,82.3
2085,0.6,1976,82.3
2086,1.5,1975,82.3
2088,3.4,1978,82.3
2085,0.4,1976,82.3
2087,2.3,1975,82.3
2085,0.3,1975,82.3
2086,1.2,1977,82.3
2084,-0.7,1977,82.3
2086,1.2,1978,82.3
2087,2.1,1980,82.3
2085,0.1,1977,82.3
2085,0.1,1977,82.3
2088,3.0,1976,82.3
2084,-1.0,1976,82.3
2089,3.9,1976,82.3
2088,2.8,1977,82.3
2086,0.7,1976,82.3
2085,-0.3,1978,82.3
2083,-2.2,1976,82.3
2083,-2.1,1977,82.3
2086,0.9,1976,82.3
2086,0.8,1975,82.3
2086,0.8,1979,82.3
2086,0.8,1977,82.3
2084,-1.2,1974,82.3
2085,-0.2,1978,82.3
2084,-1.1,1979,82.3
2086,0.8,1977,82.3
2085,-0.2,1977,82.3
2086,0.8,1976,82.3
2090,4.6,1977,82.3
2082,-3.2,1977,82.3
2086,0.7,1979,82.3
2085,-0.3,1978,82.3
2085,-0.3,1976,82.3
2085,-0.2,1977,82.3
2085,-0.2,1977,82.3
2084,-1.2,1975,82.3
2083,-2.1,1977,82.3
2086,0.9,1976,82.3
2086,0.8,1977,82.3
2084,-1.1,1979,82.3
2086,0.8,1979,82.3
2083,-2.1,1975,82.3
2083,-2.0,1979,82.3
2084,-0.9,1978,82.3
2087,2.0,1976,82.3
2085,-0.0,1978,82.3
2088,2.9,1979,82.3
2084,-1.1,1976,82.3
2086,0.9,1977,82.3
2087,1.8,1976,82.3
2085,-0.2,1977,82.3
2089,3.6,1973,82.3
2084,-1.3,1977,82.3
2086,0.7,1978,82.3
2085,-0.3,1979,82.3
2085,-0.3,1978,82.3
2085,-0.3,1978,82.3
2088,2.6,1978,82.3
2087,1.5,1976,82.3
2086,0.5,1976,82.3
2087,1.5,1977,82.3
2085,-0.5,1978,82.3
2085,-0.5,1977,82.3
2086,0.5,1977,82.3
2085,-0.5,1978,82.3
2087,1.4,1976,82.3
2085,-0.5,1977,82.3
2087,1.4,1978,82.3
2087,1.3,1975,82.3
2087,1.3,1977,82.3
2087,1.2,1975,82.3
2087,1.2,1976,82.3
2089,3.1,1977,82.3
2085,-0.9,1977,82.3
2086,0.1,1976,82.3
2085,-0.9,1978,82.3
2084,-1.8,1976,82.3
2085,-0.8,1978,82.3
2087,1.2,1975,82.3
2085,-0.8,1977,82.3
2087,1.2,1978,82.3
2084,-1.8,1979,82.3
2085,-0.7,1977,82.3
2088,2.2,1975,82.3
2083,-2.7,1976,82.3
2089,3.2,1977,82.3
2089,3.0,1979,82.3
2088,2.0,1975,82.3
2089,2.8,1975,82.3
2085,-1.1,1975,82.3
2086,-0.1,1975,82.3
2088,1.8,1981,82.3
2088,1.7,1977,82.3
2085,-1.2,1976,82.3
2086,-0.2,1976,82.3
2086,-0.2,1977,82.3
2084,-2.1,1975,82.3
2087,0.9,1976,82.3
2086,-0.1,1979,82.3
2086,-0.1,1979,82.3
2085,-1.1,1975,82.3
2085,-1.0,1976,82.3
2089,2.8,1978,82.3
2089,2.7,1978,82.3
2088,1.7,1977,82.3
2085,-1.3,1977,82.3
2087,0.7,1977,82.3
2086,-0.3,1978,82.3
2088,1.6,1977,82.3
2087,0.6,1976,82.3
2086,-0.4,1976,82.3
2088,1.6,1975,82.3
2085,-1.4,1977,82.3
2087,0.6,1977,82.3
2087,0.6,1979,82.3
2086,-0.4,1976,82.3
2087,0.6,1976,82.3
2086,-0.4,1978,82.3
2088,1.5,1981,82.3
2086,-0.5,1978,82.3
2089,2.4,1974,82.3
2087,0.4,1975,82.3
2085,-1.5,1978,82.3
2086,-0.5,1979,82.3
2089,2.4,1977,82.3
2084,-2.5,1979,82.3
2088,1.4,1978,82.3
2086,-0.5,1978,82.3
2086,-0.5,1977,82.3
2085,-1.5,1975,82.3
2084,-2.4,1973,82.3
2087,0.6,1974,82.3
2088,1.6,1972,82.3
2087,0.5,1975,82.3
2083,-3.3,1976,82.3
2081,-5.1,1975,82.3
2083,-3.0,1976,82.3
2085,-1.0,1977,82.3
2086,0.0,1976,82.3
2083,-2.8,1978,82.3
2083,-2.7,1976,82.3
2086,0.3,1977,82.3
2085,-0.7,1976,82.3
2086,0.3,1978,82.3
2083,-2.6,1974,82.3
2084,-1.5,1973,82.3
2083,-2.4,1975,82.3
2086,0.5,1976,82.3
2085,-0.4,1976,82.3
2086,0.5,1974,82.3
2085,-0.4,1976,82.3
2084,-1.4,1975,82.3
2081,-4.2,1978,82.3
2086,0.8,1976,82.3
2086,0.7,1975,82.3
2082,-3.1,1974,82.3
2085,-0.1,1976,82.3
2086,0.8,1975,82.3
2084,-1.1,1974,82.3
2086,0.8,1973,82.3
2084,-1.1,1974,82.3
2085,-0.1,1976,82.3
2085,-0.1,1975,82.3
2085,-0.1,1975,82.3
2087,1.8,1976,82.3
2086,0.8,1979,82.3
2085,-0.2,1976,82.3
2085,-0.2,1974,82.3
2087,1.7,1976,82.3
2087,1.7,1974,82.3
2087,1.6,1976,82.3
2083,-2.3,1974,82.3
2085,-0.3,1975,82.3
2085,-0.3,1973,82.3
2083,-2.2,1975,82.3
2087,1.7,1974,82.3
2085,-0.3,1976,82.3
2084,-1.2,1978,82.3
2086,0.8,1976,82.3
2084,-1.2,1975,82.3
2087,1.7,1976,82.3
2084,-1.2,1978,82.3
2083,-2.1,1978,82.3
2084,-1.1,1973,82.3
2087,1.8,1973,82.3
2084,-1.1,1975,82.3
2086,0.9,1977,82.3
2083,-2.1,1974,82.3
2085,-0.1,1975,82.3
2087,1.9,1974,82.3
2086,0.8,1973,82.3
2085,-0.2,1974,82.3
2087,1.8,1976,82.3
2089,3.6,1973,82.3
2082,-3.2,1978,82.3
2083,-2.2,1976,82.3
2082,-3.0,1974,82.3
2082,-2.9,1975,82.3
2083,-1.8,1975,82.3
2082,-2.7,1976,82.3
2085,0.3,1974,82.3
2084,-0.7,1975,82.3
2085,0.3,1977,82.3
2088,3.2,1975,82.3
2082,-2.7,1976,82.3
2084,-0.7,1977,82.3
2083,-1.6,1975,82.3
2085,0.3,1977,82.3
2083,-1.6,1974,82.3
2085,0.4,1975,82.3
2081,-3.5,1977,82.3
2084,-0.4,1974,82.3
2084,-0.4,1977,82.3
2084,-0.4,1975,82.3
2082,-2.3,1974,82.3
2085,0.7,1975,82.3
2084,-0.3,1976,82.3
2084,-0.3,1975,82.3
2085,0.7,1974,82.3
2084,-0.3,1978,82.3
2084,-0.3,1975,82.3
2087,2.6,1974,82.3
2085,0.6,1976,82.3
2083,-1.4,1976,82.3
2086,1.6,1976,82.3
2086,1.5,1973,82.3
2083,-1.4,1975,82.3
2084,-0.4,1972,82.3
2084,-0.4,1975,82.3
2085,0.6,1978,82.3
2085,0.5,1977,82.3
2084,-0.4,1977,82.3
2083,-1.4,1977,82.3
2083,-1.3,1976,82.3
2082,-2.2,1976,82.3
2084,-0.2,1973,82.3
2084,-0.2,1977,82.3
2086,1.7,1973,82.3
2086,1.6,1975,82.3
2083,-1.3,1976,82.3
2086,1.6,1976,82.3
2085,0.6,1978,82.3
2084,-0.4,1976,82.3
2084,-0.4,1976,82.3
2085,0.6,1976,82.3
2087,2.5,1978,82.3
2085,0.5,1980,82.3
2083,-1.5,1976,82.3
2084,-0.4,1975,82.3
2086,1.5,1974,82.3
2084,-0.5,1977,82.3
2087,2.4,1972,82.3
2087,2.3,1977,82.3
2084,-0.6,1976,82.3
2082,-2.5,1977,82.3
2083,-1.5,1976,82.3
2084,-0.5,1976,82.3
2083,-1.4,1976,82.3
2086,1.5,1977,82.3
2084,-0.4,1977,82.3
2087,2.4,1977,82.3
2087,2.4,1978,82.3
2083,-1.6,1975,82.3
2085,0.4,1974,82.3
2085,0.4,1974,82.3
2086,1.3,1974,82.3
2084,-0.6,1978,82.3
2087,2.3,1975,82.3
2085,0.3,1976,82.3
2085,0.2,1972,82.3
2084,-0.7,1980,82.3
2085,0.3,1977,82.3
2085,0.3,1975,82.3
2086,1.2,1975,82.3
2086,1.2,1974,82.3
2087,2.1,1978,82.3
2086,1.0,1974,82.3
2084,-0.9,1976,82.3
2088,2.9,1975,82.3
2084,-1.0,1977,82.3
2084,-1.0,1976,82.3
2087,1.9,1977,82.3
2083,-2.0,1976,82.3
2083,-1.9,1973,82.3
2085,0.1,1975,82.3
2083,-1.8,1977,82.3
2086,1.1,1973,82.3
2083,-1.8,1975,82.3
2084,-0.8,1978,82.3
2082,-2.7,1976,82.3
2083,-1.6,1976,82.3
2084,-0.6,1975,82.3
2085,0.4,1974,82.3
2083,-1.5,1975,82.3
2084,-0.5,1975,82.3
2083,-1.4,1977,82.3
2084,-0.4,1976,82.3
2085,0.6,1975,82.3
2082,-2.3,1976,82.3
2082,-2.3,1973,82.3
2083,-1.2,1974,82.3
2082,-2.1,1978,82.3
2082,-2.0,1975,82.3
2084,-0.0,1975,82.3
2084,-0.0,1976,82.3
2081,-2.9,1977,82.3
2082,-1.8,1975,82.3
2085,1.1,1975,82.3
2083,-0.8,1974,82.3
2084,0.2,1973,82.3
2085,1.1,1975,82.3
2088,3.9,1977,82.3
2086,1.9,1975,82.3
2084,-0.1,1977,82.3
2085,0.8,1975,82.3
2083,-1.1,1978,82.3
2083,-1.1,1971,82.3
2082,-2.0,1977,82.3
2084,0.0,1974,82.3
2086,1.9,1974,82.3
2086,1.9,1972,82.3
2084,-0.1,1978,82.3
2085,0.8,1976,82.3
2090,5.6,1974,82.3
2085,0.6,1975,82.3
2086,1.5,1976,82.3
2087,2.4,1975,82.3
2087,2.3,1975,82.3
2085,0.3,1975,82.3
2087,2.2,1974,82.3
2085,0.2,1976,82.3
2084,-0.8,1978,82.3
2086,1.2,1975,82.3
2088,3.1,1977,82.3
2082,-2.8,1974,82.3
2086,1.1,1977,82.3
2085,0.1,1976,82.3
2088,3.0,1977,82.3
2083,-1.9,1976,82.3
2085,0.1,1975,82.3
2086,1.0,1975,82.3
2086,1.0,1977,82.3
2086,0.9,1973,82.3
2087,1.9,1977,82.3
2084,-1.1,1975,82.3
2087,1.8,1976,82.3
2085,-0.2,1974,82.3
2086,0.8,1977,82.3
2085,-0.2,1975,82.3
2084,-1.1,1975,82.3
2087,1.8,1977,82.3
2088,2.7,1977,82.3
2088,2.6,1977,82.3
2086,0.5,1976,82.3
2086,0.5,1976,82.3
2087,1.5,1974,82.3
2086,0.4,1974,82.3
2089,3.3,1976,82.3
2088,2.2,1978,82.3
2086,0.2,1977,82.3
2085,-0.8,1977,82.3
2087,1.2,1974,82.3
2087,1.1,1974,82.3
2086,0.1,1977,82.3
2086,0.1,1977,82.3
2087,1.1,1977,82.3
2087,1.0,1978,82.3
2089,2.9,1976,82.3
2087,0.9,1975,82.3
2086,-0.1,1974,82.3
2088,1.8,1976,82.3
2089,2.7,1978,82.3
2090,3.6,1977,82.3
2087,0.5,1976,82.3
2084,-2.4,1978,82.3
2086,-0.4,1977,82.3
2089,2.5,1978,82.3
2088,1.5,1977,82.3
2088,1.4,1975,82.3
2090,3.3,1977,82.3
2089,2.2,1978,82.3
2089,2.1,1978,82.3
2090,3.0,1977,82.3
2088,0.9,1980,82.3
2086,-1.0,1980,82.3
2090,2.9,1979,82.3
2090,2.7,1979,82.3
2089,1.7,1980,82.3
2092,4.5,1981,82.3
2088,0.5,1980,82.3
2090,2.4,1979,82.3
2090,2.3,1977,82.3
2087,-0.7,1982,82.3
2090,2.2,1979,82.3
2088,0.2,1980,82.3
2089,1.2,1977,82.3
2086,-1.8,1980,82.3
2090,2.1,1979,82.3
2088,0.1,1978,82.3
2087,-0.8,1980,82.3
2090,2.1,1978,82.3
2090,2.0,1979,82.3
2089,1.0,1977,82.3
2089,0.9,1979,82.3
2089,0.9,1977,82.3
2086,-2.0,1979,82.3
2089,0.9,1979,82.3
2087,-1.0,1977,82.3
2087,-1.0,1976,82.3
2088,0.0,1976,82.3
2091,2.9,1978,82.3
2089,0.9,1978,82.3
2090,1.8,1976,82.3
2090,1.7,1980,82.3
2091,2.6,1979,82.3
2091,2.5,1979,82.3
2086,-2.4,1975,82.3
2088,-0.4,1978,82.3
2087,-1.3,1980,82.3
2089,0.6,1976,82.3
2089,0.6,1979,82.3
2089,0.6,1979,82.3
2090,1.5,1980,82.3
2088,-0.5,1982,82.3
2091,2.4,1981,82.3
2090,1.4,1980,82.3
2091,2.3,1978,82.3
2089,0.3,1981,82.3
2090,1.2,1979,82.3
2091,2.1,1981,82.3
2090,1.1,1979,82.3
2093,3.9,1979,82.3
2091,1.9,1980,82.3
2091,1.8,1981,82.3
2088,-1.2,1983,82.3
2090,0.8,1981,82.3
2092,2.7,1980,82.3
2093,3.5,1982,82.3
2096,6.3,1982,82.3
2096,6.0,1985,82.3
2099,8.7,1986,82.3
2103,12.2,1992,82.3
2103,11.7,1992,82.3
2106,14.1,1992,82.3
2107,14.5,1992,82.3
2104,11.0,1996,82.3
2105,11.5,1995,82.3
2105,11.1,1998,82.3
2109,14.5,1998,82.3
2109,13.9,1998,82.3
2109,13.3,1998,82.3
2107,10.9,1999,82.3
2109,12.4,2001,82.3
2107,10.0,1996,82.3
2109,11.5,1997,82.3
2109,11.0,1999,82.3
2108,9.6,1998,82.3
2107,8.3,1997,82.3
2106,7.0,1993,82.3
2106,6.7,1997,82.3
2106,6.4,1996,82.3
2108,8.1,1995,82.3
2114,13.5,2002,82.3
2119,17.8,2007,82.3
2114,12.3,2001,82.3
2105,3.1,1993,82.3
2099,-2.7,1987,82.3
2099,-2.6,1990,82.3
2099,-2.5,1985,82.3
2095,-6.3,1984,82.3
2094,-7.0,1984,82.3
2095,-5.7,1985,82.3
2093,-7.4,1982,82.3
2094,-6.2,1981,82.3
2092,-7.8,1981,82.3
2092,-7.5,1985,82.3
2091,-8.2,1984,82.3
2094,-5.0,1982,82.3
2094,-4.8,1982,82.3
2094,-4.6,1985,82.3
2093,-5.4,1984,82.3
2093,-5.1,1984,82.3
2092,-5.9,1984,82.3
2095,-2.8,1984,82.3
2094,-3.6,1986,82.3
2092,-5.4,1984,82.3
2093,-4.2,1981,82.3
2092,-5.0,1981,82.3
2093,-3.9,1982,82.3
2098,1.1,1981,82.3
2098,1.0,1984,82.3
2095,-1.9,1983,82.3
2092,-4.7,1984,82.3
2090,-6.4,1982,82.3
2092,-4.2,1983,82.3
2091,-5.0,1980,82.3
2090,-5.8,1983,82.3
2092,-3.6,1982,82.3
2092,-3.5,1982,82.3
2093,-2.4,1984,82.3
2091,-4.2,1983,82.3
2092,-3.1,1984,82.3
2097,1.8,1984,82.3
2094,-1.1,1983,82.3
2095,-0.1,1983,82.3
2095,-0.1,1982,82.3
2093,-2.0,1980,82.3
2094,-1.0,1983,82.3
2091,-3.8,1981,82.3
2094,-0.8,1983,82.3
2095,0.2,1982,82.3
2094,-0.8,1985,82.3
2093,-1.7,1981,82.3
2094,-0.7,1986,82.3
2091,-3.5,1983,82.3
2094,-0.5,1981,82.3
2092,-2.4,1983,82.3
2093,-1.3,1984,82.3
2093,-1.3,1985,82.3
2093,-1.2,1985,82.3
2093,-1.2,1984,82.3
2092,-2.1,1986,82.3
2090,-3.9,1983,82.3
2093,-0.9,1984,82.3
2096,2.0,1983,82.3
2093,-0.9,1982,82.3
2093,-0.9,1984,82.3
2092,-1.8,1982,82.3
2094,0.2,1982,82.3
2095,1.1,1984,82.3
2094,0.1,1984,82.3
2093,-0.9,1984,82.3
2094,0.1,1980,82.3
2093,-0.8,1985,82.3
2094,0.2,1982,82.3
2093,-0.8,1984,82.3
2094,0.2,1985,82.3
2093,-0.8,1984,82.3
2092,-1.7,1984,82.3
2094,0.3,1983,82.3
2094,0.3,1985,82.3
2095,1.2,1982,82.3
2092,-1.7,1984,82.3
2094,0.3,1984,82.3
2094,0.3,1983,82.3
2093,-0.7,1981,82.3
2095,1.2,1982,82.3
2094,0.2,1984,82.3
2095,1.2,1983,82.3
2095,1.1,1981,82.3
2093,-0.8,1983,82.3
2092,-1.8,1984,82.3
2091,-2.6,1984,82.3
2091,-2.5,1982,82.3
2095,1.4,1984,82.3
2096,2.3,1986,82.3
2092,-1.6,1983,82.3
2095,1.3,1984,82.3
2094,0.3,1984,82.3
2094,0.3,1983,82.3
2094,0.3,1984,82.3
2092,-1.6,1984,82.3
2094,0.3,1982,82.3
2092,-1.6,1985,82.3
2095,1.3,1983,82.3
2096,2.3,1981,82.3
2096,2.2,1985,82.3
2093,-0.8,1983,82.3
2092,-1.7,1982,82.3
2093,-0.7,1983,82.3
2094,0.3,1983,82.3
2092,-1.6,1982,82.3
2095,1.3,1984,82.3
2093,-0.7,1984,82.3
2094,0.3,1985,82.3
2092,-1.6,1982,82.3
2091,-2.5,1983,82.3
2091,-2.4,1980,82.3
2093,-0.4,1984,82.3
2093,-0.4,1986,82.3
2094,0.6,1985,82.3
2094,0.6,1983,82.3
2092,-1.4,1982,82.3
2093,-0.4,1983,82.3
2095,1.6,1984,82.3
2094,0.6,1986,82.3
2093,-0.4,1983,82.3
2094,0.6,1984,82.3
2093,-0.4,1984,82.3
2095,1.5,1984,82.3
2095,1.4,1985,82.3
2096,2.3,1981,82.3
2097,3.2,1983,82.3
2093,-0.8,1985,82.3
2094,0.2,1982,82.3
2093,-0.7,1986,82.3
2094,0.3,1982,82.3
2096,2.2,1983,82.3
2092,-1.8,1984,82.3
2093,-0.7,1985,82.3
2093,-0.7,1984,82.3
2094,0.3,1985,82.3
2095,1.2,1985,82.3
2095,1.2,1982,82.3
2094,0.2,1982,82.3
2094,0.2,1981,82.3
2095,1.1,1985,82.3
2092,-1.8,1982,82.3
2095,1.2,1985,82.3
2098,4.0,1984,82.3
2092,-1.9,1985,82.3
2093,-0.9,1985,82.3
2092,-1.8,1983,82.3
2093,-0.8,1985,82.3
2094,0.2,1985,82.3
2093,-0.8,1985,82.3
2092,-1.7,1982,82.3
2093,-0.7,1981,82.3
2094,0.3,1982,82.3
2093,-0.7,1986,82.3
2094,0.3,1982,82.3
2093,-0.6,1983,82.3
2094,0.3,1985,82.3
2092,-1.6,1983,82.3
2095,1.4,1980,82.3
2091,-2.5,1984,82.3
2091,-2.4,1982,82.3
2090,-3.3,1983,82.3
2092,-1.2,1983,82.3
2089,-4.1,1983,82.3
2093,-0.1,1982,82.3
2092,-1.0,1981,82.3
2092,-1.0,1983,82.3
2093,0.0,1981,82.3
2091,-1.9,1984,82.3
2093,0.1,1983,82.3
2092,-0.9,1982,82.3
2092,-0.8,1984,82.3
2092,-0.8,1982,82.3
2092,-0.8,1983,82.3
2093,0.2,1985,82.3
2092,-0.8,1984,82.3
2092,-0.7,1982,82.3
2091,-1.7,1983,82.3
2093,0.3,1984,82.3
2092,-0.6,1982,82.3
2092,-0.6,1982,82.3
2090,-2.5,1984,82.3
2094,1.4,1982,82.3
2096,3.3,1984,82.3
2093,0.3,1983,82.3
2092,-0.7,1984,82.3
2091,-1.6,1983,82.3
2095,2.3,1985,82.3
2096,3.1,1984,82.3
2096,3.0,1982,82.3
2094,1.0,1983,82.3
2095,1.9,1983,82.3
2092,-1.1,1986,82.3
2094,0.9,1985,82.3
2094,0.9,1986,82.3
2096,2.8,1985,82.3
2091,-2.2,1982,82.3
2096,2.7,1979,82.3
2093,-0.3,1983,82.3
2094,0.7,1983,82.3
2096,2.6,1984,82.3
2096,2.5,1983,82.3
2094,0.5,1980,82.3
2092,-1.5,1984,82.3
2091,-2.4,1984,82.3
2091,-2.3,1982,82.3
2094,0.7,1983,82.3
2095,1.6,1984,82.3
2093,-0.3,1982,82.3
2093,-0.3,1984,82.3
2096,2.6,1984,82.3
2096,2.5,1984,82.3
2093,-0.5,1984,82.3
2095,1.4,1982,82.3
2091,-2.5,1983,82.3
2094,0.5,1981,82.3
2092,-1.4,1981,82.3
2092,-1.4,1982,82.3
2091,-2.3,1982,82.3
2092,-1.2,1983,82.3
2092,-1.2,1984,82.3
2094,0.8,1984,82.3
2091,-2.1,1984,82.3
2093,-0.1,1983,82.3
2093,-0.1,1984,82.3
2091,-2.0,1983,82.3
2095,1.9,1985,82.3
2093,-0.1,1981,82.3
2092,-1.1,1984,82.3
2092,-1.0,1983,82.3
2093,-0.0,1983,82.3
2096,2.9,1983,82.3
2094,0.8,1984,82.3
2094,0.8,1984,82.3
2095,1.7,1984,82.3
2094,0.7,1982,82.3
2093,-0.3,1983,82.3
2094,0.7,1985,82.3
2094,0.6,1983,82.3
2095,1.6,1986,82.3
2094,0.6,1984,82.3
2095,1.5,1982,82.3
2092,-1.4,1983,82.3
2094,0.5,1982,82.3
2090,-3.3,1983,82.3
2093,-0.3,1985,82.3
2091,-2.2,1983,82.3
2094,0.7,1981,82.3
2093,-0.2,1984,82.3
2093,-0.2,1980,82.3
2093,-0.2,1984,82.3
2092,-1.2,1984,82.3
2092,-1.1,1984,82.3
2091,-2.0,1985,82.3
2094,0.9,1987,82.3
2092,-1.0,1982,82.3
2091,-2.0,1979,82.3
2090,-2.8,1982,82.3
2091,-1.8,1982,82.3
2096,3.1,1984,82.3
2094,1.1,1983,82.3
2092,-0.9,1983,82.3
2093,0.1,1984,82.3
2090,-2.8,1984,82.3
2093,0.2,1983,82.3
2091,-1.7,1982,82.3
2093,0.3,1982,82.3
2092,-0.7,1980,82.3
2095,2.2,1982,82.3
2094,1.2,1983,82.3
2094,1.1,1985,82.3
2091,-1.8,1982,82.3
2093,0.2,1982,82.3
2092,-0.8,1983,82.3
2095,2.1,1984,82.3
2093,0.1,1984,82.3
2092,-0.8,1982,82.3
2094,1.1,1982,82.3
2092,-0.9,1982,82.3
2094,1.1,1986,82.3
2091,-1.8,1984,82.3
2091,-1.8,1982,82.3
2093,0.2,1984,82.3
2093,0.2,1982,82.3
2092,-0.7,1983,82.3
2095,2.2,1983,82.3
2094,1.1,1983,82.3
2093,0.1,1983,82.3
2094,1.1,1984,82.3
2094,1.0,1985,82.3
2094,1.0,1984,82.3
2091,-1.9,1983,82.3
2095,2.0,1983,82.3
2092,-1.0,1985,82.3
2093,0.0,1984,82.3
2093,0.0,1985,82.3
2094,1.0,1985,82.3
2096,2.9,1984,82.3
2094,0.8,1982,82.3
2092,-1.1,1983,82.3
2093,-0.1,1984,82.3
2093,-0.1,1983,82.3
2094,0.8,1985,82.3
2092,-1.1,1983,82.3
2095,1.8,1983,82.3
2095,1.7,1984,82.3
2094,0.7,1984,82.3
2095,1.6,1985,82.3
2093,-0.3,1984,82.3
2094,0.6,1981,82.3
2092,-1.3,1987,82.3
2096,2.6,1983,82.3
2097,3.4,1987,82.3
2093,-0.5,1986,82.3
2094,0.4,1984,82.3
2093,-0.5,1984,82.3
2094,0.4,1981,82.3
2092,-1.5,1984,82.3
2097,3.4,1985,82.3
2095,1.3,1982,82.3
2094,0.3,1983,82.3
2094,0.3,1981,82.3
2093,-0.7,1985,82.3
2093,-0.7,1984,82.3
2094,0.3,1984,82.3
2095,1.3,1982,82.3
2094,0.3,1985,82.3
2095,1.2,1984,82.3
2094,0.2,1984,82.3
2094,0.2,1985,82.3
2095,1.2,1984,82.3
2094,0.1,1984,82.3
2095,1.1,1983,82.3
2094,0.1,1985,82.3
2095,1.1,1984,82.3
2094,0.0,1983,82.3
2094,0.0,1984,82.3
2095,1.0,1983,82.3
2096,1.9,1983,82.3
2094,-0.1,1985,82.3
2097,2.8,1984,82.3
2095,0.8,1984,82.3
2095,0.7,1983,82.3
2094,-0.2,1984,82.3
2096,1.7,1985,82.3
2096,1.6,1982,82.3
2095,0.6,1985,82.3
2097,2.5,1984,82.3
2096,1.4,1983,82.3
2095,0.4,1985,82.3
2095,0.4,1985,82.3
2096,1.3,1985,82.3
2093,-1.6,1983,82.3
2098,3.3,1984,82.3
2093,-1.7,1985,82.3
2094,-0.6,1985,82.3
2096,1.3,1984,82.3
2096,1.3,1983,82.3
2095,0.2,1986,82.3
2095,0.2,1983,82.3
2098,3.1,1982,82.3
2094,-0.9,1984,82.3
2094,-0.8,1983,82.3
2093,-1.7,1982,82.3
2097,2.2,1985,82.3
2094,-0.8,1985,82.3
2095,0.2,1985,82.3
2094,-0.8,1983,82.3
2095,0.2,1984,82.3
2098,3.1,1984,82.3
2098,3.0,1987,82.3
2099,3.8,1985,82.3
2095,-0.2,1987,82.3
2094,-1.1,1986,82.3
2094,-1.1,1983,82.3
2096,0.9,1983,82.3
2096,0.8,1986,82.3
2095,-0.2,1985,82.3
2098,2.7,1988,82.3
2095,-0.3,1983,82.3
2091,-4.1,1985,82.3
2095,-0.1,1986,82.3
2093,-2.0,1982,82.3
2095,-0.0,1986,82.3
2095,-0.0,1983,82.3
2097,1.9,1985,82.3
2095,-0.1,1985,82.3
2097,1.8,1985,82.3
2097,1.8,1986,82.3
2094,-1.2,1986,82.3
2097,1.7,1985,82.3
2095,-0.2,1983,82.3
2095,-0.2,1984,82.3
2094,-1.2,1984,82.3
2096,0.8,1983,82.3
2097,1.7,1984,82.3
2096,0.7,1982,82.3
2096,0.7,1984,82.3
2093,-2.3,1983,82.3
2096,0.7,1982,82.3
2095,-0.3,1986,82.3
2093,-2.2,1985,82.3
2097,1.7,1984,82.3
2095,-0.2,1985,82.3
2096,0.7,1982,82.3
2094,-1.2,1986,82.3
2095,-0.2,1983,82.3
2094,-1.2,1987,82.3
2095,-0.2,1985,82.3
2093,-2.1,1985,82.3
2096,0.9,1984,82.3
2093,-2.0,1982,82.3
2092,-2.9,1984,82.3
2095,0.1,1986,82.3
2096,1.0,1984,82.3
2094,-0.9,1983,82.3
2095,0.1,1984,82.3
2095,0.1,1985,82.3
2095,0.1,1985,82.3
2098,3.0,1985,82.3
2095,-0.0,1985,82.3
2096,0.9,1987,82.3
2096,0.9,1987,82.3
2095,-0.1,1986,82.3
2095,-0.1,1983,82.3
2094,-1.1,1987,82.3
2098,2.8,1985,82.3
2098,2.7,1984,82.3
2095,-0.3,1984,82.3
2094,-1.2,1985,82.3
2095,-0.2,1988,82.3
2094,-1.2,1984,82.3
2094,-1.1,1982,82.3
2095,-0.1,1982,82.3
2098,2.8,1985,82.3
2096,0.7,1984,82.3
2100,4.5,1985,82.3
2099,3.4,1985,82.3
2095,-0.6,1987,82.3
2095,-0.6,1985,82.3
2096,0.4,1985,82.3
2096,0.4,1985,82.3
2095,-0.6,1984,82.3
2095,-0.5,1984,82.3
2095,-0.5,1986,82.3
2097,1.4,1985,82.3
2097,1.4,1984,82.3
2094,-1.6,1985,82.3
2096,0.4,1986,82.3
2096,0.4,1987,82.3
2096,0.4,1985,82.3
2094,-1.6,1984,82.3
2097,1.4,1985,82.3
2099,3.3,1985,82.3
2094,-1.7,1983,82.3
2096,0.3,1986,82.3
2096,0.3,1987,82.3
2095,-0.7,1986,82.3
2095,-0.6,1985,82.3
2095,-0.6,1984,82.3
2095,-0.6,1984,82.3
2095,-0.6,1984,82.3
2097,1.4,1986,82.3
2096,0.4,1985,82.3
2096,0.3,1985,82.3
2098,2.2,1983,82.3
2096,0.2,1985,82.3
2097,1.2,1985,82.3
2094,-1.7,1983,82.3
2096,0.2,1985,82.3
2096,0.2,1983,82.3
2098,2.1,1984,82.3
2096,0.1,1985,82.3
2096,0.1,1987,82.3
2096,0.1,1985,82.3
2095,-0.8,1985,82.3
2096,0.2,1986,82.3
2097,1.1,1987,82.3
2096,0.1,1986,82.3
2094,-1.8,1985,82.3
2097,1.1,1983,82.3
2094,-1.8,1984,82.3
2094,-1.7,1985,82.3
2095,-0.7,1987,82.3
2097,1.3,1984,82.3
2095,-0.7,1984,82.3
2095,-0.7,1983,82.3
2096,0.3,1986,82.3
2094,-1.6,1989,82.3
2097,1.3,1988,82.3
2099,3.2,1984,82.3
2095,-0.8,1984,82.3
2098,2.1,1983,82.3
2096,0.1,1985,82.3
2096,0.1,1985,82.3
2097,1.1,1985,82.3
2098,2.0,1986,82.3
2094,-1.9,1985,82.3
2094,-1.9,1987,82.3
2095,-0.8,1986,82.3
2096,0.2,1986,82.3
2096,0.2,1986,82.3
2097,1.1,1986,82.3
2097,1.1,1987,82.3
2096,0.1,1988,82.3
2094,-1.8,1987,82.3
2097,1.1,1987,82.3
2096,0.1,1983,82.3
2096,0.1,1988,82.3
2098,2.0,1987,82.3
2094,-1.9,1985,82.3
2095,-0.9,1984,82.3
2097,1.1,1987,82.3
2096,0.1,1986,82.3
2094,-1.8,1984,82.3
2096,0.2,1987,82.3
2096,0.1,1986,82.3
2094,-1.8,1985,82.3
2097,1.2,1983,82.3
2096,0.2,1985,82.3
2097,1.1,1985,82.3
2094,-1.8,1986,82.3
2096,0.2,1985,82.3
2095,-0.8,1983,82.3
2093,-2.7,1986,82.3
2097,1.3,1985,82.3
2094,-1.7,1984,82.3
2095,-0.6,1985,82.3
2096,0.4,1986,82.3
2093,-2.5,1986,82.3
2094,-1.5,1983,82.3
2096,0.5,1984,82.3
2093,-2.4,1985,82.3
2096,0.6,1986,82.3
2093,-2.3,1986,82.3
2093,-2.2,1984,82.3
2094,-1.2,1986,82.3
2096,0.8,1986,82.3
2095,-0.2,1986,82.3
2096,0.8,1985,82.3
2094,-1.2,1985,82.3
2095,-0.2,1987,82.3
2094,-1.1,1987,82.3
2094,-1.1,1987,82.3
2094,-1.0,1984,82.3
2097,1.9,1986,82.3
2094,-1.1,1988,82.3
2096,0.9,1985,82.3
2097,1.8,1987,82.3
2095,-0.2,1985,82.3
2097,1.7,1985,82.3
2096,0.7,1985,82.3
2099,3.6,1986,82.3
2098,2.5,1988,82.3
2098,2.4,1988,82.3
2096,0.3,1987,82.3
2096,0.3,1986,82.3
2095,-0.6,1985,82.3
2098,2.3,1984,82.3
2095,-0.7,1986,82.3
2096,0.3,1988,82.3
2095,-0.7,1986,82.3
2097,1.3,1985,82.3
2098,2.2,1987,82.3
2095,-0.8,1986,82.3
2096,0.2,1983,82.3
2098,2.1,1985,82.3
2100,3.9,1987,82.3
2095,-1.0,1988,82.3
2095,-1.0,1986,82.3
2096,0.0,1988,82.3
2095,-0.9,1986,82.3
2095,-0.9,1984,82.3
2097,1.1,1989,82.3
2095,-0.9,1987,82.3
2095,-0.9,1987,82.3
2096,0.1,1986,82.3
2098,2.0,1985,82.3
2095,-0.9,1987,82.3
2095,-0.9,1984,82.3
2096,0.1,1985,82.3
2094,-1.8,1983,82.3
2096,0.2,1985,82.3
2098,2.1,1982,82.3
2097,1.0,1985,82.3
2093,-2.8,1987,82.3
2094,-1.8,1983,82.3
2098,2.2,1987,82.3
2095,-0.8,1987,82.3
2095,-0.8,1984,82.3
2094,-1.7,1985,82.3
2096,0.3,1984,82.3
2096,0.3,1988,82.3
2095,-0.7,1985,82.3
2093,-2.6,1983,82.3
2093,-2.5,1985,82.3
2096,0.5,1984,82.3
2097,1.4,1985,82.3
2095,-0.5,1986,82.3
2097,1.4,1986,82.3
2095,-0.6,1985,82.3
2097,1.4,1986,82.3
2096,0.3,1985,82.3
2095,-0.6,1983,82.3
2095,-0.6,1986,82.3
2093,-2.5,1988,82.3
2095,-0.5,1984,82.3
2095,-0.5,1984,82.3
2096,0.5,1984,82.3
2092,-3.3,1986,82.3
2097,1.6,1985,82.3
2098,2.5,1987,82.3
2095,-0.5,1987,82.3
2096,0.5,1986,82.3
2096,0.5,1986,82.3
2093,-2.4,1986,82.3
2095,-0.4,1986,82.3
2097,1.5,1987,82.3
2095,-0.5,1984,82.3
2097,1.5,1989,82.3
2097,1.4,1989,82.3
2096,0.4,1985,82.3
2096,0.4,1988,82.3
2098,2.3,1986,82.3
2096,0.3,1984,82.3
2097,1.2,1986,82.3
2098,2.1,1985,82.3
2095,-0.8,1988,82.3
2099,3.0,1986,82.3
2098,2.0,1988,82.3
2096,-0.0,1986,82.3
2098,1.9,1986,82.3
2097,0.9,1985,82.3
2097,0.8,1984,82.3
2097,0.8,1987,82.3
2099,2.7,1987,82.3
2097,0.6,1986,82.3
2098,1.6,1987,82.3
2098,1.5,1986,82.3
2098,1.5,1986,82.3
2096,-0.5,1987,82.3
2097,0.5,1986,82.3
2098,1.4,1989,82.3
2096,-0.6,1986,82.3
2095,-1.5,1987,82.3
2098,1.4,1991,82.3
2095,-1.5,1986,82.3
2096,-0.5,1985,82.3
2096,-0.5,1986,82.3
2100,3.4,1987,82.3
2098,1.3,1986,82.3
2097,0.3,1986,82.3
2099,2.2,1985,82.3
2099,2.1,1988,82.3
2095,-1.8,1987,82.3
2100,3.1,1988,82.3
2097,0.1,1986,82.3
2098,1.0,1987,82.3
2094,-2.8,1989,82.3
2097,0.2,1988,82.3
2097,0.1,1988,82.3
2096,-0.8,1987,82.3
2098,1.1,1990,82.3
2098,1.1,1990,82.3
2096,-0.9,1986,82.3
2099,2.0,1982,82.3
2097,0.0,1984,82.3
2099,2.0,1986,82.3
2098,0.9,1987,82.3
2099,1.8,1984,82.3
2099,1.8,1987,82.3
2097,-0.2,1987,82.3
2094,-3.1,1985,82.3
2096,-1.1,1988,82.3
2095,-2.0,1988,82.3
2099,1.9,1989,82.3
2097,-0.0,1987,82.3
2096,-1.0,1986,82.3
2099,1.9,1987,82.3
2098,0.9,1987,82.3
2101,3.7,1989,82.3
2097,-0.3,1985,82.3
2095,-2.2,1984,82.3
2098,0.8,1988,82.3
2098,0.8,1988,82.3
2098,0.7,1986,82.3
2097,-0.3,1988,82.3
2097,-0.3,1984,82.3
2096,-1.2,1987,82.3
2097,-0.2,1986,82.3
2098,0.8,1987,82.3
2099,1.7,1987,82.3
2099,1.6,1986,82.3
2099,1.6,1985,82.3
2097,-0.4,1987,82.3
2097,-0.4,1987,82.3
2099,1.5,1987,82.3
2097,-0.4,1988,82.3
2096,-1.4,1987,82.3
2097,-0.4,1987,82.3
2099,1.6,1988,82.3
2097,-0.4,1987,82.3
2096,-1.4,1985,82.3
2097,-0.3,1986,82.3
2100,2.5,1988,82.3
2098,0.5,1986,82.3
2099,1.5,1986,82.3
2098,0.4,1990,82.3
2099,1.4,1987,82.3
2098,0.4,1988,82.3
2096,-1.6,1986,82.3
2097,-0.5,1989,82.3
2099,1.4,1987,82.3
2098,0.4,1986,82.3
2096,-1.5,1988,82.3
2097,-0.5,1989,82.3
2100,2.4,1985,82.3
2099,1.3,1986,82.3
2096,-1.6,1988,82.3
2098,0.4,1989,82.3
2097,-0.6,1988,82.3
2098,0.4,1991,82.3
2097,-0.6,1988,82.3
2099,1.3,1985,82.3
2097,-0.6,1985,82.3
2097,-0.6,1988,82.3
2101,3.3,1987,82.3
2099,1.2,1987,82.3
2098,0.2,1986,82.3
2098,0.2,1985,82.3
2094,-3.7,1989,82.3
2096,-1.6,1987,82.3
2097,-0.6,1988,82.3
2099,1.4,1986,82.3
2096,-1.6,1986,82.3
2100,2.3,1987,82.3
2096,-1.6,1987,82.3
2096,-1.5,1987,82.3
2100,2.4,1985,82.3
2099,1.3,1987,82.3
2097,-0.7,1988,82.3
2100,2.3,1988,82.3
2097,-0.7,1986,82.3
2098,0.3,1989,82.3
2099,1.2,1987,82.3
2097,-0.7,1986,82.3
2098,0.2,1989,82.3
2098,0.2,1984,82.3
2097,-0.7,1987,82.3
2098,0.3,1985,82.3
2096,-1.7,1987,82.3
2098,0.3,1987,82.3
2096,-1.6,1988,82.3
2098,0.4,1986,82.3
2097,-0.6,1988,82.3
2097,-0.6,1988,82.3
2097,-0.6,1988,82.3
2096,-1.5,1983,82.3
2098,0.5,1986,82.3
2097,-0.5,1983,82.3
2097,-0.5,1988,82.3
2097,-0.5,1987,82.3
2096,-1.4,1986,82.3
2099,1.5,1988,82.3
2097,-0.4,1988,82.3
2096,-1.4,1988,82.3
2098,0.6,1987,82.3
2096,-1.4,1986,82.3
2100,2.5,1989,82.3
2097,-0.4,1986,82.3
2097,-0.4,1987,82.3
2097,-0.4,1986,82.3
2099,1.5,1989,82.3
2097,-0.5,1988,82.3
2100,2.4,1987,82.3
2100,2.3,1986,82.3
2096,-1.6,1987,82.3
2097,-0.6,1987,82.3
2100,2.3,1987,82.3
2097,-0.6,1989,82.3
2096,-1.6,1988,82.3
2098,0.4,1986,82.3
2097,-0.6,1987,82.3
2100,2.3,1988,82.3
2101,3.2,1987,82.3
2100,2.1,1985,82.3
2101,3.0,1987,82.3
2098,-0.0,1986,82.3
2098,-0.0,1988,82.3
2097,-1.0,1988,82.3
2099,1.0,1987,82.3
2098,-0.0,1989,82.3
2098,-0.0,1988,82.3
2096,-1.9,1987,82.3
2099,1.0,1986,82.3
2098,0.0,1986,82.3
2098,0.0,1989,82.3
2100,1.9,1986,82.3
2097,-1.0,1986,82.3
2098,-0.0,1987,82.3
2098,-0.0,1988,82.3
2099,0.9,1986,82.3
2099,0.9,1988,82.3
2100,1.8,1986,82.3
2096,-2.1,1988,82.3
2101,2.8,1988,82.3
2099,0.8,1985,82.3
2097,-1.2,1987,82.3
2100,1.7,1991,82.3
2098,-0.2,1987,82.3
2100,1.7,1989,82.3
2100,1.6,1990,82.3
2100,1.6,1986,82.3
2100,1.5,1986,82.3
2101,2.4,1987,82.3
2098,-0.6,1988,82.3
2097,-1.5,1991,82.3
2100,1.4,1987,82.3
2098,-0.6,1987,82.3
2097,-1.5,1988,82.3
2098,-0.5,1987,82.3
2100,1.5,1987,82.3
2099,0.4,1987,82.3
2099,0.4,1989,82.3
2099,0.4,1988,82.3
2101,2.3,1987,82.3
2099,0.3,1988,82.3
2098,-0.7,1991,82.3
2101,2.2,1987,82.3
2099,0.2,1987,82.3
2100,1.2,1985,82.3
2099,0.2,1986,82.3
2100,1.1,1987,82.3
2096,-2.8,1986,82.3
2099,0.2,1991,82.3
2097,-1.7,1988,82.3
2096,-2.6,1988,82.3
2099,0.4,1992,82.3
2099,0.4,1988,82.3
2097,-1.6,1986,82.3
2098,-0.5,1988,82.3
2100,1.4,1987,82.3
2101,2.3,1986,82.3
2100,1.3,1987,82.3
2101,2.2,1988,82.3
2099,0.2,1988,82.3
2098,-0.8,1990,82.3
2099,0.2,1987,82.3
2096,-2.7,1987,82.3
2100,1.2,1988,82.3
2100,1.2,1988,82.3
2100,1.1,1987,82.3
2099,0.1,1986,82.3
2101,2.1,1987,82.3
2099,0.1,1989,82.3
2098,-0.9,1990,82.3
2099,0.1,1988,82.3
2100,1.0,1989,82.3
2097,-1.9,1988,82.3
2098,-0.8,1990,82.3
2099,0.2,1988,82.3
2098,-0.8,1989,82.3
2098,-0.8,1988,82.3
2103,4.1,1985,82.3
2098,-0.9,1989,82.3
2100,1.0,1990,82.3
2099,0.0,1987,82.3
2096,-2.8,1989,82.3
2099,0.2,1987,82.3
2100,1.1,1990,82.3
2098,-0.9,1989,82.3
2100,1.1,1987,82.3
2097,-1.8,1990,82.3
2100,1.1,1988,82.3
2101,2.0,1989,82.3
2102,2.9,1990,82.3
2100,0.9,1989,82.3
2101,1.8,1989,82.3
2101,1.7,1988,82.3
2100,0.7,1989,82.3
2100,0.7,1989,82.3
2098,-1.3,1987,82.3
2100,0.7,1988,82.3
2099,-0.3,1988,82.3
2100,0.7,1988,82.3
2101,1.6,1991,82.3
2101,1.6,1988,82.3
2102,2.5,1989,82.3
2099,-0.5,1987,82.3
2101,1.4,1988,82.3
2100,0.4,1990,82.3
2102,2.3,1989,82.3
2100,0.3,1992,82.3
2101,1.2,1988,82.3
2100,0.2,1989,82.3
2101,1.2,1989,82.3
2102,2.1,1992,82.3
2100,0.1,1990,82.3
2102,2.0,1989,82.3
2101,1.0,1992,82.3
2101,0.9,1987,82.3
2101,0.9,1990,82.3
2105,4.7,1989,82.3
2102,1.6,1991,82.3
2101,0.6,1988,82.3
2100,-0.4,1988,82.3
2100,-0.4,1989,82.3
2101,0.6,1988,82.3
2101,0.6,1989,82.3
2097,-3.3,1989,82.3
2099,-1.2,1991,82.3
2098,-2.1,1988,82.3
2099,-1.1,1989,82.3
2098,-2.0,1988,82.3
2098,-1.9,1989,82.3
2097,-2.8,1990,82.3
2100,0.2,1989,82.3
2096,-3.7,1988,82.3
2100,0.3,1990,82.3
2098,-1.6,1989,82.3
2100,0.4,1992,82.3
2101,1.3,1990,82.3
2098,-1.6,1990,82.3
2099,-0.6,1990,82.3
2099,-0.6,1989,82.3
2099,-0.5,1988,82.3
2101,1.4,1988,82.3
2099,-0.6,1990,82.3
2102,2.3,1989,82.3
2100,0.3,1986,82.3
2099,-0.7,1989,82.3
2100,0.3,1989,82.3
2100,0.3,1988,82.3
2102,2.2,1988,82.3
2100,0.2,1991,82.3
2101,1.2,1988,82.3
2099,-0.8,1988,82.3
2101,1.1,1985,82.3
2099,-0.8,1986,82.3
2098,-1.7,1991,82.3
2099,-0.7,1989,82.3
2098,-1.6,1986,82.3
2100,0.3,1989,82.3
2098,-1.6,1987,82.3
2099,-0.6,1991,82.3
2099,-0.5,1989,82.3
2101,1.4,1987,82.3
2099,-0.6,1989,82.3
2098,-1.5,1990,82.3
2099,-0.5,1989,82.3
2099,-0.5,1989,82.3
2100,0.5,1989,82.3
2099,-0.5,1989,82.3
2098,-1.4,1992,82.3
2098,-1.4,1992,82.3
2100,0.6,1989,82.3
2101,1.5,1987,82.3
2099,-0.4,1987,82.3
2101,1.5,1990,82.3
2100,0.5,1988,82.3
2103,3.3,1990,82.3
2101,1.3,1990,82.3
2099,-0.7,1989,82.3
2099,-0.7,1990,82.3
2099,-0.6,1988,82.3
2100,0.4,1989,82.3
2097,-2.5,1987,82.3
2098,-1.5,1989,82.3
2099,-0.5,1989,82.3
2101,1.5,1989,82.3
2099,-0.5,1986,82.3
2099,-0.5,1988,82.3
2097,-2.4,1988,82.3
2099,-0.4,1987,82.3
2099,-0.3,1988,82.3
2097,-2.3,1989,82.3
2098,-1.2,1991,82.3
2096,-3.1,1989,82.3
2097,-2.0,1989,82.3
2100,1.0,1987,82.3
2097,-2.0,1990,82.3
2099,0.0,1990,82.3
2099,0.0,1989,82.3
2100,1.0,1989,82.3
2097,-1.9,1991,82.3
2097,-1.8,1989,82.3
2100,1.1,1988,82.3
2099,0.1,1988,82.3
2100,1.1,1988,82.3
2097,-1.9,1990,82.3
2098,-0.8,1988,82.3
2099,0.2,1990,82.3
2098,-0.8,1988,82.3
2098,-0.8,1987,82.3
2098,-0.7,1989,82.3
2099,0.3,1987,82.3
2100,1.2,1989,82.3
2098,-0.8,1988,82.3
2100,1.2,1990,82.3
2097,-1.7,1988,82.3
2098,-0.7,1989,82.3
2101,2.2,1990,82.3
2099,0.2,1989,82.3
2098,-0.8,1989,82.3
2100,1.2,1990,82.3
2097,-1.8,1988,82.3
2096,-2.6,1986,82.3
2096,-2.5,1987,82.3
2098,-0.5,1990,82.3
2098,-0.5,1988,82.3
2098,-0.5,1989,82.3
2098,-0.5,1989,82.3
2097,-1.4,1990,82.3
2098,-0.4,1989,82.3
2096,-2.3,1990,82.3
2100,1.6,1990,82.3
2097,-1.3,1986,82.3
2101,2.6,1989,82.3
2099,0.6,1989,82.3
2100,1.5,1990,82.3
2100,1.4,1990,82.3
2099,0.4,1988,82.3
2097,-1.5,1991,82.3
2099,0.5,1990,82.3
2098,-0.5,1989,82.3
2101,2.4,1988,82.3
2098,-0.6,1991,82.3
2099,0.4,1990,82.3
2100,1.3,1989,82.3
2101,2.2,1990,82.3
2099,0.2,1991,82.3
2101,2.1,1990,82.3
2100,1.1,1991,82.3
2101,2.0,1991,82.3
2101,1.9,1988,82.3
2101,1.9,1990,82.3
2102,2.7,1989,82.3
2099,-0.2,1990,82.3
2103,3.6,1992,82.3
2101,1.5,1991,82.3
2101,1.5,1990,82.3
2102,2.4,1989,82.3
2099,-0.6,1990,82.3
2101,1.3,1993,82.3
2099,-0.6,1990,82.3
2103,3.2,1992,82.3
2100,0.2,1991,82.3
2103,3.1,1993,82.3
2102,2.0,1992,82.3
2101,1.0,1991,82.3
2100,-0.0,1989,82.3
2100,-0.0,1989,82.3
2099,-1.0,1988,82.3
2102,1.9,1990,82.3
2099,-1.0,1992,82.3
2098,-1.9,1991,82.3
2100,0.1,1991,82.3
2101,1.0,1990,82.3
2098,-1.9,1991,82.3
2101,1.1,1992,82.3
2100,0.1,1991,82.3
2101,1.0,1990,82.3
2102,1.9,1990,82.3
2105,4.7,1993,82.3
2100,-0.3,1989,82.3
2099,-1.2,1992,82.3
2101,0.8,1990,82.3
2102,1.7,1993,82.3
2099,-1.3,1990,82.3
2103,2.6,1993,82.3
2104,3.5,1993,82.3
2104,3.3,1992,82.3
2101,0.3,1993,82.3
2103,2.2,1992,82.3
2105,4.1,1993,82.3
2103,2.0,1990,82.3
2104,2.9,1992,82.3
2104,2.8,1993,82.3
2105,3.6,1993,82.3
2103,1.5,1991,82.3
2102,0.5,1994,82.3
2100,-1.4,1992,82.3
2106,4.4,1994,82.3
2105,3.3,1993,82.3
2105,3.1,1994,82.3
2107,4.9,1994,82.3
2106,3.8,1995,82.3
2101,-1.2,1995,82.3
2105,2.7,1995,82.3
2106,3.6,1993,82.3
2107,4.4,1995,82.3
2104,1.3,1993,82.3
2105,2.2,1995,82.3
2105,2.1,1991,82.3
2104,1.1,1994,82.3
2101,-1.8,1996,82.3
2106,3.0,1994,82.3
2105,2.0,1991,82.3
2106,2.8,1993,82.3
2107,3.7,1993,82.3
2103,-0.3,1993,82.3
2107,3.6,1994,82.3
2106,2.4,1992,82.3
2108,4.3,1994,82.3
2105,1.2,1994,82.3
2105,1.2,1995,82.3
2107,3.0,1994,82.3
2107,2.9,1993,82.3
2104,-0.1,1995,82.3
2104,-0.1,1993,82.3
2106,1.9,1993,82.3
2105,0.8,1995,82.3
2105,0.8,1993,82.3
2105,0.8,1993,82.3
2104,-0.2,1994,82.3
2104,-0.2,1997,82.3
2105,0.7,1993,82.3
2103,-1.2,1995,82.3
2107,2.7,1994,82.3
2104,-0.3,1994,82.3
2107,2.6,1994,82.3
2105,0.6,1996,82.3
2106,1.5,1993,82.3
2103,-1.4,1994,82.3
2104,-0.4,1994,82.3
2105,0.6,1994,82.3
2107,2.5,1993,82.3
2104,-0.5,1997,82.3
2106,1.4,1995,82.3
2106,1.4,1998,82.3
2106,1.3,1998,82.3
2106,1.3,1996,82.3
2103,-1.7,1994,82.3
2106,1.3,1993,82.3
2107,2.2,1995,82.3
2105,0.2,1996,82.3
2108,3.0,1994,82.3
2108,2.9,1994,82.3
2105,-0.1,1993,82.3
2106,0.9,1994,82.3
2104,-1.1,1996,82.3
2105,-0.1,1993,82.3
2104,-1.0,1994,82.3
2104,-1.0,1994,82.3
2106,1.0,1992,82.3
2106,0.9,1994,82.3
2104,-1.0,1993,82.3
2105,-0.0,1996,82.3
2104,-1.0,1993,82.3
2107,1.9,1995,82.3
2107,1.9,1994,82.3
2104,-1.1,1994,82.3
2104,-1.0,1996,82.3
2106,0.9,1994,82.3
2107,1.8,1995,82.3
2105,-0.2,1994,82.3
2105,-0.1,1996,82.3
2106,0.8,1994,82.3
2107,1.7,1993,82.3
2105,-0.2,1996,82.3
2106,0.7,1997,82.3
2108,2.6,1995,82.3
2106,0.6,1994,82.3
2108,2.5,1995,82.3
2107,1.4,1995,82.3
2104,-1.5,1995,82.3
2106,0.5,1994,82.3
2107,1.4,1994,82.3
2106,0.4,1996,82.3
2105,-0.6,1995,82.3
2105,-0.6,1993,82.3
2107,1.4,1996,82.3
2107,1.3,1994,82.3
2105,-0.6,1993,82.3
2105,-0.6,1992,82.3
2107,1.3,1997,82.3
2105,-0.6,1995,82.3
2106,0.3,1992,82.3
2108,2.2,1995,82.3
2106,0.2,1992,82.3
2107,1.2,1995,82.3
2105,-0.8,1997,82.3
2105,-0.7,1994,82.3
2109,3.1,1994,82.3
2105,-0.8,1995,82.3
2105,-0.8,1993,82.3
2108,2.1,1995,82.3
2105,-0.9,1994,82.3
2106,0.1,1998,82.3
2106,0.1,1995,82.3
2106,0.1,1994,82.3
2107,1.1,1995,82.3
2107,1.0,1992,82.3
2108,2.0,1995,82.3
2109,2.8,1991,82.3
2109,2.7,1995,82.3
2106,-0.3,1994,82.3
2107,0.7,1994,82.3
2107,0.7,1994,82.3
2105,-1.3,1996,82.3
2106,-0.3,1997,82.3
2107,0.7,1992,82.3
2107,0.7,1996,82.3
2106,-0.3,1995,82.3
2107,0.7,1995,82.3
2107,0.6,1997,82.3
2106,-0.3,1994,82.3
2108,1.6,1992,82.3
2108,1.5,1996,82.3
2108,1.5,1994,82.3
2108,1.4,1994,82.3
2107,0.4,1994,82.3
2105,-1.5,1996,82.3
2106,-0.5,1996,82.3
2107,0.5,1995,82.3
2106,-0.5,1995,82.3
2107,0.5,1995,82.3
2107,0.4,1993,82.3
2107,0.4,1995,82.3
2109,2.3,1996,82.3
2106,-0.6,1995,82.3
2110,3.2,1995,82.3
2105,-1.7,1995,82.3
2108,1.2,1995,82.3
2108,1.2,1994,82.3
2105,-1.7,1996,82.3
2107,0.3,1994,82.3
2108,1.2,1993,82.3
2107,0.2,1996,82.3
2107,0.2,1995,82.3
2108,1.1,1995,82.3
2107,0.1,1993,82.3
2105,-1.8,1996,82.3
2107,0.2,1995,82.3
2107,0.2,1994,82.3
2107,0.2,1995,82.3
2108,1.1,1993,82.3
2105,-1.8,1996,82.3
2107,0.2,1995,82.3
2104,-2.7,1992,82.3
2106,-0.7,1995,82.3
2108,1.3,1995,82.3
2107,0.3,1996,82.3
2106,-0.7,1994,82.3
2104,-2.6,1997,82.3
2108,1.4,1997,82.3
2106,-0.6,1998,82.3
2105,-1.6,1995,82.3
2107,0.4,1995,82.3
2106,-0.5,1991,82.3
2105,-1.5,1995,82.3
2106,-0.5,1993,82.3
2105,-1.4,1994,82.3
2107,0.6,1996,82.3
2106,-0.4,1994,82.3
2105,-1.4,1996,82.3
2102,-4.2,1998,82.3
2104,-2.1,1993,82.3
2105,-1.1,1997,82.3
2106,-0.1,1993,82.3
2106,-0.0,1991,82.3
2106,-0.0,1997,82.3
2106,-0.0,1995,82.3
2108,1.9,1994,82.3
2108,1.8,1995,82.3
2108,1.7,1993,82.3
2106,-0.3,1992,82.3
2107,0.7,1994,82.3
2107,0.7,1997,82.3
2108,1.6,1993,82.3
2105,-1.3,1994,82.3
2107,0.6,1991,82.3
2106,-0.3,1995,82.3
2106,-0.3,1997,82.3
2107,0.6,1994,82.3
2107,0.6,1996,82.3
2108,1.6,1995,82.3
2106,-0.4,1995,82.3
2104,-2.3,1996,82.3
2108,1.6,1995,82.3
2107,0.6,1995,82.3
2108,1.5,1997,82.3
2108,1.5,1994,82.3
2107,0.4,1993,82.3
2108,1.4,1995,82.3
2109,2.3,1997,82.3
2106,-0.7,1994,82.3
2105,-1.6,1995,82.3
2108,1.3,1995,82.3
2106,-0.6,1996,82.3
2107,0.3,1993,82.3
2109,2.2,1993,82.3
2106,-0.7,1992,82.3
2107,0.3,1995,82.3
2106,-0.7,1997,82.3
2108,1.2,1995,82.3
2104,-2.6,1996,82.3
2108,1.3,1995,82.3
2108,1.2,1993,82.3
2107,0.2,1994,82.3
2103,-3.6,1990,82.3
2106,-0.6,1993,82.3
2105,-1.5,1995,82.3
2106,-0.5,1994,82.3
2106,-0.5,1997,82.3
2108,1.5,1995,82.3
2105,-1.5,1993,82.3
2107,0.5,1992,82.3
2107,0.5,1993,82.3
2105,-1.5,1992,82.3
2108,1.5,1996,82.3
2107,0.5,1995,82.3
2107,0.4,1995,82.3
2108,1.4,1995,82.3
2102,-4.4,1995,82.3
2106,-0.4,1995,82.3
2106,-0.4,1995,82.3
2108,1.5,1993,82.3
2105,-1.4,1997,82.3
2106,-0.4,1996,82.3
2107,0.6,1993,82.3
2107,0.6,1995,82.3
2107,0.5,1993,82.3
2105,-1.4,1994,82.3
2107,0.6,1993,82.3
2105,-1.4,1994,82.3
2104,-2.3,1993,82.3
2106,-0.3,1993,82.3
2103,-3.1,1995,82.3
2106,-0.1,1994,82.3
2106,-0.1,1994,82.3
2105,-1.1,1996,82.3
2106,-0.1,1994,82.3
2104,-2.0,1994,82.3
2104,-1.9,1994,82.3
2104,-1.8,1995,82.3
2103,-2.7,1997,82.3
2104,-1.7,1997,82.3
2105,-0.6,1995,82.3
2105,-0.6,1995,82.3
2104,-1.5,1994,82.3
2106,0.4,1994,82.3
2105,-0.5,1993,82.3
2108,2.4,1993,82.3
2106,0.4,1994,82.3
2105,-0.6,1993,82.3
2105,-0.6,1993,82.3
2105,-0.6,1994,82.3
2106,0.4,1996,82.3
2106,0.4,1995,82.3
2107,1.3,1996,82.3
2106,0.3,1993,82.3
2104,-1.6,1995,82.3
2107,1.3,1994,82.3
2105,-0.6,1995,82.3
2104,-1.6,1995,82.3
2104,-1.5,1994,82.3
2108,2.4,1992,82.3
2104,-1.5,1995,82.3
2104,-1.5,1994,82.3
2103,-2.4,1995,82.3
2108,2.5,1995,82.3
2105,-0.5,1996,82.3
2105,-0.4,1998,82.3
2106,0.5,1994,82.3
2105,-0.5,1993,82.3
2106,0.5,1992,82.3
2104,-1.4,1994,82.3
2105,-0.4,1995,82.3
2108,2.5,1994,82.3
2106,0.5,1993,82.3
2101,-4.3,1996,82.3
2104,-1.3,1996,82.3
2106,0.7,1994,82.3
2105,-0.3,1994,82.3
2105,-0.3,1994,82.3
2105,-0.3,1993,82.3
2107,1.7,1996,82.3
2107,1.6,1995,82.3
2107,1.5,1996,82.3
2107,1.5,1993,82.3
2105,-0.5,1994,82.3
2104,-1.5,1994,82.3
2108,2.4,1992,82.3
2101,-4.4,1999,82.3
2106,0.6,1996,82.3
2105,-0.4,1996,82.3
2105,-0.4,1993,82.3
2105,-0.4,1995,82.3
2105,-0.3,1996,82.3
2107,1.6,1993,82.3
2106,0.6,1995,82.3
2106,0.5,1994,82.3
2104,-1.4,1996,82.3
2105,-0.4,1996,82.3
2104,-1.3,1994,82.3
2105,-0.3,1994,82.3
2106,0.7,1997,82.3
2105,-0.3,1996,82.3
2107,1.6,1993,82.3
2106,0.6,1995,82.3
2104,-1.4,1994,82.3
2104,-1.3,1992,82.3
2107,1.6,1994,82.3
2104,-1.3,1994,82.3
2106,0.7,1997,82.3
2106,0.6,1995,82.3
2106,0.6,1995,82.3
2107,1.5,1993,82.3
2103,-2.4,1996,82.3
2107,1.6,1994,82.3
2103,-2.3,1994,82.3
2106,0.6,1995,82.3
2108,2.5,1995,82.3
2103,-2.4,1992,82.3
2110,4.4,1997,82.3
2105,-0.5,1993,82.3
2103,-2.4,1992,82.3
2108,2.5,1993,82.3
2104,-1.5,1995,82.3
2106,0.5,1998,82.3
2106,0.5,1998,82.3
2105,-0.5,1996,82.3
2106,0.5,1995,82.3
2106,0.5,1993,82.3
2104,-1.5,1994,82.3
2104,-1.4,1992,82.3
2108,2.5,1995,82.3
2106,0.5,1995,82.3
2105,-0.5,1995,82.3
2104,-1.5,1996,82.3
2102,-3.3,1994,82.3
2106,0.7,1995,82.3
2108,2.6,1996,82.3
2104,-1.4,1995,82.3
2104,-1.3,1995,82.3
2105,-0.3,1995,82.3
2104,-1.3,1994,82.3
2107,1.7,1994,82.3
2106,0.6,1993,82.3
2106,0.6,1994,82.3
2105,-0.4,1997,82.3
2108,2.5,1995,82.3
2105,-0.5,1993,82.3
2109,3.4,1997,82.3
2107,1.3,1994,82.3
2103,-2.6,1997,82.3
2105,-0.5,1999,82.3
2105,-0.5,1993,82.3
2105,-0.5,1996,82.3
2101,-4.3,1994,82.3
2105,-0.3,1993,82.3
2104,-1.2,1997,82.3
2108,2.6,1992,82.3
2107,1.6,1992,82.3
2104,-1.4,1993,82.3
2105,-0.3,1995,82.3
2105,-0.3,1996,82.3
2107,1.6,1996,82.3
2105,-0.4,1994,82.3
2106,0.6,1995,82.3
2104,-1.4,1992,82.3
2105,-0.3,1995,82.3
2103,-2.2,1992,82.3
2103,-2.2,1994,82.3
2106,0.8,1991,82.3
2103,-2.1,1992,82.3
2104,-1.1,1988,82.3
2102,-2.9,1996,82.3
2103,-1.9,1991,82.3
2103,-1.8,1992,82.3
2104,-0.8,1991,82.3
2105,0.2,1991,82.3
2103,-1.7,1994,82.3
2104,-0.7,1992,82.3
2102,-2.6,1990,82.3
2105,0.4,1992,82.3
2104,-0.6,1993,82.3
2103,-1.5,1992,82.3
2102,-2.4,1995,82.3
2106,1.5,1993,82.3
2103,-1.4,1991,82.3
2103,-1.3,1990,82.3
2103,-1.3,1988,82.3
2103,-1.2,1990,82.3
2104,-0.2,1990,82.3
2103,-1.2,1993,82.3
2103,-1.1,1991,82.3
2103,-1.1,1991,82.3
2102,-2.0,1992,82.3
2099,-4.8,1992,82.3
2103,-0.8,1988,82.3
2102,-1.7,1993,82.3
2107,3.2,1993,82.3
2102,-1.8,1993,82.3
2105,1.2,1991,82.3
2106,2.1,1989,82.3
2105,1.1,1992,82.3
2102,-1.9,1993,82.3
2104,0.1,1992,82.3
2104,0.1,1996,82.3
2104,0.1,1991,82.3
2101,-2.8,1993,82.3
2106,2.1,1991,82.3
2105,1.1,1992,82.3
2102,-1.8,1994,82.3
2103,-0.8,1992,82.3
2106,2.1,1993,82.3
2103,-0.8,1994,82.3
2103,-0.8,1993,82.3
2101,-2.7,1993,82.3
2103,-0.7,1993,82.3
2104,0.3,1993,82.3
2106,2.2,1992,82.3
2101,-2.7,1994,82.3
2104,0.3,1993,82.3
2106,2.2,1990,82.3
2106,2.1,1994,82.3
2107,3.0,1993,82.3
2105,1.0,1994,82.3
2106,1.9,1997,82.3
2104,-0.1,1995,82.3
2106,1.8,1994,82.3
2105,0.8,1993,82.3
2105,0.8,1995,82.3
2105,0.7,1993,82.3
2105,0.7,1992,82.3
2105,0.7,1997,82.3
2107,2.6,1994,82.3
2104,-0.4,1994,82.3
2106,1.5,1994,82.3
2106,1.5,1994,82.3
2105,0.4,1995,82.3
2107,2.3,1995,82.3
2104,-0.6,1994,82.3
2106,1.3,1994,82.3
2105,0.3,1994,82.3
2105,0.3,1994,82.3
2106,1.2,1995,82.3
2105,0.2,1997,82.3
2107,2.1,1996,82.3
2107,2.1,1995,82.3
2107,2.0,1991,82.3
2107,1.9,1995,82.3
2108,2.8,1994,82.3
2107,1.7,1996,82.3
2106,0.7,1996,82.3
2104,-1.3,1992,82.3
2102,-3.1,1994,82.3
2105,-0.1,1995,82.3
2104,-1.1,1994,82.3
2106,0.9,1994,82.3
2107,1.8,1993,82.3
2107,1.7,1996,82.3
2108,2.6,1992,82.3
2109,3.5,1995,82.3
2107,1.4,1994,82.3
2109,3.3,1993,82.3
2107,1.2,1996,82.3
2107,1.2,1994,82.3
2106,0.2,1994,82.3
2108,2.1,1994,82.3
2106,0.1,1994,82.3
2109,3.0,1993,82.3
2108,1.9,1996,82.3
2108,1.8,1995,82.3
2108,1.7,1994,82.3
2105,-1.2,1994,82.3
2108,1.7,1993,82.3
2108,1.6,1997,82.3
2105,-1.3,1996,82.3
2104,-2.2,1994,82.3
2105,-1.2,1994,82.3
2106,-0.2,1994,82.3
2106,-0.1,1993,82.3
2107,0.8,1994,82.3
2106,-0.2,1996,82.3
2106,-0.2,1997,82.3
2107,0.8,1996,82.3
2105,-1.2,1995,82.3
2108,1.8,1996,82.3
2105,-1.2,1995,82.3
2106,-0.2,1994,82.3
2108,1.8,1995,82.3
2108,1.7,1995,82.3
2107,0.7,1994,82.3
2105,-1.3,1994,82.3
2108,1.6,1995,82.3
2107,0.6,1992,82.3
2109,2.5,1996,82.3
2108,1.5,1994,82.3
2106,-0.5,1994,82.3
2106,-0.5,1995,82.3
2106,-0.5,1997,82.3
2106,-0.5,1992,82.3
2107,0.5,1995,82.3
2106,-0.5,1996,82.3
2109,2.4,1997,82.3
2108,1.4,1994,82.3
2104,-2.5,1991,82.3
2108,1.4,1993,82.3
2109,2.3,1993,82.3
2111,4.2,1996,82.3
2110,3.0,1992,82.3
2108,1.0,1994,82.3
2109,1.9,1993,82.3
2104,-3.0,1995,82.3
2105,-1.9,1993,82.3
2106,-0.9,1994,82.3
2107,0.1,1993,82.3
2106,-0.8,1994,82.3
2108,1.1,1993,82.3
2107,0.1,1994,82.3
2106,-0.8,1996,82.3
2106,-0.8,1994,82.3
2108,1.1,1994,82.3
2108,1.1,1995,82.3
2106,-0.9,1995,82.3
2108,1.1,1995,82.3
2107,0.1,1994,82.3
2107,0.1,1994,82.3
2107,0.1,1996,82.3
2107,0.1,1997,82.3
2107,0.1,1993,82.3
2106,-0.9,1996,82.3
2107,0.1,1995,82.3
2109,2.0,1995,82.3
2108,1.0,1997,82.3
2107,-0.0,1996,82.3
2111,3.8,1992,82.3
2108,0.8,1996,82.3
2108,0.8,1995,82.3
2107,-0.2,1997,82.3
2109,1.7,1995,82.3
2109,1.6,1997,82.3
2113,5.4,1998,82.3
2109,1.3,1998,82.3
2109,1.3,1998,82.3
2108,0.3,1996,82.3
2108,0.3,1997,82.3
2110,2.2,1998,82.3
2109,1.1,1997,82.3
2110,2.0,1997,82.3
2108,0.0,1998,82.3
2112,3.9,1996,82.3
2111,2.8,1997,82.3
2112,3.6,1998,82.3
2112,3.5,1995,82.3
2108,-0.5,1996,82.3
2107,-1.4,1996,82.3
2110,1.5,1997,82.3
2110,1.4,1995,82.3
2109,0.4,1995,82.3
2109,0.4,1995,82.3
2109,0.4,1996,82.3
2109,0.4,2000,82.3
2107,-1.6,1998,82.3
2109,0.4,1997,82.3
2107,-1.5,1994,82.3
2107,-1.5,1992,82.3
2110,1.5,1999,82.3
2111,2.4,1996,82.3
2113,4.2,1997,82.3
2107,-1.7,1995,82.3
2105,-3.6,1994,82.3
2106,-2.5,1998,82.3
2105,-3.3,1996,82.3
2109,0.6,1995,82.3
2108,-0.3,1996,82.3
2108,-0.3,1996,82.3
2107,-1.3,1996,82.3
2107,-1.2,1995,82.3
2108,-0.2,1994,82.3
2108,-0.2,1994,82.3
2106,-2.1,1994,82.3
2107,-1.1,1996,82.3
2107,-1.0,1996,82.3
2106,-2.0,1995,82.3
2107,-0.9,1996,82.3
2108,0.1,1995,82.3
2109,1.0,1995,82.3
2109,1.0,1995,82.3
2108,-0.0,1996,82.3
2107,-1.0,1995,82.3
2104,-3.8,1995,82.3
2107,-0.8,1998,82.3
2108,0.2,1994,82.3
2111,3.1,1993,82.3
2107,-0.9,1995,82.3
2107,-0.8,1996,82.3
2108,0.2,1995,82.3
2109,1.1,1996,82.3
2106,-1.8,1997,82.3
2108,0.2,1996,82.3
2108,0.2,1996,82.3
2108,0.2,1997,82.3
2108,0.2,1995,82.3
2109,1.1,1998,82.3
2107,-0.9,1995,82.3
2106,-1.8,1996,82.3
2108,0.2,1996,82.3
2109,1.2,1993,82.3
2107,-0.8,1995,82.3
2108,0.2,1999,82.3
2107,-0.8,1996,82.3
2109,1.2,1996,82.3
2108,0.2,1994,82.3
2110,2.1,1996,82.3
2111,3.0,1994,82.3
2109,0.9,1994,82.3
2110,1.8,1995,82.3
2108,-0.2,1992,82.3
2108,-0.1,1994,82.3
2108,-0.1,1996,82.3
2106,-2.1,1999,82.3
2105,-2.9,1996,82.3
2108,0.1,1995,82.3
2109,1.0,1994,82.3
2108,0.0,1993,82.3
2106,-1.9,1994,82.3
2109,1.1,1994,82.3
2111,2.9,1996,82.3
2110,1.9,1993,82.3
2106,-2.1,1995,82.3
2107,-1.0,1994,82.3
2108,-0.0,1994,82.3
2107,-1.0,1993,82.3
2108,0.0,1992,82.3
2105,-2.9,1994,82.3
2105,-2.7,1995,82.3
2108,0.2,1997,82.3
2107,-0.7,1994,82.3
2108,0.3,1994,82.3
2106,-1.7,1997,82.3
2108,0.3,1994,82.3
2106,-1.6,1995,82.3
2106,-1.5,1992,82.3
2105,-2.4,1997,82.3
2106,-1.4,1995,82.3
2107,-0.4,1996,82.3
2106,-1.3,1996,82.3
2107,-0.3,1994,82.3
2104,-3.2,1998,82.3
2106,-1.1,1992,82.3
2104,-3.0,1995,82.3
2106,-1.0,1996,82.3
2104,-2.8,1997,82.3
2106,-0.8,1995,82.3
2107,0.2,1994,82.3
2107,0.2,1996,82.3
2107,0.2,1995,82.3
2106,-0.8,1995,82.3
2108,1.2,1993,82.3
2107,0.1,1995,82.3
2108,1.1,1995,82.3
2110,3.0,1993,82.3
2108,0.9,1995,82.3
2107,-0.1,1993,82.3
2108,0.9,1995,82.3
2109,1.8,1995,82.3
2109,1.8,1994,82.3
2107,-0.2,1995,82.3
2108,0.7,1995,82.3
2107,-0.3,1996,82.3
2107,-0.2,1993,82.3
2107,-0.2,1995,82.3
2108,0.7,1994,82.3
2106,-1.2,1996,82.3
2105,-2.1,1995,82.3
2106,-1.1,1994,82.3
2105,-2.0,1996,82.3
2107,0.0,1993,82.3
2106,-1.0,1995,82.3
2104,-2.8,1996,82.3
2107,0.2,1996,82.3
2107,0.1,1994,82.3
2106,-0.8,1992,82.3
2106,-0.8,1995,82.3
2107,0.2,1994,82.3
2110,3.1,1995,82.3
2109,2.0,1994,82.3
2103,-3.8,1993,82.3
2107,0.1,1996,82.3
2104,-2.7,1994,82.3
2107,0.3,1993,82.3
2106,-0.7,1997,82.3
2106,-0.7,1994,82.3
2105,-1.6,1994,82.3
2106,-0.6,1994,82.3
2106,-0.6,1996,82.3
2105,-1.5,1996,82.3
2105,-1.4,1995,82.3
2106,-0.4,1997,82.3
2107,0.5,1995,82.3
2107,0.5,1992,82.3
2109,2.4,1994,82.3
2107,0.4,1995,82.3
2107,0.4,1995,82.3
2107,0.4,1994,82.3
2108,1.3,1995,82.3
2107,0.3,1995,82.3
2109,2.2,1996,82.3
2107,0.2,1992,82.3
2109,2.1,1994,82.3
2106,-0.8,1995,82.3
2110,3.0,1994,82.3
2107,0.0,1995,82.3
2106,-0.9,1995,82.3
2109,2.0,1994,82.3
2108,0.9,1994,82.3
2110,2.8,1995,82.3
2107,-0.2,1996,82.3
2106,-1.1,1994,82.3
2108,0.8,1997,82.3
2111,3.7,1994,82.3
2109,1.6,1997,82.3
2110,2.5,1994,82.3
2108,0.5,1996,82.3
2105,-2.4,1994,82.3
2109,1.5,1995,82.3
2110,2.4,1998,82.3
2108,0.4,1997,82.3
2108,0.4,1996,82.3
2110,2.3,1998,82.3
2110,2.2,1996,82.3
2110,2.1,1996,82.3
2109,1.1,1995,82.3
2108,0.1,1995,82.3
2110,2.0,1995,82.3
2108,-0.0,1996,82.3
2110,1.9,1995,82.3
2110,1.8,1996,82.3
2107,-1.1,1997,82.3
2109,0.8,1996,82.3
2111,2.7,1994,82.3
2109,0.7,1994,82.3
2109,0.7,1995,82.3
2110,1.6,1997,82.3
2111,2.5,1998,82.3
2111,2.4,1997,82.3
2109,0.4,1996,82.3
2109,0.4,1996,82.3
2108,-0.6,1996,82.3
2107,-1.5,1996,82.3
2109,0.4,1997,82.3
2110,1.4,1995,82.3
2108,-0.6,1997,82.3
2107,-1.5,1995,82.3
2109,0.5,1995,82.3
2108,-0.5,1996,82.3
2112,3.3,1994,82.3
2108,-0.6,1995,82.3
2108,-0.6,1995,82.3
2109,0.4,1995,82.3
2110,1.3,1995,82.3
2108,-0.7,1996,82.3
2109,0.3,1996,82.3
2109,0.3,1996,82.3
2109,0.3,1996,82.3
2108,-0.7,1996,82.3
2109,0.3,1997,82.3
2111,2.2,1994,82.3
2110,1.2,1992,82.3
2110,1.1,1993,82.3
2111,2.0,1995,82.3
2110,1.0,1995,82.3
2109,0.0,1996,82.3
2109,0.0,1997,82.3
2112,2.9,1998,82.3
2109,-0.1,1995,82.3
2109,-0.1,1998,82.3
2111,1.8,1996,82.3
2109,-0.2,1996,82.3
2108,-1.1,1997,82.3
2112,2.8,1996,82.3
2107,-2.2,1995,82.3
2110,0.8,1996,82.3
2107,-2.1,1995,82.3
2108,-1.1,1996,82.3
2112,2.8,1996,82.3
2107,-2.1,1997,82.3
2108,-1.0,1996,82.3
2108,-1.0,1995,82.3
2109,-0.0,1997,82.3
2106,-2.9,1996,82.3
2109,0.1,1996,82.3
2108,-0.9,1996,82.3
2108,-0.8,1995,82.3
2110,1.1,1995,82.3
2111,2.1,1998,82.3
2111,2.0,1996,82.3
2109,-0.0,2000,82.3
2108,-1.0,1995,82.3
2109,0.0,1995,82.3
2109,0.0,1995,82.3
2108,-1.0,1994,82.3
2110,1.0,1996,82.3
2109,0.0,1997,82.3
2109,0.0,1995,82.3
2108,-1.0,1993,82.3
2107,-1.9,1999,82.3
2111,2.0,1995,82.3
2109,0.0,1994,82.3
2108,-0.9,1993,82.3
2110,1.0,1994,82.3
2107,-1.9,1996,82.3
2111,2.0,1994,82.3
2108,-0.9,1996,82.3
2109,0.1,1995,82.3
2113,3.9,1996,82.3
2110,0.9,1995,82.3
2110,0.8,1994,82.3
2109,-0.2,1995,82.3
2111,1.8,1997,82.3
2108,-1.2,1997,82.3
2111,1.7,1995,82.3
2108,-1.2,1994,82.3
2111,1.7,1997,82.3
2109,-0.3,1994,82.3
2112,2.6,1996,82.3
2110,0.6,1995,82.3
2109,-0.4,1996,82.3
2111,1.5,1998,82.3
2110,0.5,1994,82.3
2109,-0.5,1997,82.3
2109,-0.4,1995,82.3
2111,1.5,1994,82.3
2112,2.4,1999,82.3
2108,-1.5,1994,82.3
2111,1.4,1998,82.3
2110,0.4,1998,82.3
2110,0.4,1994,82.3
2109,-0.6,1996,82.3
2109,-0.6,1998,82.3
2109,-0.6,1997,82.3
2109,-0.5,1998,82.3
2111,1.4,1998,82.3
2109,-0.6,1997,82.3
2112,2.3,1993,82.3
2107,-2.6,1996,82.3
2109,-0.5,1995,82.3
2110,0.4,1994,82.3
2109,-0.5,1994,82.3
2109,-0.5,1997,82.3
2111,1.4,1995,82.3
2113,3.3,1996,82.3
2109,-0.7,1995,82.3
2110,0.3,1995,82.3
2106,-3.5,1997,82.3
2110,0.4,1996,82.3
2112,2.3,1997,82.3
2108,-1.6,1995,82.3
2111,1.4,1996,82.3
2109,-0.6,1996,82.3
2111,1.3,1995,82.3
2110,0.3,1993,82.3
2107,-2.6,1998,82.3
2109,-0.6,1997,82.3
2107,-2.5,1996,82.3
2110,0.5,1998,82.3
2109,-0.5,1996,82.3
2109,-0.4,1996,82.3
2109,-0.4,1994,82.3
2110,0.6,1994,82.3
2107,-2.3,1996,82.3
2110,0.6,1995,82.3
2111,1.6,1998,82.3
2108,-1.4,1996,82.3
2109,-0.4,1996,82.3
2111,1.6,1995,82.3
2109,-0.4,1995,82.3
2112,2.5,1997,82.3
2110,0.5,1993,82.3
2108,-1.5,1995,82.3
2110,0.5,1995,82.3
2110,0.5,1996,82.3
2109,-0.5,1994,82.3
2110,0.5,1994,82.3
2111,1.4,1998,82.3
2111,1.4,1995,82.3
2107,-2.5,1997,82.3
2106,-3.4,1995,82.3
2109,-0.4,1993,82.3
2108,-1.3,1995,82.3
2108,-1.3,1994,82.3
2110,0.7,1995,82.3
2110,0.7,1997,82.3
2109,-0.3,1995,82.3
2109,-0.3,1994,82.3
2111,1.6,1996,82.3
2110,0.6,1997,82.3
2108,-1.3,1994,82.3
2108,-1.3,1993,82.3
2108,-1.2,1997,82.3
2109,-0.2,1996,82.3
2108,-1.2,1995,82.3
2108,-1.1,1997,82.3
2108,-1.1,1995,82.3
2108,-1.0,1995,82.3
2108,-1.0,1997,82.3
2109,0.0,1999,82.3
2109,0.0,1997,82.3
2109,0.0,1996,82.3
2109,0.0,1996,82.3
2110,1.0,1995,82.3
2108,-1.0,1996,82.3
2109,0.0,1998,82.3
2109,0.0,1997,82.3
2110,1.0,1998,82.3
2112,2.8,1994,82.3
2109,-0.1,1994,82.3
2109,-0.1,1993,82.3
2112,2.7,1996,82.3
2113,3.6,1996,82.3
2111,1.5,1998,82.3
2109,-0.5,1994,82.3
2108,-1.4,1997,82.3
2107,-2.3,1997,82.3
2108,-1.2,1994,82.3
2108,-1.2,1995,82.3
2112,2.7,1997,82.3
2107,-2.2,1998,82.3
2109,-0.2,1997,82.3
2106,-3.1,1995,82.3
2108,-1.0,1994,82.3
2109,-0.0,1995,82.3
2108,-1.0,1995,82.3
2109,0.0,1998,82.3
2108,-1.0,1995,82.3
2106,-2.8,1995,82.3
2112,3.0,1995,82.3
2108,-0.9,1996,82.3
2110,1.0,1994,82.3
2108,-0.9,1996,82.3
2109,0.1,1994,82.3
2110,1.0,1994,82.3
2109,0.0,1996,82.3
2109,0.0,1997,82.3
2109,0.0,1995,82.3
2110,1.0,1996,82.3
2109,-0.0,1995,82.3
2108,-1.0,1996,82.3
2109,0.0,1995,82.3
2110,1.0,1997,82.3
2107,-1.9,1995,82.3
2108,-0.9,1996,82.3
2108,-0.9,1996,82.3
2111,2.1,1998,82.3
2110,1.0,1994,82.3
2109,0.0,1997,82.3
2109,0.0,1994,82.3
2108,-1.0,1995,82.3
2106,-2.8,1994,82.3
2109,0.2,1995,82.3
2111,2.1,1995,82.3
2108,-0.9,1992,82.3
2110,1.1,1995,82.3
2110,1.0,1998,82.3
2108,-0.9,1995,82.3
2111,2.0,1996,82.3
2112,2.9,1997,82.3
2112,2.7,1998,82.3
2112,2.6,1999,82.3
2112,2.5,1997,82.3
2110,0.5,2001,82.3
2112,2.4,2000,82.3
2112,2.3,1999,82.3
2114,4.1,2000,82.3
2109,-0.8,1998,82.3
2110,0.2,1998,82.3
2112,2.1,1998,82.3
2111,1.0,1997,82.3
2112,2.0,1999,82.3
2114,3.8,1999,82.3
2110,-0.2,1998,82.3
2107,-3.1,2000,82.3
2111,0.9,1996,82.3
2112,1.8,1996,82.3
2111,0.8,1998,82.3
2113,2.7,1998,82.3
2110,-0.3,2000,82.3
2110,-0.3,1997,82.3
2110,-0.3,1994,82.3
2110,-0.3,1999,82.3
2111,0.7,1997,82.3
2109,-1.3,1997,82.3
2109,-1.2,1997,82.3
2109,-1.2,1997,82.3
2111,0.8,1998,82.3
2109,-1.1,1997,82.3
2111,0.8,1999,82.3
2110,-0.2,1996,82.3
2112,1.8,1999,82.3
2112,1.7,1997,82.3
2113,2.6,1996,82.3
2111,0.6,1997,82.3
2109,-1.4,2000,82.3
2111,0.6,1997,82.3
2111,0.6,1998,82.3
2110,-0.4,1998,82.3
2112,1.5,1997,82.3
2109,-1.4,1997,82.3
2108,-2.3,1999,82.3
2111,0.6,1997,82.3
2109,-1.3,1998,82.3
2107,-3.2,1999,82.3
2111,0.8,1996,82.3
2109,-1.1,1997,82.3
2111,0.8,1997,82.3
2110,-0.2,1995,82.3
2111,0.8,1995,82.3
2111,0.8,1997,82.3
2109,-1.2,1997,82.3
2108,-2.1,1995,82.3
2111,0.9,1996,82.3
2111,0.8,1997,82.3
2111,0.8,1997,82.3
2112,1.7,1996,82.3
2108,-2.2,1996,82.3
2107,-3.1,1997,82.3
2108,-2.0,1996,82.3
2109,-0.9,1997,82.3
2108,-1.9,1996,82.3
2108,-1.8,1997,82.3
2108,-1.7,2000,82.3
2110,0.3,2001,82.3
2108,-1.7,1997,82.3
2107,-2.6,1996,82.3
2111,1.4,1994,82.3
2110,0.4,1999,82.3
2111,1.3,1996,82.3
2110,0.3,1996,82.3
2109,-0.7,1995,82.3
2107,-2.6,1997,82.3
2105,-4.4,1997,82.3
2108,-1.3,1995,82.3
2109,-0.3,1997,82.3
2109,-0.3,1997,82.3
2110,0.7,1995,82.3
2109,-0.3,1997,82.3
2110,0.7,1997,82.3
2110,0.6,1996,82.3
2109,-0.4,1995,82.3
2108,-1.3,1999,82.3
2109,-0.3,1997,82.3
2108,-1.2,1998,82.3
2108,-1.2,1995,82.3
2109,-0.2,1994,82.3
2109,-0.2,1997,82.3
2107,-2.1,1995,82.3
2110,0.9,1997,82.3
2108,-1.1,1996,82.3
2110,0.9,1997,82.3
2108,-1.1,1995,82.3
2106,-2.9,1994,82.3
2109,0.1,1995,82.3
2111,2.0,1995,82.3
2110,0.9,1996,82.3
2109,-0.1,1994,82.3
2109,-0.1,1998,82.3
2110,0.9,1999,82.3
2111,1.8,1997,82.3
2113,3.7,1998,82.3
2111,1.6,1993,82.3
2113,3.5,1995,82.3
2109,-0.5,1996,82.3
2110,0.5,1996,82.3
2109,-0.5,1997,82.3
2110,0.5,1995,82.3
2110,0.4,1999,82.3
2112,2.3,2001,82.3
2110,0.3,1997,82.3
2113,3.2,1997,82.3
2115,5.0,1999,82.3
2112,1.9,1998,82.3
2112,1.8,1998,82.3
2113,2.7,1997,82.3
2111,0.7,1997,82.3
2114,3.5,1996,82.3
2111,0.5,1998,82.3
2112,1.5,1998,82.3
2112,1.4,1998,82.3
2112,1.3,2000,82.3
2109,-1.6,2000,82.3
2111,0.4,1995,82.3
2110,-0.6,1996,82.3
2111,0.4,1993,82.3
2109,-1.5,1997,82.3
2110,-0.5,1997,82.3
2113,2.4,1998,82.3
2112,1.3,1998,82.3
2110,-0.6,1998,82.3
2108,-2.5,1997,82.3
2108,-2.4,1997,82.3
2109,-1.4,1997,82.3
2112,1.6,1995,82.3
2111,0.5,1996,82.3
2113,2.4,1997,82.3
2111,0.4,1997,82.3
2114,3.3,1998,82.3
2113,2.2,2000,82.3
2114,3.1,2002,82.3
2115,3.9,1999,82.3
2112,0.9,2001,82.3
2115,3.7,2001,82.3
2112,0.7,1999,82.3
2113,1.6,1998,82.3
2114,2.5,1997,82.3
2113,1.4,1997,82.3
2110,-1.5,2001,82.3
2111,-0.5,2001,82.3
2113,1.5,2001,82.3
2112,0.5,2000,82.3
2115,3.3,2000,82.3
2113,1.3,2000,82.3
2114,2.2,1999,82.3
2112,0.2,1999,82.3
2111,-0.8,1999,82.3
2112,0.2,2000,82.3
2112,0.2,1997,82.3
2111,-0.8,1997,82.3
2113,1.2,1997,82.3
2112,0.2,1998,82.3
2113,1.1,1998,82.3
2111,-0.9,1998,82.3
2108,-3.7,1997,82.3
2110,-1.6,1999,82.3
2113,1.3,1998,82.3
2113,1.3,2000,82.3
2110,-1.7,1997,82.3
2114,2.2,2000,82.3
2112,0.2,1999,82.3
2112,0.2,2000,82.3
2112,0.2,2000,82.3
2110,-1.7,2002,82.3
2115,3.2,2000,82.3
2115,3.0,2001,82.3
2114,1.9,2000,82.3
2114,1.9,2001,82.3
2115,2.8,1999,82.3
2115,2.6,2001,82.3
2111,-1.3,2002,82.3
2115,2.6,2000,82.3
2114,1.5,1998,82.3
2115,2.4,2000,82.3
2113,0.4,1997,82.3
2115,2.3,2001,82.3
2114,1.3,1998,82.3
2114,1.2,1997,82.3
2115,2.1,1999,82.3
2111,-1.8,2000,82.3
2113,0.2,2000,82.3
2114,1.1,2000,82.3
2116,3.0,2002,82.3
2113,0.0,2002,82.3
2115,1.9,2002,82.3
2113,-0.1,2001,82.3
2116,2.8,2004,82.3
2114,0.8,2000,82.3
2113,-0.2,2003,82.3
2115,1.7,2002,82.3
2117,3.6,2002,82.3
2115,1.5,2000,82.3
2115,1.5,2000,82.3
2116,2.4,2002,82.3
2115,1.3,1997,82.3
2116,2.2,2001,82.3
2112,-1.7,2000,82.3
2115,1.2,2002,82.3
2116,2.1,2002,82.3
2117,3.0,2001,82.3
2115,1.0,2001,82.3
2115,0.9,2001,82.3
2116,1.9,2003,82.3
2116,1.8,2000,82.3
2112,-2.1,2001,82.3
2117,2.8,2002,82.3
2115,0.7,2002,82.3
2116,1.7,2002,82.3
2118,3.5,2000,82.3
2115,0.5,2002,82.3
2117,2.4,2003,82.3
2114,-0.6,1999,82.3
2116,1.4,2000,82.3
2116,1.3,2001,82.3
2115,0.3,2003,82.3
2115,0.3,2000,82.3
2115,0.3,2001,82.3
2115,0.3,2002,82.3
2114,-0.7,2003,82.3
2115,0.3,2000,82.3
2114,-0.7,1998,82.3
2117,2.2,2001,82.3
2115,0.2,2001,82.3
2118,3.1,2003,82.3
2115,0.1,2002,82.3
2113,-1.9,2003,82.3
2114,-0.8,2003,82.3
2115,0.2,2002,82.3
2114,-0.8,2002,82.3
2114,-0.8,2001,82.3
2117,2.2,2000,82.3
2115,0.1,1999,82.3
2116,1.1,2000,82.3
2117,2.0,1999,82.3
2117,1.9,2002,82.3
2117,1.9,2000,82.3
2113,-2.1,1999,82.3
2114,-1.0,2000,82.3
2116,0.9,2001,82.3
2115,-0.1,2003,82.3
2117,1.9,2000,82.3
2115,-0.1,2003,82.3
2118,2.8,2002,82.3
2117,1.7,1999,82.3
2116,0.7,2003,82.3
2116,0.6,2002,82.3
2115,-0.3,2001,82.3
2116,0.6,2003,82.3
2119,3.5,2000,82.3
2114,-1.5,2000,82.3
2117,1.5,2002,82.3
2116,0.5,2002,82.3
2116,0.4,2001,82.3
2116,0.4,2000,82.3
2116,0.4,2003,82.3
2116,0.4,2002,82.3
2116,0.4,2000,82.3
2119,3.2,2001,82.3
2117,1.2,2000,82.3
2117,1.1,2000,82.3
2115,-0.8,2004,82.3
2114,-1.7,2001,82.3
2117,1.2,2000,82.3
2114,-1.7,2004,82.3
2114,-1.7,2004,82.3
2114,-1.6,2004,82.3
2118,2.3,2001,82.3
2115,-0.7,2001,82.3
2115,-0.6,2002,82.3
2115,-0.6,2002,82.3
2116,0.4,1999,82.3
2115,-0.6,2002,82.3
2113,-2.5,2002,82.3
2114,-1.4,2002,82.3
2114,-1.4,2001,82.3
2114,-1.3,2005,82.3
2113,-2.2,2003,82.3
2113,-2.1,2003,82.3
2115,-0.1,2004,82.3
2113,-2.1,2000,82.3
2115,-0.0,2005,82.3
2113,-2.0,2001,82.3
2114,-0.9,2001,82.3
2116,1.0,2002,82.3
2113,-1.9,2001,82.3
2117,2.0,2001,82.3
2116,1.0,2004,82.3
2115,-0.0,2006,82.3
2117,1.9,2001,82.3
2115,-0.1,2001,82.3
2114,-1.0,2001,82.3
2117,1.9,2002,82.3
2115,-0.1,2001,82.3
2116,0.8,1999,82.3
2115,-0.1,2001,82.3
2114,-1.1,2001,82.3
2117,1.8,2000,82.3
2114,-1.1,2000,82.3
2116,0.8,2000,82.3
2116,0.8,2003,82.3
2118,2.7,2003,82.3
2117,1.6,2004,82.3
2116,0.6,2004,82.3
2116,0.6,2002,82.3
2118,2.5,2002,82.3
2116,0.4,2000,82.3
2115,-0.5,2001,82.3
2117,1.4,2004,82.3
2117,1.4,2002,82.3
2112,-3.5,2004,82.3
2114,-1.4,2001,82.3
2115,-0.4,2001,82.3
2115,-0.4,2002,82.3
2114,-1.3,2003,82.3
2116,0.6,2001,82.3
2117,1.6,1999,82.3
2118,2.5,2000,82.3
2116,0.4,2003,82.3
2115,-0.5,2003,82.3
2118,2.4,2001,82.3
2115,-0.6,2002,82.3
2118,2.3,2004,82.3
2115,-0.7,2000,82.3
2116,0.3,2001,82.3
2116,0.3,2004,82.3
2117,1.2,2002,82.3
2114,-1.7,2003,82.3
2117,1.3,2002,82.3
2119,3.1,2001,82.3
2117,1.1,2002,82.3
2117,1.0,2001,82.3
2117,1.0,2002,82.3
2115,-1.0,2002,82.3
2115,-0.9,2004,82.3
2117,1.0,2000,82.3
2118,2.0,2003,82.3
2116,-0.0,2004,82.3
2115,-1.0,2003,82.3
2116,-0.0,2004,82.3
2118,1.9,2002,82.3
2118,1.8,2004,82.3
2115,-1.1,2004,82.3
2119,2.8,2003,82.3
2118,1.7,2005,82.3
2116,-0.3,2004,82.3
2117,0.7,2006,82.3
2117,0.7,2000,82.3
2116,-0.3,2001,82.3
2118,1.6,2001,82.3
2118,1.5,1998,82.3
2118,1.5,2000,82.3
2121,4.3,2000,82.3
2119,2.2,2004,82.3
2115,-1.7,2002,82.3
2113,-3.6,2001,82.3
2116,-0.5,2001,82.3
2118,1.4,2002,82.3
2115,-1.5,2002,82.3
2118,1.4,2001,82.3
2115,-1.5,2002,82.3
2115,-1.5,2004,82.3
2113,-3.3,2001,82.3
2114,-2.2,2003,82.3
2116,-0.2,2001,82.3
2113,-3.1,2001,82.3
2116,-0.1,2003,82.3
2117,0.9,2004,82.3
2115,-1.1,2003,82.3
2115,-1.0,2004,82.3
2115,-1.0,2002,82.3
2117,1.0,2003,82.3
2115,-1.0,2005,82.3
2116,-0.0,2002,82.3
2117,1.0,2001,82.3
2117,0.9,2002,82.3
2117,0.9,2002,82.3
2119,2.8,2003,82.3
2114,-2.1,1999,82.3
2119,2.7,2000,82.3
2117,0.7,2004,82.3
2115,-1.2,2003,82.3
2118,1.7,2002,82.3
2119,2.6,2000,82.3
2117,0.6,2003,82.3
2118,1.5,2002,82.3
2117,0.5,2002,82.3
2117,0.5,2003,82.3
2119,2.4,2003,82.3
2118,1.3,2002,82.3
2119,2.2,2003,82.3
2119,2.1,2004,82.3
2117,0.1,2003,82.3
2119,2.0,2002,82.3
2116,-0.9,2001,82.3
2118,1.0,2000,82.3
2117,0.0,2002,82.3
2120,2.9,2005,82.3
2116,-1.0,2001,82.3
2116,-1.0,2001,82.3
2118,1.0,2004,82.3
2114,-2.9,2003,82.3
2116,-0.9,2002,82.3
2118,1.1,2006,82.3
2115,-1.9,2005,82.3
2118,1.1,2003,82.3
2116,-0.9,2003,82.3
2116,-0.8,2002,82.3
2118,1.1,2001,82.3
2117,0.1,2004,82.3
2118,1.1,2004,82.3
2117,0.1,2003,82.3
2117,0.1,2004,82.3
2115,-1.9,2002,82.3
2114,-2.7,2003,82.3
2114,-2.6,2003,82.3
2117,0.4,2001,82.3
2116,-0.6,2003,82.3
2117,0.4,2002,82.3
2118,1.3,1999,82.3
2114,-2.6,2001,82.3
2116,-0.6,2002,82.3
2120,3.3,2004,82.3
2115,-1.6,2004,82.3
2117,0.4,2003,82.3
2116,-0.6,2002,82.3
2119,2.3,2000,82.3
2118,1.2,2003,82.3
2116,-0.7,2001,82.3
2119,2.2,2002,82.3
2119,2.1,2002,82.3
2117,0.1,2002,82.3
2118,1.0,2005,82.3
2123,5.8,2004,82.3
2115,-2.1,2003,82.3
2117,-0.1,2004,82.3
2118,0.9,2003,82.3
2117,-0.1,2002,82.3
2116,-1.1,2004,82.3
2116,-1.0,2002,82.3
2120,2.8,2004,82.3
2119,1.8,2002,82.3
2119,1.7,2003,82.3
2117,-0.3,2005,82.3
2120,2.6,2002,82.3
2119,1.5,2003,82.3
2116,-1.4,2002,82.3
2117,-0.4,2004,82.3
2119,1.5,2003,82.3
2116,-1.4,2004,82.3
2120,2.5,2002,82.3
2119,1.4,2003,82.3
2118,0.4,2003,82.3
2120,2.3,2002,82.3
2117,-0.7,2002,82.3
2117,-0.6,2002,82.3
2118,0.4,2003,82.3
2118,0.3,2004,82.3
2117,-0.6,2002,82.3
2119,1.3,2003,82.3
2123,5.1,2004,82.3
2117,-0.9,2004,82.3
2119,1.1,2004,82.3
2117,-0.9,2002,82.3
2114,-3.7,2000,82.3
2117,-0.7,1998,82.3
2118,0.3,2001,82.3
2118,0.3,2001,82.3
2118,0.3,2000,82.3
2119,1.2,2002,82.3
2116,-1.7,2002,82.3
2115,-2.6,2004,82.3
2117,-0.6,2002,82.3
2117,-0.5,1999,82.3
2116,-1.5,2003,82.3
2118,0.5,2002,82.3
2114,-3.4,2004,82.3
2117,-0.4,2004,82.3
2118,0.6,2004,82.3
2117,-0.4,2003,82.3
2119,1.6,2004,82.3
2117,-0.4,2003,82.3
2117,-0.4,2003,82.3
2121,3.5,2001,82.3
2118,0.4,2002,82.3
2116,-1.5,2001,82.3
2118,0.5,2003,82.3
2118,0.5,2002,82.3
2116,-1.5,2003,82.3
2116,-1.4,2002,82.3
2118,0.6,2004,82.3
2116,-1.4,2001,82.3
2118,0.6,2001,82.3
2115,-2.3,2003,82.3
2117,-0.3,2002,82.3
2116,-1.2,2003,82.3
2115,-2.2,2002,82.3
2116,-1.1,2001,82.3
2119,1.8,2000,82.3
2116,-1.1,2005,82.3
2115,-2.1,2004,82.3
2118,0.9,2002,82.3
2118,0.9,2003,82.3
2117,-0.1,2001,82.3
2117,-0.1,2002,82.3
2116,-1.1,2003,82.3
2116,-1.0,2001,82.3
2115,-1.9,2004,82.3
2118,1.0,2000,82.3
2117,0.0,2003,82.3
2117,0.0,2001,82.3
2115,-1.9,2002,82.3
2116,-0.9,2003,82.3
2114,-2.8,2002,82.3
2115,-1.7,2002,82.3
2118,1.3,2004,82.3
2115,-1.7,2004,82.3
2115,-1.6,2002,82.3
2115,-1.5,2004,82.3
2117,0.4,2006,82.3
2117,0.4,2004,82.3
2116,-0.6,2003,82.3
2116,-0.5,2001,82.3
2117,0.4,2000,82.3
2116,-0.5,2002,82.3
2116,-0.5,2004,82.3
2118,1.4,1999,82.3
2120,3.3,2001,82.3
2117,0.3,2003,82.3
2117,0.3,2002,82.3
2115,-1.7,2001,82.3
2116,-0.6,2001,82.3
2114,-2.5,2003,82.3
2117,0.5,2001,82.3
2117,0.4,2001,82.3
2116,-0.5,2000,82.3
2117,0.4,2005,82.3
2116,-0.5,2002,82.3
2118,1.4,2002,82.3
2118,1.3,2001,82.3
2118,1.3,2004,82.3
2117,0.3,2001,82.3
2119,2.2,2003,82.3
2116,-0.8,2001,82.3
2118,1.2,2003,82.3
2118,1.1,2001,82.3
2116,-0.8,2004,82.3
2120,3.0,2002,82.3
2117,0.0,2002,82.3
2117,0.0,2002,82.3
2118,1.0,2002,82.3
2117,-0.0,2004,82.3
2118,1.0,2004,82.3
2115,-2.0,2005,82.3
2117,0.0,2001,82.3
2118,1.0,2004,82.3
2117,-0.0,2002,82.3
2120,2.9,2001,82.3
2117,-0.1,2002,82.3
2115,-2.0,2002,82.3
2119,1.9,2002,82.3
2116,-1.1,2001,82.3
2116,-1.0,2001,82.3
2117,-0.0,2002,82.3
2117,-0.0,2000,82.3
2114,-2.9,2003,82.3
2118,1.1,2000,82.3
2116,-0.9,2001,82.3
2117,0.1,2006,82.3
2115,-1.8,2003,82.3
2117,0.2,2001,82.3
2115,-1.8,2001,82.3
2116,-0.7,2001,82.3
2116,-0.7,2002,82.3
2115,-1.6,2001,82.3
2115,-1.6,2000,82.3
2117,0.4,2001,82.3
2116,-0.6,2003,82.3
2114,-2.5,2003,82.3
2117,0.5,2003,82.3
2115,-1.4,2002,82.3
2117,0.5,2000,82.3
2119,2.4,2000,82.3
2119,2.3,2002,82.3
2117,0.3,2004,82.3
2120,3.2,2002,82.3
2116,-0.8,2002,82.3
2116,-0.7,2003,82.3
2117,0.3,2000,82.3
2115,-1.7,2000,82.3
2116,-0.6,2003,82.3
2117,0.3,2002,82.3
2115,-1.6,2002,82.3
2113,-3.5,2003,82.3
2113,-3.3,2002,82.3
2116,-0.3,2005,82.3
2116,-0.3,2002,82.3
2115,-1.2,2004,82.3
2118,1.7,2001,82.3
2115,-1.3,2002,82.3
2113,-3.1,2001,82.3
2117,0.8,2000,82.3
2116,-0.2,1999,82.3
2116,-0.1,2000,82.3
2116,-0.1,2000,82.3
2115,-1.1,2000,82.3
2114,-2.0,2002,82.3
2117,0.9,2002,82.3
2113,-2.9,2002,82.3
2115,-0.9,2002,82.3
2116,0.1,2003,82.3
2118,2.0,2002,82.3
2114,-1.9,2001,82.3
2116,0.1,2003,82.3
2117,1.0,2000,82.3
2114,-1.9,2001,82.3
2118,2.0,2001,82.3
2115,-0.9,2000,82.3
2115,-0.9,2003,82.3
2115,-0.8,2002,82.3
2117,1.1,2003,82.3
2116,0.1,2001,82.3
2115,-0.9,2002,82.3
2114,-1.8,2003,82.3
2116,0.2,2005,82.3
2116,0.2,2003,82.3
2119,3.1,2002,82.3
2115,-0.9,2002,82.3
2116,0.1,2004,82.3
2119,3.0,2006,82.3
2116,-0.0,2001,82.3
2118,1.9,2002,82.3
2116,-0.1,2003,82.3
2118,1.8,2004,82.3
2115,-1.1,2000,82.3
2117,0.8,2002,82.3
2118,1.8,2002,82.3
2119,2.7,2006,82.3
2117,0.6,2003,82.3
2117,0.6,2003,82.3
2119,2.5,2003,82.3
2118,1.4,2000,82.3
2120,3.3,2003,82.3
2120,3.2,2001,82.3
2119,2.1,2003,82.3
2116,-0.9,2001,82.3
2116,-0.8,2001,82.3
2117,0.1,2005,82.3
2116,-0.8,2002,82.3
2117,0.2,2002,82.3
2118,1.1,2000,82.3
2114,-2.8,2002,82.3
2115,-1.7,2000,82.3
2116,-0.7,2003,82.3
2117,0.3,1999,82.3
2116,-0.6,2000,82.3
2117,0.3,2001,82.3
2114,-2.6,2001,82.3
2118,1.4,2003,82.3
2117,0.4,1999,82.3
2116,-0.6,2001,82.3
2115,-1.5,2000,82.3
2116,-0.5,2001,82.3
2117,0.5,2003,82.3
2114,-2.4,2001,82.3
2118,1.5,1999,82.3
2115,-1.4,2002,82.3
2118,1.5,2002,82.3
2116,-0.5,2003,82.3
2115,-1.4,2002,82.3
2116,-0.4,2003,82.3
2115,-1.3,2004,82.3
2116,-0.3,2001,82.3
2116,-0.3,2000,82.3
2117,0.7,2003,82.3
2117,0.6,2002,82.3
2116,-0.4,2002,82.3
2119,2.5,2003,82.3
2117,0.5,2001,82.3
2115,-1.4,2003,82.3
2116,-0.4,2003,82.3
2117,0.6,2002,82.3
2115,-1.4,2001,82.3
2117,0.6,2000,82.3
2117,0.6,2002,82.3
2119,2.5,2002,82.3
2116,-0.5,2002,82.3
2115,-1.4,2001,82.3
2118,1.5,1999,82.3
2116,-0.5,1999,82.3
2116,-0.5,2002,82.3
2115,-1.4,2000,82.3
2116,-0.4,2003,82.3
2115,-1.3,2003,82.3
2117,0.6,2003,82.3
2114,-2.3,2003,82.3
2116,-0.3,2002,82.3
2115,-1.2,2003,82.3
2116,-0.2,2000,82.3
2115,-1.2,1999,82.3
2117,0.8,2002,82.3
2118,1.7,2004,82.3
2117,0.7,2002,82.3
2115,-1.2,2002,82.3
2113,-3.1,2001,82.3
2114,-2.0,2001,82.3
2115,-1.0,2002,82.3
2116,0.0,2000,82.3
2116,0.0,2003,82.3
2114,-1.9,2001,82.3
2115,-0.9,2001,82.3
2117,1.1,2001,82.3
2116,0.1,2001,82.3
2117,1.0,2002,82.3
2115,-0.9,2002,82.3
2118,2.0,2001,82.3
2115,-1.0,2001,82.3
2114,-1.9,2002,82.3
2118,2.0,2004,82.3
2115,-0.9,2000,82.3
2115,-0.9,2003,82.3
2116,0.1,2001,82.3
2115,-0.9,2002,82.3
2117,1.1,2003,82.3
2114,-1.8,2003,82.3
2117,1.1,2002,82.3
2117,1.1,2001,82.3
2116,0.1,2002,82.3
2115,-0.9,2001,82.3
2118,2.0,2003,82.3
2118,1.9,2003,82.3
2118,1.9,2004,82.3
2117,0.8,2005,82.3
2123,6.6,2006,82.3
2120,3.4,2005,82.3
2120,3.3,2003,82.3
2119,2.2,2006,82.3
2120,3.1,2004,82.3
2120,2.9,2004,82.3
2120,2.8,2005,82.3
2118,0.8,2003,82.3
2119,1.7,2003,82.3
2121,3.6,2003,82.3
2121,3.4,2004,82.3
2119,1.4,2004,82.3
2119,1.3,2004,82.3
2121,3.2,2004,82.3
2118,0.2,2003,82.3
2119,1.1,2007,82.3
2120,2.0,2004,82.3
2119,1.0,2005,82.3
2120,1.9,2002,82.3
2119,0.9,2002,82.3
2118,-0.1,2005,82.3
2118,-0.1,2005,82.3
2118,-0.1,2002,82.3
2115,-3.0,2002,82.3
2118,0.0,2003,82.3
2120,1.9,2003,82.3
2122,3.8,2003,82.3
2121,2.7,2002,82.3
2116,-2.2,2003,82.3
2119,0.7,2002,82.3
2117,-1.2,2004,82.3
2119,0.8,2002,82.3
2119,0.7,2006,82.3
2118,-0.3,2003,82.3
2116,-2.2,2005,82.3
2120,1.8,2004,82.3
2117,-1.2,2004,82.3
2119,0.8,2002,82.3
2117,-1.2,2005,82.3
2118,-0.2,2002,82.3
2118,-0.2,2005,82.3
2117,-1.1,2003,82.3
2117,-1.1,2005,82.3
2119,0.9,2004,82.3
2121,2.8,2003,82.3
2119,0.7,2004,82.3
2120,1.7,2004,82.3
2117,-1.3,2004,82.3
2116,-2.2,2004,82.3
2117,-1.1,2003,82.3
2116,-2.1,2002,82.3
2119,0.9,2004,82.3
2116,-2.0,2004,82.3
2120,1.9,2003,82.3
2116,-2.0,2005,82.3
2117,-1.0,2004,82.3
2115,-2.8,2003,82.3
2116,-1.8,2001,82.3
2118,0.2,2004,82.3
2119,1.2,2003,82.3
2118,0.2,2002,82.3
2117,-0.8,2003,82.3
2116,-1.7,2005,82.3
2116,-1.7,2004,82.3
2119,1.3,2003,82.3
2118,0.3,2001,82.3
2118,0.3,2003,82.3
2119,1.2,2004,82.3
2115,-2.7,2006,82.3
2118,0.3,2004,82.3
2117,-0.7,2005,82.3
2117,-0.6,2005,82.3
2116,-1.6,2003,82.3
2118,0.4,2004,82.3
2117,-0.6,2004,82.3
2119,1.4,2003,82.3
2118,0.4,2003,82.3
2118,0.4,2004,82.3
2118,0.3,2007,82.3
2117,-0.6,2004,82.3
2119,1.3,2003,82.3
2117,-0.7,2001,82.3
2118,0.3,2003,82.3
2119,1.3,2001,82.3
2121,3.1,2005,82.3
2120,2.1,2004,82.3
2120,2.0,2002,82.3
2120,1.9,2004,82.3
2119,0.9,2004,82.3
2117,-1.1,2003,82.3
2118,-0.1,2003,82.3
2120,1.8,2003,82.3
2119,0.8,2005,82.3
2119,0.8,2004,82.3
2119,0.7,2001,82.3
2119,0.7,2002,82.3
2119,0.7,2002,82.3
2116,-2.2,2000,82.3
2116,-2.1,2005,82.3
2116,-2.1,2003,82.3
2116,-2.0,2002,82.3
2118,0.0,2003,82.3
2120,1.9,2003,82.3
2117,-1.0,2002,82.3
2123,4.8,2002,82.3
2118,-0.2,2002,82.3
2117,-1.2,2002,82.3
2118,-0.1,2003,82.3
2117,-1.1,2005,82.3
2121,2.8,2003,82.3
2120,1.7,2002,82.3
2118,-0.3,2004,82.3
2121,2.6,2004,82.3
2120,1.5,2001,82.3
2120,1.5,2004,82.3
2117,-1.5,2002,82.3
2119,0.5,2005,82.3
2120,1.5,2003,82.3
2119,0.4,2004,82.3
2119,0.4,2004,82.3
2121,2.3,2003,82.3
2119,0.3,2003,82.3
2120,1.3,2002,82.3
2120,1.2,2005,82.3
2120,1.2,2002,82.3
2120,1.1,2003,82.3
2119,0.1,2002,82.3
2119,0.1,2006,82.3
2117,-1.8,2004,82.3
2121,2.1,2005,82.3
2119,0.1,2004,82.3
2119,0.1,2001,82.3
2120,1.0,2002,82.3
2119,0.0,2004,82.3
2119,0.0,2004,82.3
2119,0.0,2005,82.3
2122,2.9,2005,82.3
2117,-2.0,2005,82.3
2119,0.0,2006,82.3
2120,1.0,2005,82.3
2119,-0.0,2001,82.3
2122,2.8,2002,82.3
2123,3.7,2004,82.3
2122,2.6,2005,82.3
2123,3.4,2002,82.3
2121,1.4,2007,82.3
2119,-0.6,2005,82.3
2118,-1.5,2004,82.3
2121,1.4,2004,82.3
2118,-1.5,2004,82.3
2120,0.5,2004,82.3
2119,-0.5,2003,82.3
2118,-1.5,2001,82.3
2117,-2.4,2002,82.3
2117,-2.3,2001,82.3
2117,-2.2,2003,82.3
2117,-2.1,2006,82.3
2118,-1.0,2007,82.3
2119,-0.0,2003,82.3
2119,-0.0,2002,82.3
2118,-1.0,2002,82.3
2119,-0.0,2002,82.3
2117,-1.9,2005,82.3
2119,0.1,2004,82.3
2119,0.1,2004,82.3
2118,-0.9,2004,82.3
2119,0.1,2005,82.3
2117,-1.8,2003,82.3
2116,-2.7,2003,82.3
2118,-0.7,2005,82.3
2119,0.3,2006,82.3
2122,3.2,2004,82.3
2118,-0.8,2002,82.3
2120,1.2,2003,82.3
2118,-0.8,2002,82.3
2118,-0.8,2005,82.3
2118,-0.7,2004,82.3
2117,-1.7,2004,82.3
2118,-0.6,2003,82.3
2117,-1.6,2004,82.3
2119,0.4,2005,82.3
2121,2.3,2003,82.3
2116,-2.6,2004,82.3
2122,3.3,2001,82.3
2123,4.1,2001,82.3
2121,2.0,2005,82.3
2120,1.0,2003,82.3
2120,0.9,2000,82.3
2121,1.9,2005,82.3
2120,0.8,2005,82.3
2122,2.7,2003,82.3
2118,-1.2,2004,82.3
2118,-1.2,2004,82.3
2120,0.8,2004,82.3
2120,0.8,2004,82.3
2119,-0.2,2005,82.3
2123,3.6,2007,82.3
2123,3.5,2003,82.3
2120,0.4,2005,82.3
2121,1.4,2005,82.3
2124,4.2,2006,82.3
2124,4.0,2005,82.3
2122,2.0,2006,82.3
2119,-1.0,2005,82.3
2122,1.9,2005,82.3
2118,-2.0,2005,82.3
2119,-1.0,2006,82.3
2121,1.0,2006,82.3
2120,0.0,2005,82.3
2121,1.0,2007,82.3
2121,0.9,2007,82.3
2122,1.9,2004,82.3
2123,2.7,2006,82.3
2123,2.6,2007,82.3
2119,-1.3,2007,82.3
2121,0.7,2005,82.3
2122,1.6,2005,82.3
2121,0.6,2006,82.3
2120,-0.4,2005,82.3
2121,0.6,2004,82.3
2122,1.5,2007,82.3
2121,0.5,2007,82.3
2120,-0.5,2007,82.3
2120,-0.5,2004,82.3
2124,3.4,2004,82.3
2123,2.3,2006,82.3
2121,0.3,2008,82.3
2121,0.3,2004,82.3
2122,1.2,2006,82.3
2122,1.2,2006,82.3
2123,2.1,2005,82.3
2123,2.0,2003,82.3
2122,1.0,2006,82.3
2121,-0.0,2007,82.3
2122,0.9,2006,82.3
2122,0.9,2003,82.3
2120,-1.1,2007,82.3
2124,2.8,2005,82.3
2123,1.7,2005,82.3
2122,0.7,2004,82.3
2122,0.7,2003,82.3
2118,-3.2,2004,82.3
2121,-0.2,2006,82.3
2123,1.7,2006,82.3
2122,0.7,2006,82.3
2122,0.7,2006,82.3
2120,-1.3,2005,82.3
2120,-1.2,2004,82.3
2120,-1.2,2006,82.3
2123,1.8,2005,82.3
2122,0.7,2006,82.3
2119,-2.2,2004,82.3
2117,-4.0,2007,82.3
2119,-1.9,2007,82.3
2119,-1.9,2005,82.3
2122,1.1,2006,82.3
2122,1.1,2001,82.3
2121,0.1,2003,82.3
2120,-0.9,2005,82.3
2121,0.1,2005,82.3
2123,2.0,2002,82.3
2121,0.0,2007,82.3
2119,-1.9,2005,82.3
2119,-1.8,2005,82.3
2119,-1.8,2004,82.3
2119,-1.7,2003,82.3
2121,0.3,2002,82.3
2120,-0.7,2004,82.3
2119,-1.6,2004,82.3
2121,0.4,2005,82.3
2121,0.4,2004,82.3
2120,-0.6,2006,82.3
2120,-0.6,2003,82.3
2121,0.4,2006,82.3
2117,-3.5,2005,82.3
2119,-1.4,2004,82.3
2117,-3.3,2004,82.3
2119,-1.2,2006,82.3
2120,-0.2,2007,82.3
2119,-1.2,2004,82.3
2121,0.8,2006,82.3
2120,-0.2,2005,82.3
2120,-0.2,2005,82.3
2120,-0.2,2004,82.3
2121,0.8,2007,82.3
2120,-0.2,2006,82.3
2120,-0.2,2003,82.3
2121,0.8,2008,82.3
2122,1.7,2007,82.3
2122,1.6,2005,82.3
2122,1.6,2005,82.3
2121,0.6,2005,82.3
2120,-0.4,2006,82.3
2120,-0.4,2006,82.3
2123,2.5,2006,82.3
2121,0.5,2003,82.3
2122,1.4,2007,82.3
2123,2.3,2006,82.3
2122,1.3,2004,82.3
2121,0.2,2007,82.3
2122,1.2,2005,82.3
2122,1.1,2003,82.3
2122,1.1,2004,82.3
2122,1.1,2006,82.3
2119,-1.9,2006,82.3
2122,1.1,2007,82.3
2123,2.0,2004,82.3
2122,1.0,2008,82.3
2121,-0.0,2005,82.3
2122,0.9,2005,82.3
2120,-1.0,2009,82.3
2121,-0.0,2005,82.3
2120,-1.0,2008,82.3
2121,0.0,2006,82.3
2123,1.9,2003,82.3
2121,-0.1,2006,82.3
2119,-2.0,2002,82.3
2122,1.0,2006,82.3
2122,0.9,2005,82.3
2124,2.8,2006,82.3
2123,1.7,2005,82.3
2119,-2.2,2007,82.3
2117,-4.0,2006,82.3
2121,0.0,2003,82.3
2119,-1.9,2006,82.3
2119,-1.8,2004,82.3
2119,-1.8,2004,82.3
2120,-0.7,2004,82.3
2118,-2.6,2006,82.3
2118,-2.5,2004,82.3
2120,-0.5,2005,82.3
2118,-2.4,2006,82.3
2119,-1.3,2005,82.3
2115,-5.1,2006,82.3
2118,-2.0,2005,82.3
2118,-2.0,2007,82.3
2117,-2.8,2004,82.3
2119,-0.8,2003,82.3
2117,-2.7,2004,82.3
2120,0.3,2003,82.3
2119,-0.7,2006,82.3
2119,-0.7,2006,82.3
2120,0.3,2006,82.3
2118,-1.6,2005,82.3
2120,0.4,2004,82.3
2118,-1.6,2003,82.3
2121,1.4,2007,82.3
2120,0.4,2003,82.3
2119,-0.6,2004,82.3
2121,1.3,2005,82.3
2118,-1.6,2004,82.3
2120,0.4,2002,82.3
2118,-1.5,2005,82.3
2118,-1.5,2004,82.3
2120,0.5,2004,82.3
2119,-0.5,2003,82.3
2119,-0.5,2003,82.3
2120,0.5,2005,82.3
2119,-0.5,2002,82.3
2119,-0.4,2004,82.3
2120,0.5,2006,82.3
2119,-0.4,2005,82.3
2118,-1.4,2002,82.3
2118,-1.3,2007,82.3
2118,-1.3,2006,82.3
2118,-1.2,2005,82.3
2117,-2.1,2004,82.3
2120,0.8,2005,82.3
2116,-3.0,2003,82.3
2119,-0.0,2006,82.3
2119,-0.0,2004,82.3
2119,-0.0,2003,82.3
2118,-1.0,2003,82.3
2118,-1.0,2002,82.3
2119,0.0,2002,82.3
2122,2.9,2004,82.3
2121,1.8,2004,82.3
2121,1.8,2006,82.3
2119,-0.2,2005,82.3
2119,-0.2,2004,82.3
2118,-1.2,2003,82.3
2117,-2.1,2005,82.3
2119,-0.1,2001,82.3
2121,1.8,2002,82.3
2115,-4.0,2004,82.3
2119,0.0,2003,82.3
2119,0.0,2004,82.3
2119,0.0,2005,82.3
2120,1.0,2005,82.3
2121,1.9,2005,82.3
2119,-0.1,2003,82.3
2119,-0.1,2005,82.3
2118,-1.1,2001,82.3
2120,0.9,2005,82.3
2117,-2.0,2002,82.3
2120,0.9,2004,82.3
2118,-1.0,2004,82.3
2117,-1.9,2002,82.3
2119,0.1,2007,82.3
2121,2.0,2001,82.3
2117,-1.9,2004,82.3
2118,-0.9,2001,82.3
2119,0.1,2003,82.3
2118,-0.9,2005,82.3
2119,0.1,2001,82.3
2119,0.1,2000,82.3
2120,1.1,2004,82.3
2119,0.1,2003,82.3
2119,0.1,2000,82.3
2117,-1.8,2001,82.3
2118,-0.8,2003,82.3
2117,-1.7,2002,82.3
2118,-0.7,2003,82.3
2118,-0.7,2003,82.3
2121,2.2,2002,82.3
2117,-1.7,2003,82.3
2117,-1.6,2001,82.3
2119,0.3,2002,82.3
2120,1.3,2002,82.3
2118,-0.7,2001,82.3
2116,-2.6,2004,82.3
2118,-0.5,2003,82.3
2116,-2.4,2002,82.3
2116,-2.3,2006,82.3
2118,-0.3,2004,82.3
2118,-0.3,2001,82.3
2119,0.7,2003,82.3
2115,-3.2,2005,82.3
2119,0.8,2005,82.3
2118,-0.2,2002,82.3
2120,1.7,2003,82.3
2121,2.6,2001,82.3
2119,0.6,2003,82.3
2122,3.4,2004,82.3
2124,5.2,2004,82.3
2120,1.2,2003,82.3
2118,-0.8,2004,82.3
2118,-0.8,2006,82.3
2120,1.2,2005,82.3
2118,-0.8,2003,82.3
2121,2.1,2005,82.3
2118,-0.8,2002,82.3
2120,1.1,2001,82.3
2117,-1.8,2003,82.3
2119,0.2,2003,82.3
2120,1.1,2004,82.3
2118,-0.8,2003,82.3
2117,-1.8,2004,82.3
2121,2.1,2004,82.3
2121,2.1,2005,82.3
2121,2.0,2005,82.3
2121,1.9,2005,82.3
2120,0.9,2004,82.3
2124,4.7,2006,82.3
2120,0.6,2005,82.3
2121,1.6,2006,82.3
2122,2.5,2004,82.3
2123,3.3,2004,82.3
2124,4.2,2006,82.3
2120,0.2,2005,82.3
2120,0.1,2006,82.3
2118,-1.8,2005,82.3
2119,-0.7,2004,82.3
2119,-0.7,2006,82.3
2120,0.3,2004,82.3
2123,3.1,2007,82.3
2121,1.1,2003,82.3
2123,3.0,2006,82.3
2123,2.9,2005,82.3
2122,1.8,2002,82.3
2119,-1.2,2002,82.3
2112,-7.8,1996,82.3
2110,-9.5,1996,82.3
2106,-12.9,1994,82.3
2095,-23.0,1988,82.3
2086,-30.7,1982,82.3
2084,-31.4,1970,82.3
2083,-31.1,1968,82.3
2080,-32.7,1967,82.3
2081,-30.4,1967,82.3
2079,-31.1,1968,82.3
2079,-29.9,1967,82.3
2081,-26.8,1969,82.3
2080,-26.7,1968,82.3
2079,-26.6,1967,82.3
2080,-24.5,1970,82.3
2082,-21.6,1975,82.3
2086,-16.9,1976,82.3
2088,-14.3,1977,82.3
2092,-9.9,1980,82.3
2091,-10.5,1981,82.3
2093,-8.1,1986,82.3
2095,-5.9,1991,82.3
2095,-5.7,1987,82.3
2089,-11.2,1985,82.3
2087,-12.7,1982,82.3
2085,-14.1,1975,82.3
2081,-17.4,1970,82.3
2080,-17.6,1968,82.3
2080,-16.9,1968,82.3
2081,-15.3,1968,82.3
2080,-15.6,1968,82.3
2084,-11.2,1966,82.3
2080,-14.6,1967,82.3
2079,-14.9,1967,82.3
2079,-14.3,1966,82.3
2080,-12.8,1967,82.3
2082,-10.4,1966,82.3
2081,-10.9,1967,82.3
2080,-11.4,1968,82.3
2081,-10.0,1966,82.3
2080,-10.6,1969,82.3
2080,-10.2,1966,82.3
2080,-9.8,1968,82.3
2082,-7.4,1971,82.3
2081,-8.1,1968,82.3
2080,-8.7,1970,82.3
2081,-7.4,1965,82.3
2079,-9.1,1967,82.3
2079,-8.7,1968,82.3
2081,-6.4,1967,82.3
2081,-6.2,1967,82.3
2076,-10.7,1968,82.3
2081,-5.5,1967,82.3
2081,-5.3,1966,82.3
2079,-7.0,1967,82.3
2081,-4.8,1968,82.3
2081,-4.6,1967,82.3
2082,-3.4,1969,82.3
2082,-3.3,1967,82.3
2081,-4.1,1967,82.3
2079,-5.9,1967,82.3
2080,-4.7,1966,82.3
2080,-4.5,1967,82.3
2083,-1.4,1966,82.3
2081,-3.3,1968,82.3
2079,-5.1,1968,82.3
2081,-3.0,1968,82.3
2078,-5.7,1966,82.3
2080,-3.6,1968,82.3
2081,-2.5,1968,82.3
2080,-3.3,1969,82.3
2080,-3.2,1967,82.3
2080,-3.1,1972,82.3
2078,-4.9,1970,82.3
2080,-2.8,1967,82.3
2080,-2.7,1970,82.3
2083,0.3,1965,82.3
2081,-1.6,1967,82.3
2081,-1.5,1968,82.3
2083,0.4,1970,82.3
2082,-0.5,1966,82.3
2079,-3.4,1966,82.3
2080,-2.3,1968,82.3
2080,-2.2,1967,82.3
2080,-2.1,1967,82.3
2081,-1.1,1968,82.3
2080,-2.0,1970,82.3
2082,0.0,1968,82.3
2080,-1.9,1969,82.3
2080,-1.8,1968,82.3
2079,-2.7,1969,82.3
2082,0.3,1966,82.3
2079,-2.6,1967,82.3
2081,-0.6,1966,82.3
2081,-0.6,1967,82.3
2080,-1.5,1967,82.3
2080,-1.4,1969,82.3
2079,-2.4,1964,82.3
2079,-2.3,1969,82.3
2078,-3.1,1965,82.3
2081,-0.1,1966,82.3
2079,-2.0,1969,82.3
2079,-2.0,1965,82.3
2078,-2.8,1967,82.3
2080,-0.8,1968,82.3
2079,-1.7,1968,82.3
2081,0.3,1968,82.3
2079,-1.7,1965,82.3
2080,-0.6,1966,82.3
2077,-3.5,1969,82.3
2079,-1.4,1969,82.3
2078,-2.3,1970,82.3
2080,-0.3,1968,82.3
2083,2.6,1966,82.3
2081,0.5,1966,82.3
2080,-0.4,1968,82.3
2079,-1.4,1970,82.3
2079,-1.3,1967,82.3
2077,-3.2,1968,82.3
2078,-2.1,1967,82.3
2080,-0.1,1966,82.3
2080,-0.1,1965,82.3
2081,0.9,1967,82.3
2080,-0.1,1968,82.3
2081,0.8,1967,82.3
2079,-1.1,1966,82.3
2080,-0.1,1964,82.3
2080,-0.1,1967,82.3
2082,1.8,1966,82.3
2078,-2.1,1968,82.3
2079,-1.1,1969,82.3
2079,-1.0,1971,82.3
2080,-0.0,1969,82.3
2081,1.0,1965,82.3
2079,-1.0,1967,82.3
2080,-0.0,1967,82.3
2081,1.0,1965,82.3
2081,0.9,1967,82.3
2080,-0.1,1967,82.3
2079,-1.0,1968,82.3
2076,-3.9,1967,82.3
2079,-0.8,1968,82.3
2081,1.1,1967,82.3
2076,-3.7,1966,82.3
2080,0.3,1967,82.3
2081,1.2,1965,82.3
2082,2.1,1968,82.3
2079,-0.8,1971,82.3
2079,-0.8,1969,82.3
2079,-0.8,1966,82.3
2080,0.2,1967,82.3
2079,-0.8,1969,82.3
2082,2.2,1968,82.3
2079,-0.8,1968,82.3
2080,0.2,1968,82.3
2081,1.1,1968,82.3
2079,-0.8,1968,82.3
2080,0.2,1967,82.3
2078,-1.8,1968,82.3
2083,3.1,1966,82.3
2079,-0.9,1969,82.3
2078,-1.8,1967,82.3
2080,0.2,1969,82.3
2081,1.2,1968,82.3
2080,0.2,1967,82.3
2079,-0.8,1966,82.3
2079,-0.8,1968,82.3
2078,-1.7,1969,82.3
2081,1.2,1967,82.3
2078,-1.7,1968,82.3
2080,0.3,1967,82.3
2082,2.2,1966,82.3
2080,0.2,1968,82.3
2081,1.1,1967,82.3
2079,-0.8,1969,82.3
2081,1.1,1967,82.3
2080,0.1,1968,82.3
2081,1.1,1968,82.3
2080,0.1,1968,82.3
2080,0.1,1969,82.3
2079,-0.9,1968,82.3
2082,2.0,1968,82.3
2081,1.0,1969,82.3
2079,-1.0,1968,82.3
2081,1.0,1969,82.3
2080,-0.0,1970,82.3
2082,1.9,1969,82.3
2080,-0.1,1967,82.3
2080,-0.1,1968,82.3
2079,-1.0,1972,82.3
2082,1.9,1970,82.3
2079,-1.1,1970,82.3
2083,2.8,1965,82.3
2080,-0.2,1967,82.3
2080,-0.2,1966,82.3
2083,2.7,1970,82.3
2083,2.6,1967,82.3
2080,-0.4,1970,82.3
2080,-0.4,1970,82.3
2079,-1.3,1968,82.3
2077,-3.2,1967,82.3
2080,-0.2,1968,82.3
2081,0.8,1967,82.3
2079,-1.2,1967,82.3
2081,0.8,1967,82.3
2079,-1.1,1970,82.3
2082,1.8,1968,82.3
2080,-0.2,1969,82.3
2078,-2.1,1969,82.3
2079,-1.1,1968,82.3
2078,-2.0,1969,82.3
2079,-1.0,1965,82.3
2082,2.0,1968,82.3
2083,2.8,1968,82.3
2076,-4.0,1970,82.3
2080,0.0,1967,82.3
2080,0.0,1970,82.3
2081,1.0,1969,82.3
2080,-0.0,1966,82.3
2082,1.9,1969,82.3
2080,-0.1,1967,82.3
2079,-1.1,1966,82.3
2081,0.9,1967,82.3
2080,-0.1,1969,82.3
2083,2.8,1966,82.3
2080,-0.2,1967,82.3
2081,0.8,1968,82.3
2080,-0.2,1967,82.3
2081,0.7,1966,82.3
2082,1.7,1969,82.3
2079,-1.3,1971,82.3
2082,1.7,1965,82.3
2082,1.6,1967,82.3
2081,0.6,1967,82.3
2079,-1.4,1969,82.3
2081,0.6,1969,82.3
2079,-1.3,1967,82.3
2082,1.6,1969,82.3
2081,0.6,1968,82.3
2082,1.5,1969,82.3
2080,-0.5,1966,82.3
2082,1.5,1963,82.3
2083,2.4,1967,82.3
2082,1.3,1966,82.3
2080,-0.7,1970,82.3
2082,1.3,1968,82.3
2080,-0.7,1971,82.3
2081,0.3,1971,82.3
2080,-0.7,1970,82.3
2079,-1.6,1967,82.3
2082,1.3,1967,82.3
2081,0.3,1970,82.3
2083,2.2,1969,82.3
2081,0.2,1968,82.3
2080,-0.7,1968,82.3
2081,0.2,1967,82.3
2081,0.2,1968,82.3
2079,-1.7,1965,82.3
2080,-0.7,1970,82.3
2082,1.3,1970,82.3
2081,0.3,1968,82.3
2082,1.2,1968,82.3
2080,-0.8,1970,82.3
2080,-0.7,1966,82.3
2080,-0.7,1971,82.3
2083,2.2,1969,82.3
2081,0.2,1969,82.3
2084,3.1,1968,82.3
2080,-0.9,1969,82.3
2083,2.0,1966,82.3
2083,1.9,1968,82.3
2083,1.9,1971,82.3
2082,0.8,1969,82.3
2081,-0.2,1967,82.3
2082,0.8,1968,82.3
2082,0.8,1968,82.3
2081,-0.2,1965,82.3
2082,0.8,1968,82.3
2083,1.7,1969,82.3
2082,0.7,1967,82.3
2081,-0.3,1967,82.3
2083,1.6,1968,82.3
2082,0.6,1968,82.3
2078,-3.3,1968,82.3
2082,0.7,1968,82.3
2079,-2.2,1969,82.3
2082,0.7,1966,82.3
2082,0.7,1967,82.3
2082,0.7,1969,82.3
2082,0.7,1965,82.3
2082,0.6,1966,82.3
2083,1.6,1967,82.3
2081,-0.4,1966,82.3
2083,1.5,1968,82.3
2081,-0.5,1969,82.3
2083,1.5,1965,82.3
2083,1.4,1967,82.3
2081,-0.6,1966,82.3
2082,0.4,1967,82.3
2083,1.4,1968,82.3
2081,-0.6,1968,82.3
2081,-0.6,1968,82.3
2081,-0.6,1968,82.3
2081,-0.5,1968,82.3
2081,-0.5,1970,82.3
2079,-2.4,1971,82.3
2083,1.5,1966,82.3
2081,-0.5,1966,82.3
2081,-0.4,1965,82.3
2081,-0.4,1968,82.3
2083,1.5,1972,82.3
2084,2.4,1968,82.3
2082,0.4,1969,82.3
2079,-2.5,1970,82.3
2078,-3.4,1968,82.3
2080,-1.3,1969,82.3
2080,-1.3,1966,82.3
2080,-1.2,1966,82.3
2081,-0.2,1968,82.3
2082,0.8,1965,82.3
2079,-2.1,1968,82.3
2084,2.7,1969,82.3
2080,-1.2,1967,82.3
2083,1.7,1968,82.3
2084,2.6,1969,82.3
2083,1.6,1970,82.3
2082,0.5,1967,82.3
2082,0.5,1968,82.3
2083,1.4,1969,82.3
2082,0.4,1971,82.3
2082,0.4,1969,82.3
2083,1.4,1968,82.3
2083,1.3,1968,82.3
2084,2.2,1969,82.3
2080,-1.7,1970,82.3
2083,1.2,1970,82.3
2082,0.2,1969,82.3
2084,2.1,1966,82.3
2080,-1.8,1968,82.3
2082,0.2,1969,82.3
2082,0.2,1971,82.3
2082,0.2,1970,82.3
2083,1.1,1968,82.3
2081,-0.8,1968,82.3
2082,0.2,1967,82.3
2083,1.1,1969,82.3
2082,0.1,1968,82.3
2081,-0.9,1969,82.3
2081,-0.8,1966,82.3
2080,-1.7,1966,82.3
2086,4.1,1969,82.3
2082,0.1,1969,82.3
2084,2.0,1967,82.3
2082,-0.0,1970,82.3
2078,-3.8,1970,82.3
2080,-1.8,1966,82.3
2084,2.1,1968,82.3
2082,0.1,1968,82.3
2079,-2.7,1968,82.3
2081,-0.7,1968,82.3
2084,2.2,1967,82.3
2081,-0.8,1970,82.3
2082,0.2,1970,82.3
2080,-1.7,1968,82.3
2081,-0.7,1966,82.3
2082,0.3,1966,82.3
2083,1.2,1969,82.3
2083,1.2,1969,82.3
2084,2.1,1968,82.3
2081,-0.9,1968,82.3
2081,-0.8,1967,82.3
2081,-0.8,1968,82.3
2083,1.2,1968,82.3
2081,-0.8,1968,82.3
2082,0.2,1969,82.3
2081,-0.8,1966,82.3
2083,1.2,1967,82.3
2083,1.1,1967,82.3
2080,-1.8,1971,82.3
2080,-1.7,1971,82.3
2081,-0.7,1971,82.3
2081,-0.7,1969,82.3
2082,0.3,1969,82.3
2081,-0.7,1968,82.3
2082,0.3,1968,82.3
2084,2.2,1969,82.3
2083,1.2,1967,82.3
2081,-0.8,1970,82.3
2082,0.2,1970,82.3
2082,0.2,1968,82.3
2082,0.2,1970,82.3
2083,1.1,1968,82.3
2080,-1.8,1969,82.3
2082,0.2,1967,82.3
2084,2.1,1968,82.3
2080,-1.8,1970,82.3
2083,1.2,1965,82.3
2082,0.1,1968,82.3
2082,0.1,1968,82.3
2080,-1.8,1966,82.3
2082,0.2,1969,82.3
2082,0.2,1967,82.3
2082,0.2,1967,82.3
2081,-0.8,1968,82.3
2080,-1.7,1966,82.3
2084,2.2,1967,82.3
2079,-2.7,1968,82.3
2082,0.3,1967,82.3
2082,0.3,1968,82.3
2081,-0.7,1970,82.3
2082,0.3,1967,82.3
2082,0.3,1968,82.3
2084,2.2,1968,82.3
2081,-0.8,1968,82.3
2082,0.2,1968,82.3
2082,0.2,1967,82.3
2081,-0.8,1971,82.3
2080,-1.7,1968,82.3
2081,-0.7,1972,82.3
2082,0.3,1970,82.3
2084,2.2,1966,82.3
2083,1.2,1966,82.3
2080,-1.7,1967,82.3
2081,-0.7,1968,82.3
2083,1.2,1967,82.3
2084,2.1,1966,82.3
2082,0.1,1966,82.3
2081,-0.8,1967,82.3
2083,1.1,1969,82.3
2079,-2.8,1970,82.3
2083,1.2,1966,82.3
2081,-0.8,1968,82.3
2081,-0.7,1967,82.3
2083,1.2,1968,82.3
2082,0.2,1968,82.3
2081,-0.8,1968,82.3
2084,2.1,1967,82.3
2081,-0.8,1968,82.3
2083,1.1,1968,82.3
2083,1.1,1968,82.3
2083,1.0,1968,82.3
2082,0.0,1969,82.3
2083,1.0,1967,82.3
2080,-1.9,1970,82.3
2082,0.1,1966,82.3
2083,1.0,1969,82.3
2081,-0.9,1969,82.3
2082,0.1,1970,82.3
2083,1.0,1971,82.3
2082,0.0,1967,82.3
2080,-1.9,1969,82.3
2082,0.1,1970,82.3
2082,0.1,1968,82.3
2082,0.1,1970,82.3
2080,-1.8,1968,82.3
2082,0.2,1967,82.3
2083,1.1,1968,82.3
2083,1.1,1966,82.3
2083,1.0,1970,82.3
2081,-0.9,1970,82.3
2085,2.9,1970,82.3
2082,-0.1,1968,82.3
2085,2.8,1967,82.3
2083,0.8,1968,82.3
2081,-1.2,1969,82.3
2082,-0.2,1970,82.3
2082,-0.1,1969,82.3
2083,0.8,1968,82.3
2085,2.7,1967,82.3
2081,-1.2,1971,82.3
2085,2.6,1968,82.3
2081,-1.3,1969,82.3
2082,-0.3,1972,82.3
2082,-0.3,1968,82.3
2082,-0.3,1968,82.3
2085,2.6,1968,82.3
2081,-1.3,1967,82.3
2083,0.7,1971,82.3
2080,-2.3,1966,82.3
2083,0.7,1964,82.3
2081,-1.2,1968,82.3
2080,-2.1,1968,82.3
2081,-1.1,1966,82.3
2083,0.9,1967,82.3
2081,-1.1,1968,82.3
2081,-1.0,1968,82.3
2083,0.9,1969,82.3
2084,1.8,1968,82.3
2083,0.8,1970,82.3
2083,0.8,1969,82.3
2081,-1.2,1967,82.3
2081,-1.1,1968,82.3
2080,-2.0,1966,82.3
2081,-1.0,1969,82.3
2082,-0.0,1966,82.3
2083,1.0,1968,82.3
2081,-1.0,1969,82.3
2082,0.0,1969,82.3
2081,-1.0,1971,82.3
2083,1.0,1972,82.3
2080,-1.9,1971,82.3
2081,-0.9,1967,82.3
2081,-0.8,1971,82.3
2083,1.1,1968,82.3
2082,0.1,1967,82.3
2084,2.0,1967,82.3
2081,-0.9,1969,82.3
2083,1.0,1969,82.3
2082,0.0,1969,82.3
2080,-1.9,1969,82.3
2084,2.0,1969,82.3
2084,1.9,1966,82.3
2083,0.9,1969,82.3
2083,0.9,1969,82.3
2084,1.8,1970,82.3
2084,1.7,1967,82.3
2083,0.7,1968,82.3
2084,1.6,1968,82.3
2082,-0.4,1970,82.3
2082,-0.4,1968,82.3
2079,-3.2,1968,82.3
2084,1.7,1970,82.3
2081,-1.2,1969,82.3
2081,-1.2,1969,82.3
2082,-0.2,1970,82.3
2081,-1.1,1967,82.3
2083,0.8,1968,82.3
2083,0.8,1969,82.3
2082,-0.2,1967,82.3
2083,0.8,1969,82.3
2083,0.7,1969,82.3
2083,0.7,1967,82.3
2083,0.7,1968,82.3
2082,-0.3,1970,82.3
2083,0.7,1968,82.3
2082,-0.3,1966,82.3
2082,-0.3,1966,82.3
2083,0.7,1970,82.3
2084,1.6,1968,82.3
2084,1.5,1967,82.3
2082,-0.4,1968,82.3
2079,-3.3,1970,82.3
2082,-0.3,1969,82.3
2084,1.6,1967,82.3
2082,-0.3,1967,82.3
2081,-1.3,1969,82.3
2081,-1.2,1968,82.3
2084,1.7,1968,82.3
2083,0.7,1969,82.3
2081,-1.3,1968,82.3
2083,0.7,1973,82.3
2083,0.7,1969,82.3
2083,0.6,1968,82.3
2084,1.6,1970,82.3
2083,0.5,1970,82.3
2083,0.5,1970,82.3
2083,0.5,1968,82.3
2081,-1.4,1965,82.3
2082,-0.4,1969,82.3
2082,-0.4,1967,82.3
2083,0.6,1968,82.3
2082,-0.4,1970,82.3
2081,-1.4,1969,82.3
2081,-1.3,1968,82.3
2082,-0.3,1969,82.3
2083,0.7,1968,82.3
2083,0.7,1969,82.3
2083,0.6,1970,82.3
2082,-0.4,1970,82.3
2084,1.6,1969,82.3
2080,-2.3,1969,82.3
2084,1.6,1966,82.3
2083,0.6,1968,82.3
2083,0.6,1968,82.3
2084,1.5,1969,82.3
2083,0.5,1966,82.3
2081,-1.5,1967,82.3
2083,0.5,1968,82.3
2082,-0.5,1967,82.3
2081,-1.4,1969,82.3
2083,0.6,1969,82.3
2083,0.5,1969,82.3
2082,-0.4,1968,82.3
2083,0.5,1968,82.3
2084,1.5,1969,82.3
2085,2.4,1970,82.3
2084,1.3,1966,82.3
2085,2.2,1968,82.3
2084,1.2,1968,82.3
2084,1.1,1967,82.3
2082,-0.8,1971,82.3
2084,1.1,1969,82.3
2084,1.1,1967,82.3
2083,0.1,1968,82.3
2081,-1.8,1967,82.3
2084,1.1,1967,82.3
2084,1.1,1968,82.3
2084,1.0,1968,82.3
2083,0.0,1967,82.3
2082,-0.9,1970,82.3
2083,0.1,1972,82.3
2081,-1.9,1967,82.3
2081,-1.8,1969,82.3
2083,0.2,1968,82.3
2082,-0.8,1971,82.3
2084,1.2,1970,82.3
2070,-12.3,1957,82.3
2222,134.1,2128,82.3
2314,217.1,2250,82.3
2107,9.7,2002,82.3
2094,-3.2,1977,82.3
2166,66.0,2067,82.3
2264,157.5,2203,82.3
2187,77.3,2102,82.3
1637,-453.8,1454,82.3
1163,-890.7,862,82.3
1042,-971.2,710,82.3
998,-974.6,665,82.3
986,-947.2,653,82.3
985,-910.2,651,82.3
984,-874.8,650,82.3
985,-838.8,649,82.3
975,-814.9,643,82.3
979,-778.5,645,82.3
976,-750.2,643,82.3
977,-719.2,643,82.3
977,-690.5,643,82.3
975,-664.8,641,82.3
973,-640.1,640,82.3
972,-615.4,640,82.3
971,-591.8,640,82.3
969,-570.0,641,82.3
972,-544.4,638,82.3
970,-524.5,637,82.3
967,-506.4,638,82.3
969,-484.2,637,82.3
969,-464.9,636,82.3
969,-446.3,635,82.3
968,-429.4,636,82.3
968,-412.2,637,82.3
966,-397.6,637,82.3
970,-377.9,638,82.3
968,-364.7,636,82.3
968,-350.1,634,82.3
967,-337.1,635,82.3
970,-320.7,639,82.3
967,-310.7,638,82.3
969,-296.4,639,82.3
967,-286.5,637,82.3
970,-272.1,639,82.3
965,-266.0,639,82.3
965,-255.4,639,82.3
963,-247.1,643,82.3
963,-237.2,649,82.3
964,-226.8,649,82.3
964,-217.7,654,82.3
963,-209.9,647,82.3
960,-204.4,644,82.3
963,-193.4,637,82.3
968,-180.8,643,82.3
982,-160.2,692,82.3
987,-149.0,689,82.3
999,-131.5,682,82.3
1014,-111.8,711,82.3
1039,-83.3,759,82.3
1102,-19.5,860,82.3
1290,161.7,1105,82.3
1706,554.6,1618,82.3
2813,1595.2,2842,82.3
5729,4330.7,5813,82.3
10044,8299.9,10073,82.3
11885,9735.2,11921,82.3
12643,10073.5,12537,82.3
12072,9122.4,12130,82.3
7456,4326.2,8152,82.3
3369,229.6,3993,82.3
2148,-951.8,2549,82.3
1664,-1378.3,1933,82.3
1559,-1424.0,1790,82.3
1620,-1308.5,1862,82.3
1621,-1255.2,1837,82.3
1607,-1218.4,1761,82.3
1696,-1084.2,1817,82.3
1667,-1068.7,1770,82.3
1691,-1002.9,1770,82.3
1795,-863.0,1866,82.3
1857,-768.9,1926,82.3
2266,-345.5,2337,82.3
2875,252.9,2927,82.3
3858,1186.5,3848,82.3
5712,2918.9,5409,82.3
7674,4685.6,7073,78.3
8584,5371.8,7878,78.3
9074,5627.3,8374,78.3
8577,4925.1,8189,78.3
6813,3034.7,6809,78.3
5680,1825.6,5846,78.3
4492,612.1,4769,78.3
4277,381.2,4533,78.3
4577,654.0,4779,78.3
5650,1657.9,5688,78.3
6387,2299.1,6405,78.3
7746,3511.8,7783,78.3
11648,7117.2,11221,87.7
18572,13479.6,17326,87.7
21581,15829.0,20562,87.7
22762,16329.6,21646,87.7
23073,15975.0,21918,87.7
23472,15719.1,22093,87.7
23680,15290.0,22161,87.7
21058,12161.2,19841,87.7
17709,8459.8,16742,87.7
17381,7806.5,16233,87.7
16843,6977.7,15737,87.7
13140,3143.8,12519,87.7
9319,-650.2,9139,87.7
6545,-3287.2,6603,87.7
4776,-4853.9,4899,87.7
3560,-5827.1,3704,87.7
3223,-5917.6,3348,87.7
3259,-5646.3,3358,87.7
3314,-5367.7,3398,87.7
3438,-5033.9,3499,87.7
3703,-4578.2,3752,87.7
3531,-4560.1,3601,87.7
3533,-4375.8,3616,87.7
3791,-3953.1,3904,87.7
4011,-3583.8,4191,87.7
4335,-3129.4,4622,87.7
4488,-2857.3,4910,87.7
4275,-2947.5,4743,87.7
3537,-3538.1,3972,87.7
3097,-3819.0,3443,87.7
2493,-4246.1,2786,87.7
1833,-4709.8,2053,87.7
1429,-4909.3,1541,87.7
1279,-4856.9,1325,87.7
1203,-4735.6,1224,87.7
1126,-4620.1,1099,87.7
1083,-4476.6,1021,87.7
1051,-4328.2,968,87.7
1025,-4180.0,913,87.7
1018,-4019.6,903,87.7
1023,-3854.0,919,87.7
1043,-3680.6,958,87.7
1123,-3456.6,1098,87.7
1247,-3199.3,1294,87.7
1462,-2864.9,1575,87.7
1906,-2324.1,2076,87.7
2578,-1586.0,2777,87.7
3365,-767.0,3568,87.7
4244,107.5,4409,87.7
5330,1145.7,5425,87.7
6005,1747.9,6096,87.7
6458,2112.9,6643,87.7
7046,2592.8,7304,87.7
6378,1847.8,6939,87.7
5636,1061.6,6271,87.7
5631,1014.4,6217,87.7
5751,1089.0,6297,87.7
6063,1344.9,6611,87.7
6687,1890.2,7231,87.7
7502,2597.0,8039,87.7
8362,3318.7,8808,87.7
10395,5137.6,10706,87.7
14032,8423.6,14026,87.7
18485,12361.6,18099,87.7
20393,13698.8,19806,87.7
20952,13687.5,20259,87.7
21795,13949.3,20928,87.7
22314,13889.5,21391,87.7
21902,12938.4,20978,87.7
24439,14856.4,23155,87.7
27865,17551.1,26152,87.7
30128,19021.5,28081,87.7
36938,24798.3,33820,87.7
42051,28714.8,38242,87.7
42889,28370.7,39132,87.7
44461,28745.0,40521,87.7
49395,32331.8,44637,87.7
54254,35703.2,48559,87.7
60377,40153.2,53416,87.7
61489,39614.6,54436,87.7
63482,39943.2,56195,87.7
66959,41683.4,59599,87.7
77210,49857.1,69333,87.7
80708,51220.8,72813,87.7
82679,51064.2,75092,87.7
86385,52579.4,79956,87.7
87259,51315.2,81394,87.7
89335,51255.6,83864,87.7
89465,49330.1,83758,87.7
91699,49501.6,87964,87.7
92306,48104.2,89566,87.7
91121,45042.5,89443,87.7
90379,42528.4,87061,87.7
90005,40468.3,85733,87.7
91379,40168.6,88940,87.7
90275,37502.0,90740,87.7
87959,33778.6,90661,87.7
84722,29319.9,89555,87.7
82540,26052.4,88495,87.7
77969,20622.1,85730,87.7
73128,15149.9,82034,87.7
72335,13782.6,81522,87.7
71933,12845.4,81578,87.7
71777,12181.8,81598,87.7
71515,11443.0,81663,87.7
71332,10809.6,81507,87.7
71704,10734.4,81358,87.7
73061,11607.7,82264,87.7
72832,10923.5,82255,87.7
72416,10087.2,82502,87.7
72938,10184.9,83583,87.7
72874,9716.0,83622,87.7
72661,9122.9,83147,87.7
72729,8823.3,82666,87.7
72969,8700.8,82532,87.7
73697,9051.6,83040,87.7
74797,9745.5,84020,87.7
87121,21186.8,89959,87.7
85217,18511.4,80116,87.7
70339,3488.1,64690,87.7
68959,2023.8,62407,87.7
88591,20789.5,82929,87.7
82006,13636.4,86965,87.7
75562,6904.7,82918,87.7
75238,6317.4,83204,87.7
75483,6299.9,83890,87.7
75052,5634.2,82928,87.7
75434,5775.5,82980,87.7
76075,6159.9,83153,87.7
79931,9615.2,85360,87.7
78350,7712.9,84398,87.7
74996,4184.5,82632,87.7
73777,2846.9,81896,87.7
73875,2827.1,81996,87.7
73651,2499.0,82137,87.7
73940,2676.5,82473,87.7
74320,2934.2,83108,87.7
74604,3089.5,83633,87.7
75019,3364.3,84333,87.7
74739,2960.9,83899,87.7
74627,2735.0,83620,87.7
74424,2430.7,83161,87.7
74029,1954.3,82420,87.7
73724,1583.3,81466,87.7
76435,4122.5,82834,87.7
77037,4535.5,84286,87.7
75608,2982.3,83864,87.7
75207,2478.0,83853,87.7
76712,3823.7,85000,87.7
84452,11101.2,89644,87.7
102849,28318.2,97705,87.7
102873,27208.5,93540,87.7
93760,17371.7,91945,87.7
86445,9654.5,87553,87.7
85318,8186.4,87096,87.7
87914,10351.1,88556,87.7
92184,14036.2,91713,87.7
96077,17212.0,92563,87.7
97269,17667.9,88264,87.7
89476,9479.9,80965,87.7
89114,8753.2,82165,87.7
93103,12232.5,85284,87.7
81378,487.2,72804,87.7
41987,-37347.7,37635,87.7
27470,-49790.1,25146,87.7
19131,-55803.9,17774,87.7
16978,-55638.6,15701,87.7
20061,-50453.4,18140,87.7
18091,-50326.5,16633,87.7
14238,-52012.3,13646,87.7
11896,-52180.1,11606,87.7
11890,-50098.7,11591,87.7
14500,-45589.1,13917,87.7
17403,-40978.7,16450,87.7
19955,-36889.6,18641,87.7
19348,-35996.8,18186,87.7
18694,-35184.7,17641,87.7
15878,-36480.7,15208,87.7
12403,-38357.5,12114,87.7
9098,-39996.0,8753,87.7
6345,-41039.0,5540,87.7
3642,-41992.3,3212,87.7
2730,-41188.1,3006,87.7
4161,-38166.9,4475,87.7
7540,-33396.3,7453,87.7
9320,-30351.7,8715,87.7
13458,-25165.1,11854,87.7
12773,-24816.1,11403,87.7
13297,-23320.5,11613,87.7
15050,-20704.8,12850,87.7
13340,-21518.2,11765,87.7
11213,-22699.4,10076,87.7
10710,-22274.3,9652,87.7
8034,-23952.2,7655,87.7
3953,-26911.9,4348,87.7
2463,-27265.8,2976,87.7
1635,-26970.1,2051,87.7
1167,-26340.6,1315,87.7
1003,-25444.4,871,87.7
972,-24456.4,684,87.7
966,-23483.9,650,87.7
965,-22545.5,649,87.7
966,-21642.7,650,87.7
963,-20779.9,648,87.7
960,-19951.6,649,87.7
958,-19155.4,646,87.7
958,-18389.2,648,87.7
958,-17653.6,646,87.7
955,-16950.4,648,87.7
958,-16269.5,651,87.7
954,-15622.5,651,87.7
952,-14999.5,649,87.7
952,-14399.6,649,87.7
949,-13826.5,648,87.7
949,-13273.4,650,87.7
950,-12741.5,657,87.7
954,-12228.0,658,87.7
956,-11737.0,661,87.7
957,-11266.5,672,87.7
961,-10812.0,679,87.7
961,-10379.5,676,87.7
964,-9961.5,679,87.7
963,-9564.0,682,87.7
962,-9182.4,686,87.7
967,-8810.3,701,87.7
970,-8455.0,714,87.7
972,-8114.9,726,87.7
972,-7790.3,729,87.7
972,-7478.7,726,87.7
974,-7177.6,722,87.7
975,-6889.5,715,87.7
975,-6614.0,712,87.7
978,-6346.5,712,87.7
979,-6091.7,716,87.7
980,-5847.1,725,87.7
980,-5613.2,735,87.7
990,-5379.1,751,87.7
988,-5165.8,765,87.7
990,-4957.3,776,87.7
991,-4758.0,784,87.7
991,-4567.7,783,87.7
991,-4385.0,780,87.7
991,-4209.6,776,87.7
988,-4044.1,773,87.7
990,-3880.4,773,87.7
989,-3726.1,775,87.7
988,-3578.1,781,87.7
990,-3433.0,788,87.7
994,-3291.9,795,87.7
998,-3156.3,802,87.7
993,-3034.9,804,87.7
996,-2910.6,807,87.7
996,-2794.2,809,87.7
994,-2684.3,809,87.7
996,-2575.0,802,87.7
998,-2470.1,797,87.7
994,-2375.2,794,87.7
998,-2276.3,784,87.7
997,-2186.2,773,87.7
996,-2099.7,765,87.7
998,-2013.8,760,87.7
998,-1933.3,750,87.7
996,-1857.9,741,87.7
995,-1784.5,735,87.7
994,-1714.1,726,87.7
995,-1644.6,718,87.7
997,-1576.9,713,87.7
992,-1518.6,705,87.7
991,-1458.8,701,87.7
995,-1396.6,700,87.7
991,-1344.6,692,87.7
993,-1288.9,691,87.7
994,-1236.4,686,87.7
989,-1191.7,683,87.7
989,-1144.0,682,87.7
991,-1096.4,684,87.7
992,-1051.5,685,87.7
993,-1008.5,690,87.7
995,-966.3,689,87.7
994,-928.6,693,87.7
990,-895.3,695,87.7
988,-861.4,694,87.7
990,-825.0,698,87.7
989,-793.0,697,87.7
988,-762.2,700,87.7
988,-731.7,701,87.7
987,-703.4,704,87.7
987,-675.3,709,87.7
989,-646.3,712,87.7
991,-618.6,717,87.7
991,-593.8,723,87.7
993,-568.2,724,87.7
993,-545.4,724,87.7
991,-525.5,717,87.7
993,-502.6,709,87.7
989,-486.3,701,87.7
990,-465.9,698,87.7
990,-447.3,693,87.7
990,-429.4,693,87.7
989,-413.2,691,87.7
990,-395.7,692,87.7
991,-378.9,695,87.7
988,-366.6,699,87.7
993,-347.2,699,87.7
993,-333.3,700,87.7
990,-322.8,704,87.7
990,-309.9,712,87.7
992,-295.6,719,87.7
990,-285.7,726,87.7
993,-271.4,731,87.7
993,-260.5,735,87.7
995,-248.2,740,87.7
995,-238.3,742,87.7
993,-230.6,749,87.7
996,-218.5,749,87.7
997,-208.8,752,87.7
996,-201.4,751,87.7
997,-192.4,759,87.7
998,-183.8,766,87.7
1003,-171.6,776,87.7
1006,-161.9,783,87.7
1008,-153.5,793,87.7
1011,-144.5,797,87.7
1001,-148.3,789,87.7
1008,-135.6,802,87.7
1014,-124.4,797,87.7
1009,-124.3,790,87.7
1007,-121.2,784,87.7
1001,-122.1,782,87.7
1000,-118.2,784,87.7
1002,-111.6,783,87.7
999,-110.0,774,87.7
995,-109.4,766,87.7
994,-106.0,802,87.7
999,-97.0,905,87.7
997,-95.0,800,87.7
998,-90.2,838,87.7
1000,-84.7,900,87.7
993,-88.0,848,87.7
1060,-20.2,1116,87.7
3932,2737.7,4693,87.7
1065,-124.1,1249,87.7
1017,-165.2,1023,87.7
1016,-159.6,1029,87.7
1058,-112.9,1144,87.7
1009,-155.4,1004,87.7
1006,-152.1,913,87.7
1004,-147.9,873,87.7
997,-148.7,846,87.7
995,-144.7,836,87.7
995,-138.9,836,87.7
994,-134.3,833,87.7
994,-128.9,834,87.7
995,-122.8,833,87.7
995,-117.9,829,87.7
1001,-107.4,834,87.7
1010,-94.5,859,87.7
1027,-74.4,940,87.7
1067,-33.0,1144,87.7
1216,111.4,1481,87.7
1409,292.2,1761,87.7
1425,295.9,1689,87.7
1442,300.3,1691,87.7
1371,220.2,1509,87.7
1360,200.8,1288,87.7
1366,198.5,1221,87.7
1276,104.2,1065,87.7
1172,0.2,917,87.7
1099,-69.9,822,87.7
1053,-111.3,760,87.7
1012,-146.2,718,87.7
995,-156.7,695,87.7
987,-158.1,680,87.7
984,-154.6,671,87.7
982,-150.4,669,87.7
980,-146.3,662,87.7
981,-139.5,662,87.7
981,-133.9,663,87.7
984,-125.6,662,87.7
980,-124.5,662,87.7
987,-112.8,664,87.7
999,-96.7,674,87.7
1058,-36.2,720,87.7
1124,28.6,771,87.7
1154,56.2,792,87.7
1159,58.8,793,87.7
1158,55.5,791,87.7
1114,11.0,761,87.7
1084,-18.2,738,87.7
1064,-36.7,721,87.7
1037,-61.1,700,87.7
1017,-77.9,685,87.7
1006,-85.3,679,87.7
999,-88.6,676,87.7
996,-88.0,674,87.7
994,-86.4,678,87.7
992,-84.8,679,87.7
990,-83.4,679,87.7
988,-82.0,678,87.7
991,-75.8,676,87.7
1027,-38.2,686,87.7
1099,32.4,714,87.7
1280,204.9,813,87.7
1559,464.5,989,87.7
2016,884.7,1295,87.7
2055,886.7,1324,87.7
2188,979.0,1407,87.7
2337,1082.8,1519,87.7
2530,1224.8,1640,87.7
2799,1434.0,1840,87.7
2064,671.1,1352,87.7
1435,40.4,913,87.7
1345,-47.6,861,87.7
1119,-262.7,736,87.7
1057,-311.7,712,87.7
1024,-330.9,703,87.7
999,-341.7,702,87.7
987,-339.5,698,87.7
988,-325.0,698,87.7
984,-315.8,698,87.7
983,-304.1,700,87.7
988,-287.2,699,87.7
985,-278.6,703,87.7
987,-265.5,704,87.7
988,-253.9,704,87.7
988,-243.8,704,87.7
989,-233.1,701,87.7
982,-230.5,693,87.7
980,-223.2,688,87.7
978,-216.2,689,87.7
980,-205.6,689,87.7
977,-200.2,686,87.7
979,-190.3,688,87.7
980,-181.7,687,87.7
986,-168.7,689,87.7
987,-161.0,694,87.7
995,-146.9,696,87.7
1009,-127.6,706,87.7
1014,-117.7,711,87.7
1000,-126.4,711,87.7
992,-129.0,710,87.7
989,-126.7,703,87.7
989,-121.7,700,87.7
993,-113.0,708,87.7
994,-107.5,709,87.7
994,-103.2,706,87.7
997,-96.2,715,87.7
998,-91.4,712,87.7
996,-89.6,713,87.7
995,-87.0,709,87.7
992,-86.4,704,87.7
990,-84.9,704,87.7
983,-88.2,697,87.7
984,-83.7,700,87.7
998,-66.9,708,87.7
1037,-26.8,734,87.7
1150,82.7,821,87.7
1363,283.9,991,87.7
1731,625.8,1281,87.7
2300,1147.0,1735,87.7
3111,1879.7,2376,87.7
4333,2977.7,3328,87.7
7069,5485.1,5443,87.7
11605,9620.3,8976,87.7
15321,12802.8,11967,87.7
18476,15319.5,14437,87.7
17551,13818.7,13848,87.7
12725,8633.0,10006,87.7
9200,4903.7,7225,87.7
7451,3028.5,5810,87.7
7916,3353.8,6150,87.7
8984,4244.9,7036,87.7
10351,5387.4,8120,87.7
12939,7656.4,10134,87.7
13720,8099.9,10630,87.7
15433,9420.4,11868,87.7
15526,9132.9,11988,87.7
12195,5569.8,9427,87.7
9692,2944.1,7456,87.7
6650,-94.0,5102,87.7
4479,-2174.4,3407,87.7
3511,-3016.7,2651,87.7
3124,-3267.5,2327,87.7
3010,-3246.3,2222,87.7
3378,-2763.1,2475,87.7
3943,-2110.2,2867,87.7
3825,-2139.1,2780,87.7
3059,-2788.9,2199,87.7
2596,-3121.8,1843,87.7
2259,-3320.5,1606,87.7
1873,-3558.2,1317,87.7
1756,-3528.2,1226,87.7
1591,-3545.5,1104,87.7
1436,-3552.4,988,87.7
1627,-3227.0,1124,87.7
1870,-2864.6,1313,87.7
1886,-2734.7,1332,87.7
1957,-2557.1,1389,87.7
2010,-2404.0,1438,87.7
1742,-2565.1,1236,87.7
1713,-2490.3,1206,87.7
1926,-2186.2,1369,87.7
2134,-1899.1,1542,87.7
2219,-1741.5,1610,87.7
2550,-1354.1,1872,87.7
3080,-791.2,2298,87.7
3633,-228.6,2724,87.7
4683,788.5,3535,87.7
5630,1666.1,4280,87.7
6881,2800.4,5253,87.7
8822,4551.8,6765,87.7
11041,6499.9,8521,76.4
12740,7871.0,9867,76.4
13747,8522.8,10670,76.4
14502,8906.7,11243,76.4
15507,9515.3,12058,76.4
16476,10064.9,12791,76.4
18227,11343.3,14134,76.4
20213,12796.1,15575,76.4
24678,16570.6,18821,76.4
29502,20538.9,22413,76.4
34073,24105.5,25975,76.4
41214,29996.6,31648,76.4
46482,33854.0,36375,76.4
46704,32713.0,36815,76.4
52449,36919.7,41793,76.4
62840,45418.2,50335,76.4
77423,57601.2,62616,76.4
91936,69229.6,75764,76.4
90659,65234.5,75103,76.4
80984,53337.1,66714,76.4
70034,40691.6,57654,76.4
62512,31842.9,50871,76.4
66059,33974.3,53760,76.4
78907,44949.4,64940,76.4
94225,57856.7,83107,76.4
95252,56528.3,87332,76.4
96469,55435.5,86953,76.4
96275,53031.9,83788,76.4
90286,45161.2,77287,76.4
95119,47994.4,81418,76.4
103316,53943.7,90551,76.4
101300,49850.6,95450,76.4
96803,43539.5,94225,76.4
96594,41597.3,94167,76.4
94294,37725.4,95518,76.4
89828,31929.0,95211,76.4
82469,23587.2,91918,76.4
78051,18402.4,89261,76.4
77096,16749.5,88734,76.4
76586,15590.0,88311,76.4
76178,14574.7,87897,76.4
78061,15799.4,88706,76.4
78559,15645.5,88868,76.4
76422,12968.1,87712,76.4
75928,11975.2,87587,76.4
75493,11078.6,87327,76.4
74787,9957.7,86605,76.4
74667,9444.1,86452,76.4
74161,8580.6,86153,76.4
73832,7921.6,85653,76.4
74872,8603.1,85508,76.4
74380,7786.7,84713,76.4
79701,12583.3,87057,76.4
98907,30517.8,95398,76.4
80488,11614.8,67702,76.4
45675,-22270.2,36845,76.4
20533,-45515.8,16050,76.4
15947,-48097.7,12012,76.4
15475,-46626.9,12032,76.4
10375,-49657.8,8840,76.4
10035,-47997.9,9382,76.4
11990,-44201.2,11486,76.4
12743,-41710.2,12384,76.4
10306,-42381.4,10058,76.4
9712,-41256.3,9093,76.4
10059,-39273.0,9340,76.4
10134,-37630.1,9409,76.4
10379,-35889.6,9723,76.4
10537,-34302.4,10142,76.4
8817,-34581.5,8594,76.4
9336,-32700.0,8963,76.4
9898,-30852.5,9445,76.4
9562,-29940.9,9021,76.4
10459,-27882.2,9659,76.4
11523,-25745.4,10591,76.4
12276,-23992.7,11261,76.4
12857,-22475.3,11818,76.4
13076,-21366.0,12068,76.4
13146,-20444.2,12116,76.4
13230,-19545.8,12174,76.4
13244,-18750.5,12216,76.4
12955,-18277.9,11945,76.4
12939,-17562.2,11905,76.4
13113,-16692.6,12074,76.4
13074,-16062.4,12047,76.4
13002,-15489.0,11967,76.4
13133,-14743.7,12109,76.4
13074,-14210.6,12049,76.4
12868,-13839.9,11858,76.4
12838,-13315.1,11846,76.4
12527,-13081.1,11537,76.4
12584,-12503.1,11588,76.4
12698,-11893.5,11709,76.4
12750,-11367.9,11774,76.4
13010,-10663.6,11987,76.4
13642,-9630.3,12527,76.4
14230,-8680.6,13012,76.4
14664,-7916.7,13302,76.4
14793,-7476.2,13627,76.4
11491,-10347.1,10971,76.4
11704,-9728.7,10621,76.4
13407,-7704.7,10781,76.4
12063,-8686.8,9385,76.4
9740,-10569.4,7472,76.4
5835,-13895.4,4533,76.4
3346,-15729.0,2644,76.4
2497,-15914.9,2011,76.4
2294,-15473.2,1924,76.4
2346,-14804.3,1972,76.4
2362,-14196.8,1775,76.4
2974,-13041.4,2235,76.4
2948,-12544.7,2230,76.4
2992,-12000.7,2260,76.4
3519,-11014.7,2674,76.4
4718,-9423.1,3628,76.4
4980,-8794.7,3857,76.4
5537,-7908.2,4304,76.4
6317,-6843.0,4931,76.4
8143,-4816.3,6384,76.4
11054,-1829.1,8739,76.4
17180,4125.0,13782,76.4
26896,13287.4,22073,76.4
42049,27302.7,35416,76.4
50461,34286.2,43205,76.4
54204,36508.0,47185,76.4
60762,41343.3,51994,76.4
61618,40511.4,52095,76.4
65458,42577.3,55136,76.4
71345,46525.7,60259,76.4
74246,47449.7,63700,76.4
76291,47514.9,66222,76.4
75185,44552.5,65097,76.4
76992,44505.1,65045,76.4
81742,47284.9,66851,76.4
81154,44829.0,65605,76.4
80661,42562.6,65630,76.4
93878,53548.4,79271,76.4
97625,55003.6,86884,76.4
94303,49614.3,87331,76.4
91953,45373.8,86471,76.4
92321,43912.1,85815,76.4
86445,36514.6,84291,76.4
80321,29175.0,81858,76.4
72156,20169.6,77915,76.4
68421,15777.2,76013,76.4
68203,14936.9,76111,76.4
68536,14659.1,76488,76.4
68755,14283.0,76717,76.4
68461,13429.4,76338,76.4
68009,12458.3,75836,76.4
67596,11563.5,75412,76.4
67470,10980.0,75274,76.4
67763,10822.1,75582,76.4
68354,10956.5,76271,76.4
69123,11256.5,77074,76.4
71159,12760.8,79079,76.4
71890,12952.1,79839,76.4
71263,11832.1,79134,76.4
72148,12208.4,80047,76.4
72294,11860.3,80223,76.4
71576,10696.6,79519,76.4
71958,10635.4,79927,76.4
72678,10901.2,80713,76.4
72921,10698.5,80974,76.4
73473,10800.4,81556,76.4
73217,10122.7,81275,76.4
72855,9370.2,80852,76.4
73143,9271.9,81150,76.4
73109,8868.4,81168,76.4
73030,8437.8,81165,76.4
73280,8340.3,81561,76.4
73367,8090.2,81703,76.4
73609,7998.9,81961,76.4
74019,8072.5,82320,76.4
74968,8660.7,83226,76.4
76005,9309.8,84310,76.4
76789,9690.0,85101,76.4
77510,9994.6,85864,76.4
78125,10185.2,86503,76.4
78616,10249.2,86979,76.4
79010,10217.4,87353,76.4
79574,10350.2,87957,76.4
79910,10258.7,88260,76.4
80211,10137.3,88477,76.4
80387,9900.8,88592,76.4
80446,9561.4,88577,76.4
80525,9254.8,88731,76.4
80710,9062.2,88954,76.4
80799,8785.2,88966,76.4
80810,8444.3,88866,76.4
80759,8057.6,88644,76.4
80686,7665.2,88395,76.4
80321,7008.2,87705,76.4
79935,6357.3,87073,76.4
79681,5859.2,86740,76.4
79385,5340.6,86325,76.4
79182,4932.1,86046,76.4
79124,4679.2,85980,76.4
79025,4397.0,85852,76.4
78990,4187.5,85810,76.4
79024,4052.6,85879,76.4
79134,3996.1,86056,76.4
79046,3751.8,85963,76.4
78902,3463.5,85783,76.4
78615,3049.4,85398,76.4
78425,2745.0,85153,76.4
78231,2449.0,84903,76.4
77984,2113.9,84565,76.4
77985,2030.3,84539,76.4
78010,1973.1,84560,76.4
77972,1857.7,84506,76.4
78022,1831.4,84569,76.4
78021,1757.2,84568,76.4
77975,1642.7,84533,76.4
78031,1630.8,84608,76.4
78083,1615.5,84678,76.4
78316,1774.5,84976,76.4
78479,1860.0,85212,76.4
78571,1874.0,85360,76.4
78532,1761.6,85353,76.4
78381,1546.1,85171,76.4
78434,1535.2,85250,76.4
78540,1575.5,85430,76.4
78547,1519.2,85450,76.4
78560,1470.9,85461,76.4
78629,1478.3,85556,76.4
78703,1490.2,85660,76.4
78790,1514.2,85788,76.4
78879,1539.0,85941,76.4
78857,1456.3,85955,76.4
78813,1355.9,85923,76.4
78939,1422.6,86096,76.4
78927,1354.2,86098,76.4
78906,1279.8,86081,76.4
78912,1234.4,86101,76.4
78894,1167.8,86107,76.4
78861,1089.4,86090,76.4
78836,1021.8,86075,76.4
78785,931.9,86032,76.4
78765,875.5,86029,76.4
78710,787.7,85951,76.4
78643,691.8,85860,76.4
78617,639.2,85828,76.4
78624,620.3,85840,76.4
78602,574.4,85827,76.4
78574,524.5,85811,76.4
78605,533.3,85858,76.4
78627,533.1,85893,76.4
78646,530.0,85923,76.4
78653,515.5,85936,76.4
78680,520.8,85970,76.4
78702,521.1,86004,76.4
78689,487.8,85980,76.4
78740,517.3,86047,76.4
78790,544.6,86104,76.4
78830,561.2,86180,76.4
78906,611.7,86258,76.4
78978,656.3,86333,76.4
79065,713.6,86412,76.4
79161,777.2,86513,76.4
79365,942.0,86773,76.4
79488,1022.4,86931,76.4
79576,1066.0,87049,76.4
79626,1071.3,87088,76.4
79716,1114.9,87185,76.4
79771,1123.1,87236,76.4
79857,1160.7,87339,76.4
79915,1170.0,87394,76.4
79990,1195.2,87493,76.4
80053,1207.8,87573,76.4
80104,1208.5,87645,76.4
80112,1167.8,87659,76.4
80084,1094.2,87598,76.4
80117,1082.1,87606,76.4
80178,1097.4,87649,76.4
80256,1128.4,87758,76.4
80350,1173.5,87893,76.4
80431,1204.3,87998,76.4
80487,1209.9,88102,76.4
80556,1227.8,88177,76.4
80619,1239.1,88242,76.4
80679,1247.2,88310,76.4
80742,1257.8,88376,76.4
80797,1260.2,88421,76.4
80848,1258.8,88462,76.4
80890,1248.8,88506,76.4
80916,1223.8,88530,76.4
80892,1151.8,88484,76.4
80821,1037.5,88378,76.4
80828,1002.8,88337,76.4
80881,1013.5,88366,76.4
80931,1021.0,88412,76.4
80979,1026.2,88485,76.4
81032,1036.1,88541,76.4
81059,1020.5,88563,76.4
81078,998.0,88571,76.4
81100,979.2,88587,76.4
81134,972.6,88621,76.4
81172,970.2,88664,76.4
81209,966.9,88703,76.4
81238,956.1,88727,76.4
81267,945.7,88771,76.4
81292,931.9,88804,76.4
81264,867.7,88754,76.4
81197,768.7,88636,76.4
81185,726.4,88582,76.4
81201,712.7,88561,76.4
81247,728.4,88617,76.4
81303,753.0,88683,76.4
81340,758.4,88732,76.4
81355,742.4,88754,76.4
81358,715.6,88724,76.4
81349,678.4,88683,76.4
81341,643.5,88623,76.4
81239,519.9,88411,76.4
80976,246.6,87975,76.4
80786,54.3,87724,76.4
80678,-51.5,87595,76.4
80703,-25.4,87671,76.4
80315,-396.9,87237,76.4
80103,-584.5,86896,76.4
80187,-480.5,86985,76.4
80209,-440.2,86994,76.4
80239,-393.8,87006,76.4
80311,-308.9,87078,76.4
80351,-258.1,87153,76.4
80297,-299.7,87117,76.4
80186,-394.2,86982,76.4
80098,-462.9,86885,76.4
80050,-490.5,86822,76.4
80032,-488.2,86799,76.4
80038,-462.9,86814,76.4
80033,-449.2,86816,76.4
80036,-428.3,86817,76.4
80038,-409.3,86842,76.4
80038,-392.9,86859,76.4
79924,-486.6,86689,76.4
79832,-555.5,86524,76.4
79800,-564.0,86473,76.4
79762,-577.9,86400,76.4
79784,-533.7,86439,76.4
79815,-482.5,86498,76.4
79811,-467.1,86514,76.4
79781,-477.2,86475,76.4
79795,-444.7,86493,76.4
79833,-390.4,86551,76.4
79862,-346.9,86606,76.4
79890,-306.2,86658,76.4
79914,-270.9,86701,76.4
79926,-248.5,86726,76.4
79976,-190.6,86805,76.4
80003,-157.1,86854,76.4
80001,-152.7,86859,76.4
79880,-262.7,86666,76.4
79855,-276.2,86594,76.4
79897,-224.9,86652,76.4
79893,-219.7,86645,76.4
79965,-141.8,86763,76.4
80002,-100.6,86830,76.4
79975,-122.5,86799,76.4
79955,-136.8,86771,76.4
79974,-113.1,86797,76.4
79963,-119.1,86786,76.4
79959,-118.2,86790,76.4
79970,-102.9,86809,76.4
79972,-96.9,86828,76.4
79948,-116.1,86808,76.4
79997,-64.4,86889,76.4
79987,-71.4,86887,76.4
79831,-218.3,86642,76.4
79808,-231.7,86583,76.4
79836,-195.5,86597,76.4
79834,-189.6,86587,76.4
79881,-136.9,86656,76.4
79912,-101.7,86719,76.4
79881,-127.4,86680,76.4
79864,-138.6,86653,76.4
79851,-145.5,86634,76.4
79850,-140.7,86639,76.4
79868,-117.8,86673,76.4
79869,-112.1,86677,76.4
79886,-91.3,86707,76.4
79882,-91.5,86705,76.4
79920,-51.3,86770,76.4
79902,-66.6,86755,76.4
79788,-173.3,86568,76.4
79748,-204.8,86486,76.4
79736,-208.1,86443,76.4
79801,-137.4,86536,76.4
79809,-124.2,86553,76.4
79879,-52.1,86661,76.4
79882,-47.1,86681,76.4
79849,-76.9,86628,76.4
79870,-53.7,86663,76.4
79873,-48.6,86664,76.4
79904,-16.9,86716,76.4
79916,-4.7,86742,76.4
79917,-3.6,86746,76.4
79961,38.8,86815,76.4
79961,37.2,86828,76.4
79977,51.1,86858,76.4
79911,-14.3,86765,76.4
79767,-152.0,86518,76.4
79774,-139.2,86496,76.4
79764,-143.2,86482,76.4
79781,-121.2,86499,76.4
79847,-52.9,86606,76.4
79859,-39.3,86641,76.4
79829,-66.5,86600,76.4
79853,-40.8,86638,76.4
79875,-18.1,86676,76.4
79897,3.8,86715,76.4
79914,19.9,86741,76.4
79938,42.2,86786,76.4
79951,53.0,86820,76.4
79958,57.6,86836,76.4
79959,56.2,86843,76.4
79951,46.3,86831,76.4
79822,-79.4,86637,76.4
79711,-182.8,86426,76.4
79710,-176.4,86412,76.4
79732,-148.3,86436,76.4
79760,-115.4,86484,76.4
79855,-19.6,86631,76.4
79843,-30.4,86622,76.4
79847,-25.3,86628,76.4
79843,-28.1,86619,76.4
79874,2.8,86663,76.4
79923,49.7,86737,76.4
79956,79.4,86803,76.4
79967,86.8,86822,76.4
80000,115.0,86873,76.4
80019,128.6,86902,76.4
80049,152.3,86954,76.4
79957,57.9,86817,76.4
79836,-60.6,86607,76.4
79819,-74.5,86552,76.4
79824,-66.7,86549,76.4
79868,-21.8,86618,76.4
79921,29.9,86704,76.4
79952,58.5,86757,76.4
79934,38.9,86726,76.4
79926,29.6,86721,76.4
79941,42.8,86732,76.4
79971,69.9,86781,76.4
79991,86.3,86814,76.4
80035,125.1,86889,76.4
80027,112.4,86886,76.4
80061,140.6,86935,76.4
80100,172.4,87007,76.4
80093,158.8,87006,76.4
79931,-3.1,86757,76.4
79890,-42.3,86661,76.4
79894,-36.8,86639,76.4
79964,31.9,86736,76.4
80011,75.7,86807,76.4
80039,99.6,86861,76.4
80037,93.7,86862,76.4
80037,89.9,86864,76.4
80011,61.4,86821,76.4
80033,80.0,86855,76.4
80068,110.4,86908,76.4
80085,122.3,86935,76.4
80091,123.2,86946,76.4
80087,114.4,86950,76.4
80123,144.4,87007,76.4
80148,162.6,87048,76.4
80022,35.2,86867,76.4
79903,-80.5,86655,76.4
79898,-82.1,86616,76.4
79914,-63.4,86628,76.4
79956,-20.6,86696,76.4
79998,20.6,86771,76.4
79995,16.9,86776,76.4
79961,-16.4,86728,76.4
79934,-41.7,86694,76.4
79934,-40.0,86693,76.4
79947,-25.9,86711,76.4
79939,-32.6,86704,76.4
79927,-42.8,86691,76.4
79945,-23.8,86722,76.4
79931,-36.3,86706,76.4
79892,-72.3,86658,76.4
79872,-88.6,86630,76.4
79690,-259.8,86339,76.4
79646,-291.6,86253,76.4
79679,-248.3,86283,76.4
79746,-174.0,86384,76.4
79830,-86.4,86519,76.4
79887,-28.3,86624,76.4
79829,-82.8,86535,76.4
79824,-84.3,86521,76.4
79836,-69.4,86542,76.4
79865,-38.8,86585,76.4
79900,-3.6,86651,76.4
79897,-6.4,86648,76.4
79924,19.8,86700,76.4
79934,28.6,86720,76.4
79967,59.2,86770,76.4
79980,69.3,86802,76.4
79816,-90.9,86547,76.4
79770,-131.5,86441,76.4
79803,-94.5,86470,76.4
79860,-36.0,86556,76.4
79936,38.4,86668,76.4
79991,89.6,86762,76.4
79965,61.1,86719,76.4
79929,24.1,86666,76.4
79906,1.0,86627,76.4
79924,18.3,86659,76.4
79955,47.3,86710,76.4
79951,41.6,86708,76.4
79981,68.7,86758,76.4
79992,76.5,86775,76.4
80028,108.0,86826,76.4
80021,97.0,86828,76.4
79815,-104.6,86508,76.4
79800,-114.9,86450,76.4
79819,-92.0,86460,76.4
79846,-62.4,86492,76.4
79913,4.4,86599,76.4
79941,31.1,86647,76.4
79931,20.3,86641,76.4
79896,-14.2,86584,76.4
79883,-26.1,86555,76.4
79923,13.4,86620,76.4
79931,20.5,86629,76.4
79951,38.9,86666,76.4
79954,40.2,86683,76.4
79988,71.3,86727,76.4
80028,106.8,86806,76.4
79940,18.1,86677,76.4
79797,-119.9,86441,76.4
79725,-184.3,86290,76.4
79749,-153.9,86311,76.4
79774,-123.7,86349,76.4
79817,-77.5,86421,76.4
79834,-58.0,86456,76.4
79777,-110.4,86376,76.4
79776,-107.0,86371,76.4
79774,-104.6,86373,76.4
79733,-139.8,86322,76.4
79734,-133.2,86325,76.4
79748,-114.5,86353,76.4
79724,-132.9,86325,76.4
79772,-81.5,86399,76.4
79775,-75.4,86411,76.4
79662,-180.9,86254,76.4
79445,-381.9,85900,76.4
79364,-444.4,85753,76.4
79390,-401.7,85790,76.4
79416,-360.7,85828,76.4
79486,-279.0,85943,76.4
79459,-293.8,85915,76.4
79408,-331.0,85840,76.4
79399,-326.4,85827,76.4
79400,-312.4,85835,76.4
79427,-274.0,85880,76.4
79444,-246.7,85914,76.4
79460,-221.5,85938,76.4
79534,-141.6,86048,76.4
79592,-80.2,86140,76.4
79618,-52.0,86179,76.4
79505,-158.4,85995,76.4
79381,-271.1,85761,76.4
79409,-233.4,85767,76.4
79452,-182.8,85822,76.4
79579,-53.6,86022,76.4
79750,112.7,86308,76.4
79739,97.7,86294,76.4
79733,88.0,86278,76.4
79725,76.8,86256,76.4
79782,128.4,86324,76.4
79800,140.6,86361,76.4
79804,138.8,86362,76.4
79784,114.1,86335,76.4
79817,141.2,86386,76.4
79878,194.1,86485,76.4
79883,191.1,86502,76.4
79642,-47.9,86145,76.4
79531,-152.5,85919,76.4
79539,-138.8,85894,76.4
79582,-91.9,85948,76.4
79654,-19.1,86062,76.4
79731,55.6,86180,76.4
79728,50.5,86187,76.4
79718,38.8,86166,76.4
79692,12.3,86126,76.4
79712,31.0,86154,76.4
79729,46.1,86179,76.4
79746,60.6,86202,76.4
79731,43.8,86197,76.4
79724,35.3,86198,76.4
79752,60.8,86246,76.4
79739,45.9,86233,76.4
79556,-131.7,85970,76.4
79379,-296.3,85658,76.4
79291,-368.9,85495,76.4
79288,-357.1,85486,76.4
79353,-280.4,85590,76.4
79422,-202.9,85706,76.4
79435,-182.3,85744,76.4
79400,-208.6,85702,76.4
79355,-243.5,85643,76.4
79382,-207.8,85687,76.4
79401,-181.3,85722,76.4
79441,-135.6,85779,76.4
79426,-144.6,85789,76.4
79403,-160.9,85764,76.4
79403,-154.5,85771,76.4
79422,-130.1,85817,76.4
79377,-168.1,85764,76.4
79151,-378.3,85416,76.4
79056,-454.4,85238,76.4
79026,-465.0,85189,76.4
79126,-350.4,85332,76.4
79195,-270.1,85440,76.4
79241,-215.2,85522,76.4
79218,-228.6,85498,76.4
79236,-202.2,85515,76.4
79248,-182.6,85544,76.4
79242,-181.1,85533,76.4
79254,-162.3,85551,76.4
79248,-161.6,85560,76.4
79227,-175.3,85536,76.4
79273,-124.1,85603,76.4
79306,-87.4,85657,76.4
79306,-83.9,85671,76.4
79156,-224.6,85455,76.4
78954,-409.5,85114,76.4
78931,-415.2,85052,76.4
78919,-410.1,85035,76.4
78903,-409.1,85021,76.4
78982,-316.9,85141,76.4
78984,-302.3,85153,76.4
78955,-318.0,85119,76.4
78946,-314.0,85106,76.4
78979,-269.7,85154,76.4
79000,-238.8,85188,76.4
79017,-212.9,85219,76.4
79012,-209.2,85223,76.4
79053,-161.5,85284,76.4
79096,-113.7,85356,76.4
79140,-66.9,85431,76.4
79083,-119.0,85362,76.4
78874,-314.9,85021,76.4
78812,-361.8,84883,76.4
78845,-315.6,84920,76.4
78914,-236.8,85022,76.4
78951,-191.8,85079,76.4
79015,-122.7,85185,76.4
78985,-146.6,85144,76.4
78992,-134.0,85154,76.4
79032,-90.2,85207,76.4
79047,-72.2,85230,76.4
79056,-60.7,85257,76.4
79048,-65.9,85260,76.4
79069,-43.1,85302,76.4
79109,-3.0,85372,76.4
79163,49.0,85451,76.4
79184,67.2,85501,76.4
79072,-43.0,85343,76.4
78882,-223.7,85026,76.4
78832,-262.8,84923,76.4
78825,-259.0,84911,76.4
78905,-171.8,85027,76.4
78934,-137.1,85087,76.4
78955,-111.5,85140,76.4
78909,-151.2,85083,76.4
78942,-113.4,85121,76.4
78946,-105.1,85134,76.4
78985,-63.4,85197,76.4
79065,15.9,85322,76.4
79071,21.0,85350,76.4
79063,12.5,85351,76.4
79081,29.3,85381,76.4
79112,57.9,85443,76.4
79087,31.6,85422,76.4
79002,-51.3,85314,76.4
78784,-258.5,84950,76.4
78711,-318.3,84821,76.4
78775,-244.1,84902,76.4
78872,-141.2,85049,76.4
78942,-68.4,85157,76.4
78965,-43.5,85202,76.4
78956,-50.4,85178,76.4
78990,-15.8,85222,76.4
79027,20.4,85276,76.4
79081,71.4,85357,76.4
79124,109.8,85426,76.4
79163,142.9,85482,76.4
79162,136.2,85489,76.4
79205,172.0,85553,76.4
79266,223.7,85642,76.4
79240,189.8,85627,76.4
79059,8.4,85341,76.4
78929,-116.7,85103,76.4
78905,-135.1,85049,76.4
78951,-85.5,85112,76.4
79041,4.3,85241,76.4
79108,68.5,85349,76.4
79110,67.6,85358,76.4
79102,57.2,85343,76.4
79088,41.5,85322,76.4
79136,85.9,85390,76.4
79183,127.6,85463,76.4
79196,135.0,85486,76.4
79216,148.8,85527,76.4
79254,179.3,85590,76.4
79307,223.0,85678,76.4
79308,215.1,85686,76.4
79273,172.9,85635,76.4
79062,-36.6,85291,76.4
78995,-99.5,85159,76.4
79030,-61.9,85192,76.4
79096,3.9,85289,76.4
79155,60.4,85376,76.4
79170,72.4,85411,76.4
79157,57.0,85393,76.4
79101,1.0,85325,76.4
79095,-4.8,85311,76.4
79117,16.5,85353,76.4
79159,56.2,85425,76.4
79134,29.9,85402,76.4
79144,38.3,85433,76.4
79144,36.8,85443,76.4
79171,61.2,85496,76.4
79152,40.6,85488,76.4
79052,-57.1,85346,76.4
78854,-244.9,85014,76.4
78794,-292.7,84909,76.4
78856,-221.4,84991,76.4
78893,-177.1,85056,76.4
78938,-126.8,85136,76.4
78953,-107.3,85168,76.4
78909,-145.3,85111,76.4
78877,-170.2,85075,76.4
78890,-150.9,85092,76.4
78892,-142.9,85108,76.4
78880,-148.7,85105,76.4
78854,-167.7,85085,76.4
78845,-169.7,85090,76.4
78901,-109.1,85165,76.4
78937,-70.2,85220,76.4
78934,-70.3,85223,76.4
78666,-324.7,84805,76.4
78556,-417.4,84582,76.4
78581,-376.7,84589,76.4
78614,-329.9,84633,76.4
78646,-286.0,84682,76.4
78711,-212.2,84776,76.4
78674,-239.2,84729,76.4
78620,-281.5,84651,76.4
78575,-313.4,84591,76.4
78613,-264.4,84642,76.4
78614,-252.9,84664,76.4
78569,-285.9,84636,76.4
78503,-337.9,84589,76.4
78482,-344.5,84587,76.4
78469,-343.2,84598,76.4
78440,-357.3,84584,76.4
78236,-538.9,84302,76.4
77983,-760.2,83928,76.4
77796,-909.3,83710,76.4
77761,-906.5,83695,76.4
77736,-894.3,83689,76.4
77688,-904.6,83669,76.4
77531,-1019.1,83563,76.4
77473,-1034.0,83691,76.4
77373,-1088.7,83871,76.4
77274,-1140.2,83962,76.4
77171,-1193.4,84058,76.4
77083,-1230.2,84414,76.4
76326,-1907.7,84062,76.4
71430,-6531.6,80078,76.4
89631,11202.7,89562,76.4
100055,20761.6,88733,76.4
63468,-15192.4,54626,76.4
38835,-38232.4,32985,76.4
30964,-44259.2,25891,76.4
27877,-45452.4,22591,76.4
24737,-46648.7,19471,76.4
24342,-45161.9,18612,76.4
24158,-43532.1,18188,76.4
24126,-41821.5,17909,76.4
20427,-43699.7,15111,76.4
16039,-46164.2,11758,76.4
12536,-47680.5,9180,76.4
10487,-47740.3,7697,76.4
8292,-47937.9,6189,76.4
7611,-46674.2,5726,76.4
9350,-43137.8,7072,76.4
9597,-41175.1,7309,76.4
10069,-39075.0,7680,76.4
11534,-36105.6,8807,76.4
16123,-30255.9,12326,76.4
20976,-24386.8,16076,76.4
26108,-18484.6,19982,76.4
26729,-17149.1,20527,76.4
23262,-19791.4,17793,76.4
20045,-22088.1,15281,76.4
17078,-24052.9,13020,76.4
13989,-26056.2,10687,76.4
11291,-27604.0,8612,76.4
10430,-27326.4,7908,76.4
11263,-25433.7,8514,76.4
11433,-24253.2,8674,76.4
10992,-23706.4,8334,76.4
11588,-22186.0,8762,76.4
13044,-19900.8,9929,76.4
14861,-17360.4,11338,76.4
15708,-15852.9,12020,76.4
15976,-14961.5,12265,76.4
14867,-15427.7,11501,76.4
12917,-16682.6,9984,76.4
15902,-13149.7,12238,76.4
24006,-4843.8,18575,76.4
34356,5285.9,26711,76.4
47241,17444.1,36867,76.4
55261,24445.5,43647,68.0
61541,29496.5,48541,68.0
71217,37605.6,56515,68.0
78792,43373.4,63182,68.0
82603,45297.0,66426,68.0
83367,44218.6,67218,68.0
80363,39566.0,64776,68.0
85731,43136.6,69100,68.0
96754,51993.2,79496,68.0
97773,50891.7,80744,68.0
90328,41708.9,73758,68.0
89337,39089.1,72809,68.0
84498,32880.1,68324,68.0
86165,33165.2,69422,68.0
89182,34735.0,72138,68.0
91764,35824.3,74827,68.0
87879,30661.7,71388,68.0
79901,21776.4,64489,68.0
71241,12591.7,57120,68.0
70844,11706.9,56891,68.0
62213,2952.9,50163,68.0
58758,-482.0,47924,68.0
54889,-4177.0,44946,68.0
52069,-6717.1,42367,68.0
62861,3911.9,51630,68.0
36498,-21553.1,31130,68.0
10220,-45917.8,8574,68.0
5326,-48779.3,4243,68.0
4055,-48048.3,3189,68.0
3189,-46957.8,2453,68.0
2784,-45468.2,2117,68.0
2338,-44077.7,1739,68.0
1906,-42729.3,1386,68.0
1727,-41192.0,1224,68.0
1755,-39517.4,1234,68.0
1739,-37952.1,1208,68.0
1821,-36355.3,1280,68.0
1772,-34948.1,1239,68.0
1865,-33460.9,1298,68.0
1773,-32210.8,1236,68.0
1671,-31020.3,1171,68.0
1666,-29784.2,1180,68.0
1611,-28645.7,1144,68.0
1574,-27535.4,1104,68.0
1521,-26484.8,1059,68.0
1468,-25476.3,1008,68.0
1390,-24532.1,944,68.0
1349,-23590.2,910,68.0
1316,-22678.3,888,68.0
1268,-21817.2,857,68.0
1238,-20973.3,835,68.0
1223,-20148.8,825,68.0
1211,-19354.4,821,68.0
1197,-18593.6,811,68.0
1185,-17861.4,801,68.0
1171,-17160.4,792,68.0
1168,-16476.9,792,68.0
1167,-15818.7,791,68.0
1169,-15184.1,792,68.0
1162,-14583.4,789,68.0
1156,-14005.9,782,68.0
1150,-13451.4,776,68.0
1147,-12916.2,777,68.0
1146,-12400.5,775,68.0
1145,-11905.5,773,68.0
1143,-11431.2,774,68.0
1143,-10973.9,773,68.0
1144,-10534.0,772,68.0
1141,-10115.5,774,68.0
1139,-9712.8,774,68.0
1139,-9324.3,775,68.0
1135,-8955.2,772,68.0
1139,-8593.1,772,68.0
1133,-8255.2,769,68.0
1136,-7922.1,767,68.0
1134,-7607.1,766,68.0
1131,-7305.7,762,68.0
1133,-7011.6,759,68.0
1134,-6730.1,759,68.0
1132,-6462.8,756,68.0
1132,-6204.3,753,68.0
1131,-5957.1,750,68.0
1129,-5720.8,747,68.0
1125,-5495.8,747,68.0
1122,-5278.8,745,68.0
1121,-5068.6,743,68.0
1128,-4859.2,745,68.0
1139,-4654.2,751,68.0
1163,-4445.0,766,68.0
1219,-4213.5,811,68.0
1317,-3950.8,890,68.0
1439,-3675.7,988,68.0
1583,-3390.4,1102,68.0
1756,-3088.7,1242,68.0
1962,-2767.4,1406,68.0
2217,-2411.9,1618,68.0
2566,-1980.4,1895,68.0
3125,-1364.5,2358,68.0
4077,-396.0,3142,68.0
5784,1258.5,4544,68.0
8844,4145.8,7083,68.0
13436,8388.3,10896,68.0
20687,15013.7,16902,68.0
27542,20993.9,22677,68.0
30456,22951.6,25096,68.0
34981,26377.6,28956,68.0
37030,27289.5,30726,68.0
42054,31021.0,35209,68.0
40402,28194.2,33916,68.0
40976,27617.5,34242,68.0
39083,24695.5,32787,68.0
33659,18500.6,28104,68.0
32885,17017.6,27325,68.0
35745,19082.5,29751,68.0
35568,18149.2,29648,68.0
42973,24532.1,35725,68.0
53028,33203.6,44339,68.0
68085,46330.2,57431,68.0
70231,46537.1,59691,68.0
77828,51968.8,66741,68.0
78829,50851.0,67580,68.0
83239,53050.5,72585,68.0
83256,50944.8,72637,68.0
89232,54644.0,79286,68.0
91239,54385.0,81622,68.0
89346,50392.3,85513,68.0
84742,43956.8,83805,68.0
75686,33504.7,79862,68.0
71762,28397.5,77549,68.0
65986,21716.6,73932,68.0
60717,15789.7,70315,68.0
59882,14356.5,69919,68.0
59827,13729.5,69900,68.0
58883,12274.1,69163,68.0
59156,12045.2,69250,68.0
58991,11405.0,69081,68.0
58579,10553.2,68794,68.0
59153,10682.2,69017,68.0
58508,9635.7,68518,68.0
57921,8686.7,68025,68.0
57610,8040.7,67639,68.0
57487,7601.0,67557,68.0
57362,7176.9,67587,68.0
57178,6713.2,67587,68.0
57188,6454.3,67502,68.0
57116,6127.0,67516,68.0
57114,5880.0,67554,68.0
57239,5764.8,67559,68.0
57327,5618.7,67670,68.0
57215,5286.4,67638,68.0
57161,5023.1,67552,68.0
57105,4768.4,67463,68.0
57071,4545.1,67293,68.0
57137,4426.6,67242,68.0
57050,4166.0,67103,68.0
57000,3951.4,67029,68.0
57054,3845.2,67095,68.0
57032,3670.3,67122,68.0
57073,3562.8,67255,68.0
57166,3509.6,67426,68.0
57393,3587.1,67564,68.0
57712,3749.9,67723,68.0
57873,3754.4,67730,68.0
58082,3804.9,67790,68.0
58533,4085.7,68597,68.0
58111,3517.1,68439,68.0
58052,3319.8,68439,68.0
58520,3636.3,69051,68.0
58542,3511.9,69187,68.0
58473,3305.2,69271,68.0
58391,3094.3,69208,68.0
58699,3266.2,69552,68.0
59156,3574.3,70189,68.0
59361,3628.1,70488,68.0
59599,3711.5,70805,68.0
59817,3772.3,71082,68.0
60033,3828.7,71422,68.0
60206,3841.7,71714,68.0
60061,3548.8,71526,68.0
59863,3216.8,71243,68.0
59831,3057.4,71244,68.0
59427,2547.3,70866,68.0
59331,2353.2,70804,68.0
59485,2406.9,71108,68.0
59291,2124.4,70912,68.0
59525,2264.1,71191,68.0
59596,2241.7,71305,68.0
59673,2225.9,71411,68.0
59912,2366.3,71711,68.0
60143,2493.4,71994,68.0
60175,2424.4,71983,68.0
60234,2384.1,71962,68.0
60234,2288.7,71870,68.0
60273,2234.6,71880,68.0
60083,1962.8,71608,68.0
60110,1910.2,71592,68.0
60047,1773.3,71492,68.0
59965,1623.7,71368,68.0
59880,1477.1,71221,68.0
59929,1465.1,71277,68.0
59838,1319.1,71179,68.0
59543,983.2,70766,68.0
59319,728.8,70504,68.0
59404,781.2,70570,68.0
59582,920.9,70693,68.0
59731,1027.1,70755,68.0
59783,1035.9,70795,68.0
59890,1097.2,70877,68.0
59841,1006.3,70790,68.0
59892,1015.0,70805,68.0
60257,1324.8,71247,68.0
60431,1438.8,71460,68.0
60516,1462.9,71529,68.0
60616,1500.4,71636,68.0
60464,1294.4,71368,68.0
60456,1235.0,71293,68.0
60565,1290.2,71432,68.0
60549,1223.2,71391,68.0
60671,1291.4,71518,68.0
60815,1378.0,71711,68.0
60890,1394.9,71817,68.0
60788,1241.2,71685,68.0
60839,1240.5,71702,68.0
60866,1216.8,71726,68.0
60651,961.7,71381,68.0
60541,817.7,71208,68.0
60550,793.6,71198,68.0
60500,713.8,71098,68.0
60423,611.4,70968,68.0
60269,439.1,70695,68.0
60257,410.0,70588,68.0
60138,279.4,70376,68.0
60192,320.0,70357,68.0
60197,312.0,70343,68.0
60078,185.3,70152,68.0
60090,189.4,70149,68.0
60164,252.9,70260,68.0
60300,373.3,70455,68.0
60385,440.0,70585,68.0
60495,528.0,70723,68.0
60660,665.3,70937,68.0
60871,841.2,71168,68.0
60984,916.0,71338,68.0
61047,939.9,71383,68.0
61100,953.2,71462,68.0
61046,863.2,71377,68.0
61282,1055.2,71647,68.0
61691,1405.7,72235,68.0
61888,1538.6,72539,68.0
62044,1626.8,72831,68.0
62202,1713.4,73082,68.0
62570,1998.1,73662,68.0
62853,2189.9,74126,68.0
63214,2448.9,74705,68.0
63387,2517.0,75013,68.0
63513,2537.3,75204,68.0
63650,2567.3,75450,68.0
63816,2624.0,75715,68.0
64001,2696.6,76013,68.0
64116,2699.1,76197,68.0
64241,2711.2,76401,68.0
64358,2715.0,76608,68.0
64366,2614.1,76638,68.0
64388,2530.7,76675,68.0
64572,2606.1,76951,68.0
64627,2554.6,77047,68.0
64731,2552.3,77220,68.0
64863,2576.9,77439,68.0
64836,2447.9,77406,68.0
64967,2475.8,77605,68.0
64961,2371.0,77611,68.0
64829,2149.4,77401,68.0
64882,2114.3,77467,68.0
64904,2050.9,77516,68.0
64724,1796.0,77225,68.0
64639,1642.6,77075,68.0
64643,1580.7,77103,68.0
64378,1263.1,76701,68.0
64327,1163.6,76601,68.0
64315,1105.5,76583,68.0
64334,1079.6,76605,68.0
64315,1018.1,76570,68.0
64298,961.1,76521,68.0
64245,871.8,76406,68.0
64439,1023.1,76648,68.0
64504,1044.6,76729,68.0
64372,876.1,76487,68.0
64561,1022.5,76719,68.0
64616,1034.4,76795,68.0
64437,821.2,76493,68.0
64486,835.4,76537,68.0
64469,785.6,76474,68.0
64593,873.3,76638,68.0
64439,690.5,76385,68.0
64758,969.1,76795,68.0
64826,995.6,76912,68.0
64887,1014.4,76972,68.0
64939,1023.7,77031,68.0
65142,1177.6,77298,68.0
65180,1167.0,77372,68.0
65138,1080.0,77275,68.0
65375,1264.3,77620,68.0
65285,1127.4,77498,68.0
65245,1043.9,77436,68.0
65261,1017.5,77490,68.0
65196,914.4,77393,68.0
65335,1011.2,77604,68.0
65312,948.7,77571,68.0
65424,1018.3,77723,68.0
65355,911.3,77639,68.0
65307,828.8,77543,68.0
65560,1038.5,77929,68.0
65533,971.0,77905,68.0
65411,815.1,77717,68.0
65388,760.4,77659,68.0
65425,765.5,77688,68.0
65582,885.6,77925,68.0
65453,726.3,77731,68.0
65123,380.5,77219,68.0
64258,-465.1,75884,68.0
63583,-1094.5,74613,68.0
63394,-1232.2,74150,68.0
63311,-1262.6,73924,68.0
63278,-1243.8,73791,68.0
63562,-921.4,74119,68.0
63751,-703.1,74369,68.0
63721,-703.8,74290,68.0
63742,-655.4,74314,68.0
63874,-502.5,74511,68.0
63941,-418.1,74663,68.0
63898,-442.6,74586,68.0
63945,-379.8,74670,68.0
63955,-355.0,74757,68.0
63738,-549.1,74496,68.0
63724,-540.6,74560,68.0
63732,-511.3,74679,68.0
63560,-656.0,74433,68.0
63696,-499.2,74687,68.0
63762,-415.8,74857,68.0
63853,-311.9,75036,68.0
63836,-315.7,75017,68.0
63893,-248.4,75138,68.0
63882,-249.0,75144,68.0
63897,-224.6,75180,68.0
63855,-256.0,75129,68.0
63752,-344.6,74987,68.0
63627,-450.8,74778,68.0
63474,-579.7,74515,68.0
63427,-601.6,74427,68.0
63309,-690.8,74200,68.0
63427,-549.9,74321,68.0
63470,-486.6,74393,68.0
63372,-561.2,74221,68.0
63233,-672.2,73987,68.0
63380,-504.2,74149,68.0
63572,-299.7,74468,68.0
63301,-547.9,74044,68.0
63488,-346.5,74285,68.0
63481,-339.3,74281,68.0
63460,-345.9,74215,68.0
63492,-301.4,74247,68.0
63409,-369.0,74088,68.0
63391,-371.5,74031,68.0
63307,-437.3,73858,68.0
63408,-322.8,73942,68.0
63590,-135.2,74217,68.0
63664,-58.8,74307,68.0
63961,228.7,74774,68.0
64100,353.0,75041,68.0
64063,303.4,75010,68.0
64060,288.4,74993,68.0
64265,473.6,75346,68.0
64234,424.9,75332,68.0
64159,335.9,75202,68.0
64359,514.5,75511,68.0
64495,624.5,75770,68.0
64327,438.2,75497,68.0
64440,529.2,75662,68.0
64502,567.5,75767,68.0
64275,326.9,75404,68.0
64185,227.4,75211,68.0
64306,334.5,75373,68.0
64407,418.1,75498,68.0
64493,483.9,75656,68.0
64482,454.0,75635,68.0
64762,704.6,76085,68.0
64763,677.4,76136,68.0
64845,729.0,76269,68.0
64815,671.1,76276,68.0
64642,478.1,76028,68.0
64697,511.8,76112,68.0
64732,524.9,76169,68.0
64787,556.7,76239,68.0
64792,539.3,76235,68.0
64802,527.3,76224,68.0
64690,398.7,76057,68.0
64533,232.0,75802,68.0
64639,324.5,75951,68.0
64564,239.5,75833,68.0
64565,230.9,75821,68.0
64609,263.9,75873,68.0
64712,352.2,76048,68.0
64640,269.0,75907,68.0
65053,654.7,76547,68.0
65195,764.9,76812,68.0
65059,603.7,76612,68.0
65140,657.3,76718,68.0
65418,897.9,77153,68.0
65362,808.2,77085,68.0
65396,808.5,77123,68.0
65498,874.1,77274,68.0
65638,973.6,77475,68.0
65446,750.3,77186,68.0
65473,746.2,77188,68.0
65525,766.3,77310,68.0
65412,627.1,77119,68.0
65502,688.5,77268,68.0
65540,697.4,77300,68.0
65599,726.1,77414,68.0
65682,776.8,77520,68.0
65972,1024.1,77993,68.0
65844,860.3,77829,68.0
65858,839.3,77824,68.0
65968,911.3,78011,68.0
65867,777.9,77851,68.0
65894,772.7,77884,68.0
66108,947.2,78215,68.0
66208,1005.4,78388,68.0
66111,872.0,78215,68.0
66042,770.9,78085,68.0
66076,772.7,78124,68.0
66025,692.8,78042,68.0
66043,682.4,78041,68.0
66157,764.5,78229,68.0
66090,669.6,78128,68.0
65917,476.8,77852,68.0
66369,891.6,78500,68.0
66544,1024.0,78834,68.0
66260,710.4,78373,68.0
66317,736.7,78448,68.0
66476,859.8,78715,68.0
66513,861.0,78780,68.0
66433,749.7,78655,68.0
66507,790.8,78760,68.0
66585,834.0,78898,68.0
66485,704.7,78724,68.0
66424,617.9,78610,68.0
66442,610.5,78625,68.0
66314,463.2,78426,68.0
66267,399.5,78345,68.0
66260,376.8,78357,68.0
66165,270.6,78201,68.0
66443,526.6,78621,68.0
66427,490.2,78622,68.0
66382,427.4,78516,68.0
66321,351.7,78442,68.0
66130,154.3,78121,68.0
66254,267.2,78314,68.0
66173,178.7,78201,68.0
66131,131.3,78122,68.0
66087,83.8,78055,68.0
66175,164.9,78185,68.0
66031,20.1,77980,68.0
65912,-95.0,77795,68.0
65887,-115.2,77773,68.0
65826,-169.1,77698,68.0
65522,-454.2,77317,68.0
65057,-882.4,76667,68.0
65069,-835.6,76607,68.0
65109,-763.8,76680,68.0
64853,-979.0,76331,68.0
64904,-890.9,76358,68.0
64828,-928.2,76226,68.0
64828,-891.1,76170,68.0
64688,-989.8,75942,68.0
64828,-815.8,76062,68.0
64698,-908.0,75886,68.0
64412,-1146.3,75401,68.0
64499,-1016.9,75436,68.0
64665,-816.8,75550,68.0
64729,-722.7,75569,68.0
64683,-738.0,75382,68.0
64991,-412.8,75768,68.0
65144,-249.4,75975,68.0
65166,-218.3,76020,68.0
65235,-143.3,76069,68.0
65323,-53.1,76199,68.0
65128,-238.2,75820,68.0
65196,-163.4,75909,68.0
65226,-128.0,75941,68.0
65079,-264.0,75682,68.0
65084,-248.7,75629,68.0
65460,122.2,76238,68.0
65448,105.8,76222,68.0
65213,-124.0,75818,68.0
65170,-160.3,75682,68.0
65353,21.8,75927,68.0
65303,-27.1,75818,68.0
65241,-85.5,75688,68.0
65292,-33.2,75772,68.0
65265,-57.8,75723,68.0
65425,98.2,75977,68.0
65479,146.1,76098,68.0
65450,112.4,76067,68.0
65235,-98.5,75667,68.0
65503,162.7,76081,68.0
65392,49.6,75973,68.0
65367,23.7,75875,68.0
65384,39.0,75963,68.0
65136,-200.6,75521,68.0
65194,-136.9,75608,68.0
65090,-231.3,75435,68.0
65064,-247.0,75395,68.0
65104,-198.7,75448,68.0
65310,7.0,75809,68.0
65126,-169.9,75567,68.0
64968,-314.8,75286,68.0
65113,-163.0,75497,68.0
64871,-388.8,75080,68.0
64861,-382.9,74987,68.0
64988,-245.6,75190,68.0
64920,-301.1,75049,68.0
64885,-322.6,74997,68.0
64872,-322.2,74937,68.0
65000,-186.4,75146,68.0
64715,-452.6,74664,68.0
64575,-568.9,74402,68.0
64425,-690.1,74128,68.0
64594,-500.3,74332,68.0
64504,-566.7,74230,68.0
64352,-689.9,73952,68.0
64449,-569.2,74086,68.0
64615,-387.1,74346,68.0
64699,-291.0,74513,68.0
64689,-288.9,74489,68.0
64656,-309.0,74444,68.0
64524,-423.4,74202,68.0
64634,-300.9,74370,68.0
64704,-221.6,74471,68.0
64899,-25.6,74789,68.0
64913,-11.1,74867,68.0
64930,5.7,74886,68.0
64964,38.1,74953,68.0
64948,21.2,74887,68.0
65355,411.1,75532,68.0
65467,502.1,75780,68.0
65365,384.1,75635,68.0
65306,312.1,75527,68.0
65648,628.0,76107,68.0
65665,619.2,76202,68.0
65733,659.7,76305,68.0
65825,721.6,76510,68.0
65536,415.3,76003,68.0
65659,516.8,76175,68.0
65739,572.9,76319,68.0
65910,714.1,76595,68.0
65969,742.2,76722,68.0
65930,675.1,76649,68.0
66038,751.8,76821,68.0
66142,821.5,76991,68.0
66201,845.3,77098,68.0
66051,667.5,76870,68.0
65904,499.7,76597,68.0
65996,568.0,76771,68.0
66117,661.5,76975,68.0
66223,736.8,77190,68.0
65898,395.3,76626,68.0
66083,557.1,76884,68.0
66110,560.7,76964,68.0
65980,413.5,76740,68.0
66078,491.0,76895,68.0
66060,454.1,76884,68.0
66022,399.5,76806,68.0
65931,296.1,76651,68.0
65546,-85.3,75995,68.0
65461,-163.5,75796,68.0
65546,-75.4,75926,68.0
65581,-38.7,75969,68.0
65612,-7.4,76014,68.0
65650,29.3,76024,68.0
65974,339.2,76475,68.0
66010,360.2,76564,68.0
65918,257.5,76346,68.0
66161,480.5,76734,68.0
65851,163.6,76234,68.0
65868,173.4,76180,68.0
65953,248.1,76336,68.0
65959,243.9,76304,68.0
66166,432.9,76668,68.0
65941,199.6,76279,68.0
66004,252.1,76369,68.0
66012,249.7,76338,68.0
66087,311.7,76443,68.0
66035,249.3,76337,68.0
66207,404.4,76619,68.0
66178,360.4,76581,68.0
66203,370.0,76616,68.0
66071,228.5,76413,68.0
65905,60.0,76111,68.0
65868,22.1,76016,68.0
65840,-5.7,75962,68.0
65827,-18.0,75924,68.0
65852,6.8,75939,68.0
65834,-10.8,75901,68.0
65948,99.1,76031,68.0
66269,403.3,76575,68.0
66201,321.9,76451,68.0
66167,276.4,76377,68.0
66015,119.4,76107,68.0
66115,210.6,76233,68.0
66028,118.7,76134,68.0
65760,-143.4,75672,68.0
66015,107.2,76057,68.0
66466,535.8,76842,68.0
66725,763.0,77330,68.0
66992,988.8,77800,68.0
67155,1105.8,78159,68.0
67038,949.2,77965,68.0
66996,870.9,77886,68.0
66951,792.9,77792,68.0
67000,808.2,77873,68.0
66960,737.5,77773,68.0
66919,668.6,77686,68.0
67176,888.6,78106,68.0
67244,918.3,78233,68.0
67235,873.0,78206,68.0
67299,899.5,78321,68.0
67516,1071.8,78694,68.0
67493,1006.9,78672,68.0
67785,1246.9,79150,68.0
67837,1247.0,79292,68.0
67896,1253.7,79373,68.0
67989,1292.9,79542,68.0
67948,1201.8,79469,68.0
67936,1142.2,79454,68.0
67959,1118.6,79474,68.0
67990,1103.6,79534,68.0
67879,952.9,79315,68.0
68233,1254.6,79890,68.0
68143,1118.0,79758,68.0
68020,955.2,79495,68.0
68148,1039.9,79719,68.0
68210,1057.8,79833,68.0
68067,878.2,79598,68.0
68014,792.2,79457,68.0
68295,1030.3,79932,68.0
68263,958.4,79915,68.0
68163,824.0,79694,68.0
68395,1013.8,80101,68.0
68106,695.8,79620,68.0
68114,675.6,79571,68.0
68201,732.1,79760,68.0
68033,541.6,79460,68.0
68033,519.9,79457,68.0
67842,315.8,79096,68.0
67791,254.2,78980,68.0
67779,232.5,78975,68.0
67670,118.5,78776,68.0
67684,127.2,78792,68.0
67649,88.5,78739,68.0
67681,115.7,78808,68.0
67727,155.2,78882,68.0
67820,238.3,79048,68.0
67739,151.0,78912,68.0
67739,145.0,78908,68.0
67672,74.9,78784,68.0
67616,18.1,78674,68.0
67674,73.1,78772,68.0
67625,23.1,78688,68.0
67634,30.8,78682,68.0
67834,221.6,78997,68.0
67738,120.6,78856,68.0
67822,196.4,78976,68.0
67631,5.2,78641,68.0
67864,228.6,78999,68.0
67864,219.5,79049,68.0
67858,205.0,79006,68.0
68002,335.0,79255,68.0
68054,371.5,79346,68.0
68048,350.9,79354,68.0
67985,276.4,79225,68.0
67959,240.4,79191,68.0
67868,143.4,79037,68.0
67824,95.4,78947,68.0
67960,222.2,79159,68.0
68049,298.7,79330,68.0
68035,273.3,79295,68.0
67916,148.2,79091,68.0
67851,79.8,78951,68.0
68019,237.9,79223,68.0
68082,288.9,79319,68.0
67999,197.6,79185,68.0
68121,306.9,79370,68.0
68200,370.4,79506,68.0
68341,491.0,79729,68.0
68590,710.4,80123,68.0
68450,547.5,79913,68.0
68602,671.6,80132,68.0
68572,615.9,80115,68.0
68553,573.0,80053,68.0
68737,726.7,80372,68.0
68587,553.7,80131,68.0
68630,572.8,80170,68.0
68534,457.7,80012,68.0
68564,468.2,80042,68.0
68565,450.5,80038,68.0
68629,493.9,80132,68.0
68706,548.0,80244,68.0
68901,713.3,80529,68.0
68926,708.8,80581,68.0
69179,923.3,80940,68.0
69384,1083.2,81288,68.0
69413,1067.7,81325,68.0
69370,983.7,81262,68.0
69253,832.0,81077,68.0
69159,708.5,80916,68.0
69170,690.7,80911,68.0
69263,752.4,81057,68.0
69367,822.1,81241,68.0
69178,607.8,80911,68.0
69317,716.9,81096,68.0
69393,761.2,81244,68.0
69278,620.4,81058,68.0
69194,514.9,80894,68.0
69243,541.3,80954,68.0
69541,805.8,81423,68.0
69968,1183.5,82098,68.0
70241,1398.2,82575,68.0
70002,1112.8,82188,68.0
69996,1062.6,82148,68.0
69989,1013.3,82145,68.0
70224,1198.4,82548,68.0
70208,1135.1,82525,68.0
70323,1200.1,82704,68.0
70262,1093.5,82621,68.0
70180,971.1,82470,68.0
70070,826.6,82261,68.0
70140,860.8,82368,68.0
70130,816.7,82368,68.0
70060,716.9,82257,68.0
70114,740.0,82328,68.0
70129,724.8,82355,68.0
70178,742.9,82429,68.0
70416,941.6,82798,68.0
70535,1018.2,83008,68.0
70534,976.5,83005,68.0
70542,945.1,83027,68.0
70458,826.7,82882,68.0
70628,956.8,83137,68.0
70535,829.3,83033,68.0
70480,743.3,82900,68.0
70624,851.8,83123,68.0
70550,746.7,83013,68.0
70558,724.5,83016,68.0
70603,738.7,83067,68.0
70615,720.7,83076,68.0
70512,593.0,82916,68.0
70632,684.5,83103,68.0
70652,676.3,83162,68.0
70659,656.0,83165,68.0
70636,607.6,83143,68.0
70463,417.3,82854,68.0
70452,390.0,82837,68.0
70417,340.8,82784,68.0
70392,303.2,82731,68.0
70470,365.9,82868,68.0
70247,137.2,82507,68.0
70358,238.3,82653,68.0
70516,380.4,82945,68.0
70353,208.7,82671,68.0
70353,200.4,82669,68.0
70247,90.6,82518,68.0
70046,-106.0,82172,68.0
69996,-149.7,82073,68.0
70021,-119.7,82118,68.0
70129,-11.3,82304,68.0
70053,-83.8,82216,68.0
69890,-236.9,81931,68.0
69979,-142.0,82070,68.0
69968,-146.9,82068,68.0
69882,-223.6,81914,68.0
69960,-139.7,82051,68.0
69923,-169.7,82001,68.0
69916,-169.6,81960,68.0
69794,-279.9,81747,68.0
69818,-245.7,81777,68.0
69738,-312.7,81652,68.0
69710,-327.0,81588,68.0
69591,-428.2,81405,68.0
69457,-539.7,81166,68.0
69707,-278.1,81585,68.0
69550,-417.7,81356,68.0
69551,-400.1,81327,68.0
69594,-342.8,81437,68.0
69464,-453.9,81219,68.0
69421,-477.0,81146,68.0
69437,-442.5,81176,68.0
69468,-395.1,81223,68.0
69439,-407.1,81173,68.0
69431,-398.5,81143,68.0
69422,-391.2,81113,68.0
69448,-350.6,81167,68.0
69324,-455.6,80955,68.0
69388,-376.0,81040,68.0
69333,-413.7,80967,68.0
69347,-383.7,80987,68.0
69420,-298.3,81113,68.0
69512,-198.0,81267,68.0
69455,-244.8,81182,68.0
69512,-180.3,81266,68.0
69539,-147.2,81320,68.0
69585,-97.1,81369,68.0
69688,5.6,81533,68.0
69734,49.6,81613,68.0
69771,83.1,81668,68.0
69677,-10.5,81492,68.0
69695,7.2,81520,68.0
69780,88.5,81668,68.0
69948,246.3,81941,68.0
69928,217.2,81923,68.0
69990,268.1,82027,68.0
70065,329.3,82157,68.0
70184,430.4,82343,68.0
69975,212.5,81983,68.0
69955,184.8,81935,68.0
69990,211.0,82000,68.0
69925,140.2,81890,68.0
69868,79.9,81809,68.0
69912,118.9,81878,68.0
69919,120.9,81880,68.0
69836,36.4,81730,68.0
69897,93.5,81798,68.0
69970,159.8,81928,68.0
69873,60.3,81761,68.0
69868,53.1,81753,68.0
69842,26.0,81718,68.0
69777,-37.4,81613,68.0
69624,-182.8,81313,68.0
69754,-50.7,81496,68.0
69747,-55.4,81507,68.0
69759,-41.7,81548,68.0
70573,741.4,82815,68.0
70275,425.7,82492,68.0
70243,378.0,82388,68.0
70579,685.4,82956,68.0
70289,379.6,82532,68.0
70251,327.9,82450,68.0
70160,227.4,82308,68.0
70063,125.2,82138,68.0
69964,25.2,81968,68.0
69875,-61.3,81830,68.0
69828,-103.9,81758,68.0
69786,-140.1,81701,68.0
69713,-204.6,81581,68.0
69833,-81.2,81787,68.0
69802,-107.7,81752,68.0
69805,-100.5,81761,68.0
69743,-156.0,81680,68.0
69595,-291.9,81432,68.0
69563,-310.9,81386,68.0
69445,-411.8,81192,68.0
69414,-425.0,81138,68.0
69300,-517.5,80931,68.0
69293,-503.5,80895,68.0
69307,-469.9,80922,68.0
69296,-461.7,80921,68.0
69122,-610.3,80617,68.0
69167,-542.6,80693,68.0
69061,-622.7,80541,68.0
69097,-563.2,80597,68.0
69086,-551.3,80589,68.0
69049,-564.7,80499,68.0
69045,-546.0,80471,68.0
69085,-485.7,80531,68.0
68992,-555.6,80387,68.0
68900,-621.7,80213,68.0
68945,-553.6,80272,68.0
68972,-505.6,80318,68.0
68966,-491.1,80321,68.0
69010,-429.2,80380,68.0
69150,-277.6,80604,68.0
69148,-268.5,80605,68.0
69120,-284.6,80535,68.0
69260,-138.8,80754,68.0
69258,-135.2,80762,68.0
69167,-217.1,80618,68.0
69145,-229.6,80591,68.0
69193,-174.3,80652,68.0
69300,-64.6,80846,68.0
69184,-173.4,80666,68.0
69305,-50.3,80839,68.0
69357,1.6,80930,68.0
69336,-18.6,80909,68.0
69385,29.2,80987,68.0
69363,6.9,80973,68.0
69325,-29.8,80904,68.0
69321,-32.5,80897,68.0
69239,-109.9,80755,68.0
69279,-67.1,80798,68.0
69335,-10.7,80888,68.0
69413,64.6,81032,68.0
69319,-28.2,80884,68.0
69421,70.8,81034,68.0
69448,93.9,81093,68.0
69501,141.1,81174,68.0
69462,98.0,81128,68.0
69492,122.8,81150,68.0
69545,168.8,81256,68.0
69420,42.1,81055,68.0
69579,193.0,81292,68.0
69532,140.2,81254,68.0
69463,68.3,81121,68.0
69533,132.8,81212,68.0
69673,261.9,81424,68.0
69765,339.7,81584,68.0
69558,127.4,81244,68.0
69641,202.0,81385,68.0
69621,174.7,81353,68.0
69781,321.3,81593,68.0
70060,576.3,82024,68.0
70495,970.9,82682,68.0
70520,956.0,82741,68.0
70332,737.3,82480,68.0
70142,525.4,82229,68.0
69766,143.5,81678,68.0
69798,168.4,81725,68.0
69789,153.1,81777,68.0
69751,110.5,81774,68.0
69676,34.0,81677,68.0
69561,-77.7,81516,68.0
69561,-74.6,81539,68.0
69546,-86.0,81542,68.0
69470,-155.5,81460,68.0
69469,-150.3,81472,68.0
69432,-179.8,81431,68.0
69302,-297.4,81272,68.0
69232,-352.7,81182,68.0
69154,-413.5,81087,68.0
69030,-516.0,80921,68.0
68887,-632.6,80751,68.0
68708,-779.2,80503,68.0
68689,-766.2,80464,68.0
68538,-880.5,80238,68.0
68670,-718.6,80376,68.0
68671,-688.9,80350,68.0
68684,-648.9,80330,68.0
68783,-527.9,80435,68.0
68870,-423.2,80560,68.0
68918,-360.2,80586,68.0
69136,-136.5,80887,68.0
68993,-268.4,80713,68.0
69060,-193.3,80785,68.0
69077,-169.2,80806,68.0
69159,-83.8,80911,68.0
69220,-21.8,81014,68.0
69224,-17.1,81040,68.0
69277,34.4,81097,68.0
69400,151.1,81277,68.0
69257,7.8,81091,68.0
69257,7.5,81054,68.0
69335,82.1,81157,68.0
69266,12.5,81034,68.0
69299,43.7,81055,68.0
69342,83.3,81106,68.0
69378,114.5,81169,68.0
69240,-22.6,80984,68.0
69208,-52.4,80943,68.0
69241,-18.6,80986,68.0
69438,171.2,81271,68.0
69244,-21.8,81001,68.0
69243,-21.9,80976,68.0
69359,90.3,81162,68.0
69347,75.2,81140,68.0
69335,60.6,81116,68.0
69352,74.5,81133,68.0
69345,64.8,81117,68.0
69305,23.8,81026,68.0
69399,113.1,81156,68.0
69343,54.8,81069,68.0
69342,51.7,81039,68.0
69309,17.9,81011,68.0
69236,-52.9,80898,68.0
69269,-19.1,80949,68.0
69237,-49.0,80905,68.0
69354,65.3,81069,68.0
69369,77.0,81081,68.0
69596,291.9,81395,68.0
69564,249.5,81376,68.0
69470,149.3,81230,68.0
69363,40.6,81061,68.0
69319,-3.3,80988,68.0
69157,-158.7,80738,68.0
69110,-197.4,80634,68.0
69125,-175.1,80664,68.0
69083,-208.5,80581,68.0
69141,-144.4,80677,68.0
69113,-165.5,80639,68.0
69034,-234.8,80527,68.0
69084,-177.4,80606,68.0
69167,-90.6,80736,68.0
69183,-71.6,80740,68.0
69208,-44.8,80771,68.0
69165,-84.2,80706,68.0
69197,-50.2,80757,68.0
69144,-99.0,80661,68.0
69167,-73.0,80705,68.0
69025,-206.4,80482,68.0
69082,-143.4,80540,68.0
69147,-75.3,80625,68.0
69148,-71.3,80619,68.0
69231,11.2,80722,68.0
69383,156.7,80927,68.0
69446,210.9,81036,68.0
69430,187.1,81016,68.0
69565,309.2,81212,68.0
69507,241.2,81151,68.0
69405,133.6,80995,68.0
69516,234.8,81142,68.0
69621,326.2,81322,68.0
69609,301.7,81286,68.0
69882,551.7,81671,68.0
69942,587.2,81789,68.0
69855,480.2,81643,68.0
69908,511.9,81716,68.0
69698,289.8,81404,68.0
69771,348.3,81495,68.0
69722,287.3,81437,68.0
69859,407.3,81613,68.0
70034,559.0,81887,68.0
69893,401.3,81672,68.0
70227,705.9,82140,68.0
70048,505.8,81916,68.0
70114,549.0,81980,68.0
70182,592.3,82105,68.0
70115,504.3,82001,68.0
70107,476.4,81994,68.0
70179,526.5,82092,68.0
70330,650.4,82317,68.0
70294,589.8,82265,68.0
70187,463.5,82112,68.0
70014,278.9,81842,68.0
70263,506.8,82180,68.0
70346,566.2,82323,68.0
70144,349.6,82032,68.0
70257,444.1,82187,68.0
70163,336.1,82053,68.0
70362,513.7,82328,68.0
70200,337.6,82110,68.0
70360,477.7,82309,68.0
70397,494.1,82375,68.0
70332,412.0,82252,68.0
70751,797.7,82849,68.0
70607,627.6,82680,68.0
70454,455.6,82442,68.0
70408,393.2,82373,68.0
70284,258.4,82180,68.0
70199,166.5,82056,68.0
70030,-2.4,81796,68.0
70050,16.9,81816,68.0
70028,-4.9,81794,68.0
70011,-21.0,81774,68.0
69826,-197.8,81490,68.0
69935,-85.2,81636,68.0
69912,-103.9,81617,68.0
69867,-142.9,81540,68.0
69879,-125.7,81568,68.0
69915,-86.1,81617,68.0
69811,-182.5,81462,68.0
69760,-224.2,81369,68.0
69888,-92.3,81573,68.0
69679,-289.3,81249,68.0
69524,-426.5,80969,68.0
69601,-335.5,81073,68.0
69706,-221.3,81269,68.0
69518,-392.9,80971,68.0
69574,-323.5,81039,68.0
69593,-292.3,81078,68.0
69690,-187.5,81233,68.0
69718,-153.1,81302,68.0
69618,-243.0,81138,68.0
69715,-140.1,81283,68.0
69715,-134.5,81292,68.0
69687,-156.0,81254,68.0
69695,-142.1,81263,68.0
69708,-123.9,81280,68.0
69713,-114.2,81284,68.0
69732,-91.4,81308,68.0
69737,-82.9,81303,68.0
69824,3.9,81425,68.0
69917,93.0,81596,68.0
69808,-15.3,81427,68.0
69863,38.1,81508,68.0
70226,385.0,82030,68.0
70361,499.2,82246,68.0
70369,486.9,82239,68.0
70436,531.8,82350,68.0
70338,416.4,82199,68.0
70571,623.5,82523,68.0
70690,712.8,82697,68.0
70571,570.0,82546,68.0
70505,483.9,82424,68.0
70608,563.4,82565,68.0
70532,467.9,82452,68.0
70564,479.9,82489,68.0
70644,537.5,82588,68.0
70849,712.8,82864,68.0
70929,761.1,82982,68.0
71097,891.9,83216,68.0
71089,848.6,83220,68.0
70903,636.1,82955,68.0
71005,708.5,83092,68.0
71025,699.4,83120,68.0
70947,596.5,83022,68.0
70882,510.3,82940,68.0
71050,651.1,83171,68.0
70983,560.8,83103,68.0
70803,365.5,82817,68.0
70753,302.9,82747,68.0
70642,184.2,82573,68.0
70553,91.4,82427,68.0
70457,-4.4,82260,68.0
70532,67.8,82375,68.0
70466,1.7,82303,68.0
70357,-103.0,82117,68.0
70382,-74.9,82167,68.0
70322,-129.5,82057,68.0
70372,-76.3,82140,68.0
70307,-135.7,82045,68.0
70430,-12.1,82239,68.0
70450,7.5,82294,68.0
70304,-132.9,82052,68.0
70391,-44.1,82192,68.0
70377,-55.8,82167,68.0
70278,-148.6,81991,68.0
70276,-144.6,81978,68.0
70343,-74.5,82062,68.0
70373,-42.7,82134,68.0
70220,-187.8,81890,68.0
70268,-134.2,81956,68.0
70323,-76.1,82058,68.0
70302,-93.2,82015,68.0
70453,55.5,82237,68.0
70563,158.9,82398,68.0
71036,606.6,83072,68.0
71170,711.0,83294,68.0
71013,531.8,83056,68.0
71103,596.9,83182,68.0
71067,538.5,83134,68.0
71003,455.5,83014,68.0
71257,681.1,83385,68.0
70959,367.8,82934,68.0
71148,534.5,83181,68.0
70998,369.2,82999,68.0
70989,345.8,82938,68.0
71202,536.4,83275,68.0
71044,363.3,83042,68.0
71109,411.1,83139,68.0
71213,494.5,83282,68.0
71200,462.3,83275,68.0
71111,358.3,83151,68.0
71190,419.8,83258,68.0
71359,565.3,83491,68.0
71542,718.4,83749,68.0
71467,617.6,83647,68.0
71383,512.3,83515,68.0
71294,406.4,83376,68.0
71187,287.4,83208,68.0
71191,279.7,83209,68.0
71241,316.5,83284,68.0
71272,333.6,83335,68.0
71218,268.5,83248,68.0
71514,541.9,83656,68.0
71620,622.0,83828,68.0
71523,504.0,83674,68.0
71520,480.9,83680,68.0
71666,601.8,83884,68.0
71668,579.7,83904,68.0
71491,386.6,83631,68.0
71620,495.0,83809,68.0
71512,371.5,83645,68.0
71459,305.7,83544,68.0
71374,211.9,83412,68.0
71456,282.1,83517,68.0
71428,244.0,83487,68.0
71366,174.7,83397,68.0
71453,251.2,83500,68.0
71738,514.8,83915,68.0
71427,195.6,83471,68.0
71552,307.8,83622,68.0
71591,332.9,83703,68.0
71704,428.1,83848,68.0
71768,472.4,83960,68.0
71654,344.1,83782,68.0
71782,453.2,83954,68.0
71683,340.0,83813,68.0
71671,314.9,83767,68.0
71636,268.7,83721,68.0
71590,213.8,83630,68.0
71688,299.3,83771,68.0
71507,113.6,83499,68.0
71676,271.3,83734,68.0
71808,387.2,83939,68.0
71817,380.3,83938,68.0
71817,365.1,83957,68.0
71712,249.7,83774,68.0
72021,536.4,84231,68.0
71822,323.9,83961,68.0
71784,274.4,83896,68.0
71674,157.8,83737,68.0
71746,220.6,83818,68.0
71710,177.3,83765,68.0
71623,86.7,83624,68.0
71680,137.9,83705,68.0
71761,210.1,83819,68.0
71884,319.8,84019,68.0
71909,331.0,84037,68.0
72157,555.9,84392,68.0
71982,365.6,84156,68.0
71993,361.6,84147,68.0
72083,433.5,84293,68.0
72075,408.5,84268,68.0
72119,434.4,84354,68.0
72037,338.3,84229,68.0
72179,461.1,84434,68.0
72070,338.0,84274,68.0
71970,228.5,84102,68.0
71951,201.1,84060,68.0
72027,266.0,84156,68.0
72114,338.9,84285,68.0
71993,209.2,84106,68.0
71937,147.0,84025,68.0
71884,90.3,83921,68.0
72122,315.1,84265,68.0
72149,328.5,84335,68.0
72030,201.1,84141,68.0
72205,361.0,84388,68.0
72086,232.4,84242,68.0
71909,53.1,83959,68.0
71933,74.1,83996,68.0
71982,118.1,84070,68.0
71908,42.4,83950,68.0
71963,93.5,84011,68.0
71964,90.7,84025,68.0
71837,-34.9,83808,68.0
71934,59.7,83948,68.0
71963,85.1,83995,68.0
71877,-0.8,83876,68.0
71863,-14.2,83837,68.0
71919,40.1,83930,68.0
71789,-86.3,83730,68.0
71724,-145.3,83630,68.0
71674,-187.5,83552,68.0
71791,-67.6,83729,68.0
71694,-158.1,83573,68.0
71770,-78.8,83690,68.0
71644,-196.6,83514,68.0
71832,-8.2,83761,68.0
71686,-148.1,83559,68.0
71605,-219.9,83392,68.0
71705,-115.1,83545,68.0
71728,-88.4,83555,68.0
71783,-32.1,83645,68.0
71754,-58.6,83586,68.0
71719,-89.9,83540,68.0
71703,-101.7,83500,68.0
71707,-93.8,83515,68.0
71614,-179.3,83371,68.0
71670,-118.4,83434,68.0
71888,95.7,83763,68.0
71664,-123.2,83447,68.0
71623,-157.6,83356,68.0
71753,-26.5,83558,68.0
71695,-81.2,83481,68.0
71636,-134.5,83378,68.0
71633,-132.0,83351,68.0
71627,-132.5,83324,68.0
71717,-40.8,83439,68.0
71775,16.5,83525,68.0
71823,61.9,83586,68.0
71890,123.8,83684,68.0
71887,115.9,83684,68.0
71897,120.9,83687,68.0
72037,250.5,83875,68.0
71907,115.6,83706,68.0
71737,-52.2,83445,68.0
71807,17.1,83541,68.0
71862,69.2,83624,68.0
71795,2.1,83529,68.0
71800,6.8,83531,68.0
71843,47.8,83599,68.0
71769,-25.1,83482,68.0
71942,142.0,83703,68.0
71820,19.2,83513,68.0
71893,88.5,83590,68.0
71996,183.8,83741,68.0
71992,172.6,83736,68.0
71910,87.0,83613,68.0
71956,127.7,83664,68.0
72126,285.8,83902,73.4
72148,295.5,83948,73.4
72010,151.2,83750,73.4
72063,196.0,83802,73.4
72067,192.0,83812,73.4
72019,138.3,83739,73.4
72132,241.2,83906,73.4
72014,118.3,83734,73.4
72331,417.9,84163,73.4
72336,406.0,84211,73.4
72077,141.1,83821,73.4
72162,217.0,83929,73.4
72073,122.9,83805,73.4
72107,150.6,83800,73.4
72186,220.5,83913,73.4
72148,175.2,83852,73.4
72257,272.8,83998,73.4
72295,298.4,84053,73.4
72396,383.4,84198,73.4
72347,321.0,84136,73.4
72458,414.7,84275,73.4
72460,400.1,84293,73.4
72351,279.4,84124,73.4
72346,263.4,84119,73.4
72488,389.2,84312,73.4
72479,365.0,84320,73.4
72564,432.0,84415,73.4
72587,436.8,84481,73.4
72478,314.7,84313,73.4
72491,314.6,84329,73.4
72510,320.2,84349,73.4
72451,250.8,84236,73.4
72472,260.9,84257,73.4
72433,213.0,84184,73.4
72566,332.2,84343,73.4
72605,356.3,84419,73.4
72482,224.0,84252,73.4
72479,212.2,84224,73.4
72675,391.8,84493,73.4
72707,406.9,84547,73.4
72767,448.2,84626,73.4
72751,414.9,84617,73.4
72803,448.2,84687,73.4
72973,593.5,84931,73.4
73013,608.2,84999,73.4
72999,570.4,84981,73.4
72990,539.0,84972,73.4
73047,572.1,85038,73.4
73118,617.4,85156,73.4
73011,490.0,84990,73.4
72980,440.6,84916,73.4
73050,490.2,84993,73.4
73080,499.4,85036,73.4
73083,482.3,85043,73.4
73007,390.0,84932,73.4
73117,480.0,85075,73.4
73170,511.7,85166,73.4
73144,466.3,85132,73.4
73098,403.5,85063,73.4
73214,498.7,85219,73.4
73228,492.2,85247,73.4
73267,509.9,85300,73.4
73246,469.4,85282,73.4
73239,443.9,85278,73.4
73230,417.5,85269,73.4
73219,390.2,85240,73.4
73230,385.2,85272,73.4
73121,265.1,85122,73.4
73157,289.1,85149,73.4
73098,220.9,85053,73.4
73040,156.4,84962,73.4
72958,71.4,84843,73.4
72969,79.1,84838,73.4
73148,247.8,85089,73.4
73119,210.0,85067,73.4
73063,147.9,84976,73.4
73090,167.9,85017,73.4
73125,194.8,85066,73.4
73076,139.9,85003,73.4
72991,52.7,84882,73.4
72917,-20.4,84774,73.4
72956,17.8,84825,73.4
72920,-17.4,84785,73.4
72871,-63.8,84707,73.4
72925,-9.4,84788,73.4
72918,-15.7,84777,73.4
72884,-47.7,84733,73.4
72832,-95.7,84651,73.4
72895,-31.4,84704,73.4
72951,23.6,84786,73.4
72852,-72.4,84640,73.4
72860,-61.8,84640,73.4
72949,26.1,84768,73.4
72987,61.5,84833,73.4
72952,25.5,84771,73.4
73164,228.0,85076,73.4
73275,325.4,85237,73.4
73302,338.3,85293,73.4
73285,308.5,85266,73.4
73377,384.4,85397,73.4
73341,334.5,85368,73.4
73344,324.0,85363,73.4
73359,325.4,85396,73.4
73557,502.5,85661,73.4
73564,489.1,85715,73.4
73505,412.9,85608,73.4
73620,506.8,85764,73.4
73681,545.1,85840,73.4
73684,526.2,85847,73.4
73714,533.9,85892,73.4
73715,513.5,85891,73.4
73869,640.8,86108,73.4
73854,600.8,86107,73.4
73848,571.0,86085,73.4
73928,625.0,86198,73.4
73953,624.0,86244,73.4
73936,582.7,86231,73.4
73922,545.9,86211,73.4
74000,599.0,86325,73.4
74067,639.3,86426,73.4
74175,717.4,86574,73.4
74124,639.8,86524,73.4
74013,507.6,86377,73.4
74142,611.2,86532,73.4
74122,567.5,86501,73.4
74124,546.7,86493,73.4
74191,589.2,86585,73.4
74272,643.4,86700,73.4
74210,558.1,86627,73.4
74332,652.9,86785,73.4
74419,710.3,86920,73.4
74420,682.9,86942,73.4
74414,649.8,86942,73.4
74418,627.6,86962,73.4
74440,623.7,86998,73.4
74434,593.0,87007,73.4
74459,593.2,87045,73.4
74549,655.9,87157,73.4
74580,659.4,87209,73.4
74583,635.9,87223,73.4
74590,617.2,87233,73.4
74549,553.2,87177,73.4
74481,465.8,87098,73.4
74487,452.9,87099,73.4
74480,428.1,87084,73.4
74491,421.5,87095,73.4
74418,334.6,87010,73.4
74416,319.3,87010,73.4
74452,341.0,87059,73.4
74463,338.0,87080,73.4
74440,302.4,87057,73.4
74395,247.1,86997,73.4
74405,246.8,87013,73.4
74398,230.2,87003,73.4
74387,210.4,87005,73.4
74190,12.9,86759,73.4
74128,-47.1,86676,73.4
74109,-63.5,86650,73.4
74016,-150.2,86515,73.4
74035,-126.0,86536,73.4
73992,-162.2,86466,73.4
73962,-184.5,86428,73.4
73919,-218.4,86377,73.4
73933,-196.3,86387,73.4
73973,-150.0,86444,73.4
74045,-74.9,86542,73.4
74056,-61.3,86563,73.4
74052,-62.7,86559,73.4
74068,-44.9,86588,73.4
74071,-40.2,86593,73.4
74037,-71.2,86566,73.4
74097,-10.8,86636,73.4
74113,5.0,86668,73.4
74098,-9.6,86651,73.4
74158,48.4,86734,73.4
74141,30.1,86702,73.4
74143,30.9,86690,73.4
74172,57.5,86730,73.4
74143,27.3,86694,73.4
74148,31.0,86711,73.4
74219,97.9,86808,73.4
74148,25.9,86727,73.4
74181,56.5,86768,73.4
74264,133.9,86874,73.4
74216,82.5,86829,73.4
74192,56.2,86803,73.4
74216,77.0,86838,73.4
74251,107.5,86890,73.4
74279,130.1,86927,73.4
74285,130.6,86951,73.4
74262,103.3,86921,73.4
74233,71.3,86871,73.4
74236,71.4,86866,73.4
74236,68.5,86863,73.4
74283,110.9,86923,73.4
74285,108.4,86933,73.4
74247,67.6,86888,73.4
74270,86.9,86921,73.4
74272,85.4,86932,73.4
74283,92.5,86947,73.4
74200,9.1,86850,73.4
74195,4.0,86845,73.4
74237,44.1,86899,73.4
74221,27.0,86882,73.4
74213,18.3,86882,73.4
74235,38.7,86908,73.4
74352,149.4,87053,73.4
74383,173.2,87090,73.4
74391,174.0,87094,73.4
74431,205.4,87144,73.4
74428,194.3,87143,73.4
74422,180.8,87124,73.4
74423,174.5,87135,73.4
74465,207.8,87191,73.4
74486,219.7,87223,73.4
74442,168.7,87170,73.4
74421,141.8,87148,73.4
74419,134.2,87145,73.4
74443,151.8,87185,73.4
74424,127.5,87161,73.4
74532,226.1,87289,73.4
74513,198.8,87272,73.4
74593,267.7,87369,73.4
74544,209.9,87310,73.4
74582,238.0,87340,73.4
74558,205.4,87309,73.4
74596,233.7,87349,73.4
74549,179.2,87304,73.4
74550,173.0,87307,73.4
74633,245.8,87414,73.4
74615,218.7,87397,73.4
74593,188.8,87367,73.4
74672,257.1,87464,73.4
74699,272.7,87503,73.4
74657,221.5,87463,73.4
74645,201.1,87447,73.4
74703,248.7,87519,73.4
74709,244.6,87531,73.4
74720,245.3,87539,73.4
74635,153.9,87436,73.4
74627,140.1,87409,73.4
74652,158.5,87446,73.4
74635,135.8,87419,73.4
74650,144.8,87444,73.4
74681,168.8,87486,73.4
74681,162.0,87484,73.4
74709,182.4,87523,73.4
74698,164.6,87504,73.4
74722,181.0,87538,73.4
74742,193.0,87569,73.4
74614,62.4,87418,73.4
74698,140.5,87529,73.4
74680,117.6,87514,73.4
74666,99.5,87492,73.4
74669,98.4,87495,73.4
74687,111.7,87499,73.4
74682,102.4,87486,73.4
74719,133.9,87525,73.4
74709,118.9,87523,73.4
74693,98.8,87502,73.4
74720,120.8,87531,73.4
74668,66.0,87468,73.4
74703,97.0,87509,73.4
74701,91.2,87511,73.4
74728,113.5,87546,73.4
74691,73.4,87509,73.4
74673,53.2,87486,73.4
74761,135.5,87597,73.4
74753,122.4,87598,73.4
74696,62.8,87517,73.4
74673,38.2,87478,73.4
74680,43.4,87477,73.4
74635,-1.5,87415,73.4
74650,12.9,87434,73.4
74616,-20.2,87396,73.4
74658,20.9,87454,73.4
74594,-41.4,87379,73.4
74594,-39.7,87378,73.4
74635,1.2,87419,73.4
74623,-10.3,87407,73.4
74623,-9.9,87417,73.4
74616,-16.2,87414,73.4
74663,29.5,87473,73.4
74636,2.4,87449,73.4
74647,12.9,87456,73.4
74637,2.8,87444,73.4
74631,-3.1,87424,73.4
74617,-16.4,87401,73.4
74629,-4.2,87401,73.4
74657,22.8,87446,73.4
74631,-3.1,87414,73.4
74652,17.2,87438,73.4
74714,76.1,87516,73.4
74723,81.7,87535,73.4
74707,63.0,87522,73.4
74733,85.5,87552,73.4
74739,87.8,87565,73.4
74716,62.2,87540,73.4
74721,64.5,87562,73.4
74696,38.0,87527,73.4
74675,16.3,87492,73.4
74675,15.6,87487,73.4
74656,-3.2,87447,73.4
74686,25.7,87484,73.4
74691,29.5,87498,73.4
74645,-15.9,87438,73.4
74723,59.6,87527,73.4
74793,124.5,87618,73.4
74766,93.6,87588,73.4
74792,114.8,87617,73.4
74768,87.1,87592,73.4
74830,143.2,87666,73.4
74783,92.3,87617,73.4
74842,145.3,87688,73.4
74859,155.8,87723,73.4
74790,83.3,87625,73.4
74801,90.5,87632,73.4
74738,26.4,87550,73.4
74813,97.4,87634,73.4
74761,43.6,87589,73.4
74729,11.1,87536,73.4
74772,51.9,87591,73.4
74812,88.3,87641,73.4
74817,89.5,87648,73.4
74802,71.5,87638,73.4
74775,42.8,87602,73.4
74818,82.3,87651,73.4
74778,40.6,87622,73.4
74773,34.2,87614,73.4
74807,65.5,87657,73.4
74788,44.6,87629,73.4
74740,-3.2,87561,73.4
74706,-35.7,87520,73.4
74680,-59.3,87474,73.4
74664,-72.3,87448,73.4
74694,-40.6,87494,73.4
74649,-82.2,87433,73.4
74731,-0.1,87533,73.4
74695,-34.7,87497,73.4
74670,-57.3,87468,73.4
74659,-65.6,87457,73.4
74638,-83.1,87429,73.4
74583,-132.6,87364,73.4
74591,-119.6,87381,73.4
74555,-149.4,87336,73.4
74608,-92.5,87392,73.4
74526,-167.6,87294,73.4
74535,-152.2,87282,73.4
74515,-165.3,87258,73.4
74517,-156.8,87249,73.4
74529,-139.0,87270,73.4
74592,-73.0,87345,73.4
74709,42.3,87492,73.4
74759,88.6,87552,73.4
74722,49.5,87516,73.4
74724,49.5,87524,73.4
74714,37.9,87514,73.4
74739,60.4,87551,73.4
74720,39.7,87538,73.4
74719,37.2,87529,73.4
74827,139.4,87655,65.2
74809,116.5,87636,65.2
74812,114.7,87624,65.2
74772,71.7,87575,65.2
74815,110.2,87622,65.2
74800,91.3,87616,65.2
74719,9.9,87522,65.2
74833,119.0,87654,65.2
74863,143.0,87696,65.2
74818,94.1,87641,65.2
74837,108.6,87663,65.2
74826,93.7,87657,65.2
74865,127.4,87706,65.2
74897,153.0,87750,65.2
74841,93.1,87689,65.2
74833,81.7,87668,65.2
74867,111.1,87702,65.2
74834,74.9,87661,65.2
74808,47.0,87615,65.2
74834,70.1,87643,65.2
74828,61.5,87637,65.2
74831,61.9,87649,65.2
74795,24.9,87593,65.2
74885,110.3,87703,70.9
74820,43.5,87632,70.9
74788,11.0,87591,70.9
74842,62.4,87666,70.9
74840,58.0,87673,70.9
74826,42.2,87661,70.9
74793,8.9,87630,70.9
74834,47.9,87669,70.9
74843,54.6,87673,70.9
74842,51.5,87657,70.9
74811,19.6,87617,70.9
74832,39.0,87635,70.9
74842,47.1,87652,70.9
74850,52.9,87664,70.9
74808,10.4,87609,70.9
74901,99.3,87718,77.0
74860,55.9,87678,77.0
74863,56.6,87681,77.0
74846,38.0,87668,77.0
74847,37.4,87668,77.0
74902,88.7,87744,77.0
74854,39.1,87688,77.0
74857,40.4,87694,77.0
74890,70.5,87730,77.0
74862,40.8,87682,77.0
74843,20.9,87651,77.0
74846,23.0,87644,77.0
74861,36.4,87671,77.0
74851,25.4,87659,77.0
74815,-10.2,87616,77.0
74875,47.8,87682,77.0
74887,57.4,87704,77.0
74859,28.3,87668,77.0
74825,-5.5,87634,77.0
74822,-8.2,87633,77.0
74787,-41.5,87597,77.0
74801,-26.4,87612,77.0
74831,3.5,87654,77.0
74830,2.4,87652,77.0
74847,18.6,87661,77.0
74803,-24.4,87604,77.0
74748,-76.2,87524,77.0
74850,24.8,87635,77.0
74803,-21.3,87596,77.0
74764,-57.9,87548,77.0
74817,-4.7,87607,77.0
74863,39.6,87662,77.0
74882,56.3,87694,77.0
74828,2.2,87629,77.0
74863,35.7,87671,77.0
74843,15.1,87655,77.0
74857,27.9,87672,77.0
74886,54.6,87721,77.0
74835,3.5,87653,77.0
74883,49.4,87707,77.0
74904,67.6,87725,77.0
74936,95.6,87748,68.9
74955,110.0,87761,68.9
74877,30.8,87666,68.9
74853,6.5,87635,68.9
74931,81.1,87735,68.9
74887,35.6,87694,68.9
74824,-26.3,87626,68.9
74797,-51.1,87590,68.9
74801,-45.3,87596,68.9
74819,-26.2,87620,68.9
74866,20.0,87684,68.9
74825,-20.2,87643,68.9
74772,-70.2,87578,68.9
74802,-38.6,87607,68.9
74742,-94.7,87530,68.9
74769,-65.0,87546,68.9
74768,-63.3,87553,68.9
74658,-166.4,87402,68.9
74729,-91.6,87486,68.9
74674,-140.7,87432,68.9
74711,-99.6,87470,68.9
74750,-58.1,87525,68.9
74726,-78.9,87490,68.9
74712,-89.1,87481,68.9
74710,-87.5,87480,68.9
74732,-62.9,87510,68.9
74722,-70.0,87500,68.9
74717,-72.0,87505,68.9
74700,-85.4,87485,68.9
74702,-80.1,87467,68.9
74676,-101.8,87430,68.9
74641,-131.4,87370,68.9
74647,-120.3,87374,68.9
74616,-145.3,87340,68.9
74609,-146.2,87326,68.9
74580,-168.2,87289,68.9
74579,-162.4,87287,68.9
74591,-144.4,87303,68.9
74604,-126.1,87310,68.9
74591,-133.6,87306,68.9
74534,-183.0,87236,68.9
74565,-145.9,87273,68.9
74594,-112.2,87317,68.9
74598,-103.9,87326,68.9
74553,-142.9,87269,68.9
74555,-135.3,87257,68.9
74584,-102.0,87284,68.9
74523,-156.5,87207,68.9
74595,-81.1,87297,68.9
74566,-105.7,87266,68.9
74531,-135.1,87218,68.9
74575,-87.4,87274,68.9
74610,-50.4,87318,68.9
74565,-91.5,87268,68.9
74566,-86.9,87266,68.9
74576,-73.8,87278,68.9
74576,-70.9,87290,68.9
74563,-80.5,87274,68.9
74566,-74.4,87281,68.9
74524,-111.8,87228,68.9
74447,-181.2,87121,68.9
74452,-169.2,87110,68.9
74461,-153.8,87124,68.9
74379,-226.3,87010,68.9
74375,-221.1,87004,68.9
74326,-259.3,86942,68.9
74313,-261.4,86912,68.9
74314,-250.0,86918,68.9
74292,-261.1,86886,68.9
74283,-259.3,86872,68.9
74261,-270.1,86842,68.9
74152,-363.9,86702,68.9
74178,-324.4,86725,68.9
74208,-282.6,86775,68.9
74158,-319.3,86703,68.9
74164,-300.8,86703,68.9
74078,-371.3,86581,68.9
74098,-337.3,86584,68.9
74059,-361.2,86528,68.9
74070,-336.2,86540,68.9
74127,-268.0,86617,68.9
74115,-268.8,86605,68.9
74134,-239.8,86631,68.9
74187,-179.4,86694,68.9
74214,-146.3,86736,68.9
74217,-137.5,86743,68.9
74185,-162.8,86711,68.9
74227,-115.9,86763,68.9
74287,-53.7,86847,68.9
74207,-128.3,86752,68.9
74240,-91.5,86790,68.9
74251,-77.3,86790,68.9
74245,-80.0,86772,68.9
74185,-134.4,86682,68.9
74179,-134.8,86668,68.9
74215,-94.8,86716,68.9
74136,-166.9,86611,68.9
74205,-93.9,86693,68.9
74261,-36.4,86775,68.9
74241,-54.2,86749,68.9
74246,-47.2,86751,68.9
74221,-69.3,86729,68.9
74288,-2.2,86810,68.9
74277,-12.7,86809,68.9
74231,-56.3,86750,68.9
74255,-31.0,86780,68.9
74200,-82.6,86703,68.9
74172,-106.2,86657,68.9
74148,-125.0,86613,68.9
74091,-174.7,86518,68.9
74118,-141.8,86553,68.9
74115,-139.0,86549,68.9
74062,-184.3,86476,68.9
74054,-184.6,86464,68.9
73922,-304.0,86282,68.9
73843,-367.6,86147,68.9
73709,-481.6,85957,68.9
73525,-638.9,85668,68.9
73487,-649.9,85606,68.9
73294,-809.2,85327,68.9
73142,-922.7,85086,68.9
72902,-1116.2,84721,68.9
72606,-1355.7,84213,68.9
72683,-1227.6,84281,68.9
72248,-1596.1,83604,68.9
71396,-2350.1,82229,68.9
68517,-5020.0,77909,68.9
65280,-7926.7,73237,68.9
64076,-8765.5,71327,68.9
63390,-9073.4,70182,68.9
62959,-9124.2,69613,68.9
62460,-9238.3,69374,68.9
62453,-8875.5,69497,68.9
92166,20004.0,88205,68.9
95709,22605.1,83957,68.9
67253,-5616.8,55824,68.9
54837,-17311.5,45660,68.9
30328,-40147.7,25514,68.9
10304,-57764.8,8732,68.9
4249,-61267.0,3556,68.9
2715,-60289.0,2270,68.9
1888,-58671.4,1556,68.9
1381,-56811.2,1049,68.9
1273,-54642.5,907,68.9
1288,-52442.4,892,68.9
1344,-50290.9,919,68.9
1391,-48234.1,953,68.9
1377,-46318.2,956,68.9
1297,-44542.3,918,68.9
1194,-42859.5,875,68.9
1146,-41191.2,857,68.9
1131,-39557.9,845,68.9
1130,-37976.6,836,68.9
1133,-36454.6,833,68.9
1130,-34999.3,831,68.9
1129,-33600.3,833,68.9
1130,-32255.3,838,68.9
1128,-30967.0,847,68.9
1131,-29725.5,855,68.9
1136,-28531.7,864,68.9
1133,-27393.3,871,68.9
1131,-26299.5,873,68.9
1133,-25245.6,869,68.9
1132,-24236.7,864,68.9
1128,-23271.1,860,68.9
1130,-22338.3,859,68.9
1131,-21443.8,857,68.9
1130,-20587.0,857,68.9
1128,-19765.5,859,68.9
1127,-18975.8,865,68.9
1133,-18211.0,865,68.9
1129,-17486.4,871,68.9
1130,-16786.0,873,68.9
1132,-16112.6,870,68.9
1133,-15467.2,867,68.9
1130,-14851.4,864,68.9
1133,-14254.4,865,68.9
1135,-13682.3,865,68.9
1133,-13137.0,867,68.9
1133,-12611.5,869,68.9
1131,-12108.9,872,68.9
1134,-11621.7,876,68.9
1133,-11157.8,879,68.9
1134,-10710.5,880,68.9
1135,-10281.1,879,68.9
1133,-9871.8,883,68.9
1135,-9475.0,882,68.9
1133,-9097.9,883,68.9
1134,-8733.1,883,68.9
1137,-8380.9,886,68.9
1135,-8047.5,886,68.9
1137,-7723.7,890,68.9
1134,-7417.7,892,68.9
1138,-7117.1,894,68.9
1136,-6834.3,895,68.9
1137,-6560.0,898,68.9
1135,-6299.5,903,68.9
1141,-6041.8,901,68.9
1139,-5802.0,905,68.9
1137,-5571.9,906,68.9
1138,-5348.0,903,68.9
1140,-5132.2,910,68.9
1139,-4927.9,908,68.9
1140,-4729.8,910,68.9
1139,-4541.6,914,68.9
1140,-4358.9,914,68.9
1138,-4186.5,917,68.9
1139,-4018.1,914,68.9
1140,-3856.4,915,68.9
1141,-3701.2,918,68.9
1138,-3556.0,918,68.9
1140,-3411.9,920,68.9
1141,-3274.4,922,68.9
1139,-3145.4,922,68.9
1140,-3018.6,919,68.9
1139,-2898.8,920,68.9
1140,-2781.9,922,68.9
1139,-2671.6,922,68.9
1141,-2562.8,925,68.9
1140,-2461.2,922,68.9
1142,-2360.9,924,68.9
1144,-2264.5,924,68.9
1142,-2175.9,922,68.9
1143,-2087.9,923,68.9
1139,-2008.2,921,68.9
1141,-1925.9,921,68.9
1141,-1848.9,924,68.9
1141,-1774.9,920,68.9
1138,-1706.8,924,68.9
1141,-1635.7,921,68.9
1144,-1567.4,920,68.9
1139,-1509.5,922,68.9
1139,-1449.1,921,68.9
1140,-1390.2,920,68.9
1141,-1333.6,920,68.9
1142,-1279.3,924,68.9
